epoch (ms);time (01:00);elapsed (s);pitch (deg);roll (deg);yaw (deg); heading (deg)
1.68198E+12;2023-04-20T10:37:17.859;0;-10.1;-79.876;0;0
1.68198E+12;2023-04-20T10:37:17.869;0.01;-10.142;-79.833;359.926;359.926
1.68198E+12;2023-04-20T10:37:17.879;0.02;-10.176;-79.798;359.859;359.859
1.68198E+12;2023-04-20T10:37:17.889;0.03;-10.214;-79.759;359.794;359.794
1.68198E+12;2023-04-20T10:37:17.899;0.04;-10.252;-79.719;359.732;359.732
1.68198E+12;2023-04-20T10:37:17.909;0.05;-10.291;-79.679;359.675;359.675
1.68198E+12;2023-04-20T10:37:17.919;0.06;-10.329;-79.64;359.622;359.622
1.68198E+12;2023-04-20T10:37:17.929;0.07;-10.369;-79.598;359.566;359.566
1.68198E+12;2023-04-20T10:37:17.939;0.08;-10.41;-79.555;359.512;359.512
1.68198E+12;2023-04-20T10:37:17.949;0.09;-10.451;-79.512;359.459;359.459
1.68198E+12;2023-04-20T10:37:17.959;0.1;-10.494;-79.467;359.412;359.412
1.68198E+12;2023-04-20T10:37:17.969;0.11;-10.538;-79.421;359.373;359.373
1.68198E+12;2023-04-20T10:37:17.979;0.12;-10.583;-79.374;359.334;359.334
1.68198E+12;2023-04-20T10:37:17.989;0.13;-10.628;-79.326;359.294;359.294
1.68198E+12;2023-04-20T10:37:17.999;0.14;-10.677;-79.275;359.251;359.251
1.68198E+12;2023-04-20T10:37:18.009;0.15;-10.727;-79.221;359.207;359.207
1.68198E+12;2023-04-20T10:37:18.019;0.16;-10.781;-79.165;359.16;359.16
1.68198E+12;2023-04-20T10:37:18.029;0.17;-10.835;-79.107;359.113;359.113
1.68198E+12;2023-04-20T10:37:18.039;0.18;-10.89;-79.048;359.065;359.065
1.68198E+12;2023-04-20T10:37:18.049;0.19;-10.947;-78.987;359.015;359.015
1.68198E+12;2023-04-20T10:37:18.059;0.2;-11.005;-78.925;358.965;358.965
1.68198E+12;2023-04-20T10:37:18.069;0.21;-11.066;-78.859;358.912;358.912
1.68198E+12;2023-04-20T10:37:18.079;0.22;-11.129;-78.793;358.857;358.857
1.68198E+12;2023-04-20T10:37:18.089;0.23;-11.193;-78.724;358.796;358.796
1.68198E+12;2023-04-20T10:37:18.099;0.24;-11.256;-78.656;358.729;358.729
1.68198E+12;2023-04-20T10:37:18.109;0.25;-11.316;-78.589;358.668;358.668
1.68198E+12;2023-04-20T10:37:18.119;0.26;-11.376;-78.524;358.619;358.619
1.68198E+12;2023-04-20T10:37:18.129;0.27;-11.434;-78.459;358.572;358.572
1.68198E+12;2023-04-20T10:37:18.139;0.28;-11.486;-78.399;358.519;358.519
1.68198E+12;2023-04-20T10:37:18.149;0.29;-11.537;-78.341;358.46;358.46
1.68198E+12;2023-04-20T10:37:18.159;0.3;-11.586;-78.283;358.396;358.396
1.68198E+12;2023-04-20T10:37:18.169;0.31;-11.637;-78.224;358.333;358.333
1.68198E+12;2023-04-20T10:37:18.179;0.32;-11.686;-78.167;358.265;358.265
1.68198E+12;2023-04-20T10:37:18.189;0.33;-11.733;-78.112;358.189;358.189
1.68198E+12;2023-04-20T10:37:18.199;0.34;-11.782;-78.054;358.099;358.099
1.68198E+12;2023-04-20T10:37:18.209;0.35;-11.833;-77.992;357.999;357.999
1.68198E+12;2023-04-20T10:37:18.219;0.36;-11.891;-77.923;357.891;357.891
1.68198E+12;2023-04-20T10:37:18.229;0.37;-11.951;-77.849;357.786;357.786
1.68198E+12;2023-04-20T10:37:18.239;0.38;-12.013;-77.773;357.684;357.684
1.68198E+12;2023-04-20T10:37:18.249;0.39;-12.079;-77.693;357.584;357.584
1.68198E+12;2023-04-20T10:37:18.259;0.4;-12.146;-77.615;357.48;357.48
1.68198E+12;2023-04-20T10:37:18.269;0.41;-12.218;-77.532;357.36;357.36
1.68198E+12;2023-04-20T10:37:18.279;0.42;-12.291;-77.444;357.234;357.234
1.68198E+12;2023-04-20T10:37:18.289;0.43;-12.361;-77.358;357.108;357.108
1.68198E+12;2023-04-20T10:37:18.299;0.44;-12.425;-77.277;356.98;356.98
1.68198E+12;2023-04-20T10:37:18.309;0.45;-12.486;-77.2;356.855;356.855
1.68198E+12;2023-04-20T10:37:18.319;0.46;-12.555;-77.116;356.722;356.722
1.68198E+12;2023-04-20T10:37:18.329;0.47;-12.629;-77.021;356.59;356.59
1.68198E+12;2023-04-20T10:37:18.339;0.48;-12.704;-76.924;356.482;356.482
1.68198E+12;2023-04-20T10:37:18.349;0.49;-12.779;-76.829;356.393;356.393
1.68198E+12;2023-04-20T10:37:18.359;0.5;-12.85;-76.739;356.331;356.331
1.68198E+12;2023-04-20T10:37:18.369;0.51;-12.914;-76.654;356.299;356.299
1.68198E+12;2023-04-20T10:37:18.379;0.52;-12.96;-76.587;356.281;356.281
1.68198E+12;2023-04-20T10:37:18.389;0.53;-12.994;-76.531;356.239;356.239
1.68198E+12;2023-04-20T10:37:18.399;0.54;-13.044;-76.456;356.158;356.158
1.68198E+12;2023-04-20T10:37:18.409;0.55;-13.113;-76.359;356.063;356.063
1.68198E+12;2023-04-20T10:37:18.419;0.56;-13.195;-76.248;355.971;355.971
1.68198E+12;2023-04-20T10:37:18.429;0.57;-13.278;-76.133;355.865;355.865
1.68198E+12;2023-04-20T10:37:18.439;0.58;-13.358;-76.015;355.746;355.746
1.68198E+12;2023-04-20T10:37:18.449;0.59;-13.444;-75.891;355.646;355.646
1.68198E+12;2023-04-20T10:37:18.459;0.6;-13.531;-75.766;355.563;355.563
1.68198E+12;2023-04-20T10:37:18.469;0.61;-13.614;-75.641;355.471;355.471
1.68198E+12;2023-04-20T10:37:18.479;0.62;-13.695;-75.517;355.378;355.378
1.68198E+12;2023-04-20T10:37:18.489;0.63;-13.778;-75.393;355.274;355.274
1.68198E+12;2023-04-20T10:37:18.499;0.64;-13.87;-75.26;355.151;355.151
1.68198E+12;2023-04-20T10:37:18.509;0.65;-13.977;-75.118;355.03;355.03
1.68198E+12;2023-04-20T10:37:18.519;0.66;-14.103;-74.96;354.929;354.929
1.68198E+12;2023-04-20T10:37:18.529;0.67;-14.244;-74.787;354.844;354.844
1.68198E+12;2023-04-20T10:37:18.539;0.68;-14.253;-74.708;354.917;354.917
1.68198E+12;2023-04-20T10:37:18.549;0.69;-14.264;-74.641;355.026;355.026
1.68198E+12;2023-04-20T10:37:18.559;0.7;-14.277;-74.587;355.176;355.176
1.68198E+12;2023-04-20T10:37:18.569;0.71;-14.431;-74.422;355.23;355.23
1.68198E+12;2023-04-20T10:37:18.579;0.72;-14.582;-74.261;355.337;355.337
1.68198E+12;2023-04-20T10:37:18.589;0.73;-14.732;-74.107;355.509;355.509
1.68198E+12;2023-04-20T10:37:18.599;0.74;-14.882;-73.956;355.73;355.73
1.68198E+12;2023-04-20T10:37:18.609;0.75;-15.028;-73.811;355.963;355.963
1.68198E+12;2023-04-20T10:37:18.619;0.76;-14.972;-73.855;356.379;356.379
1.68198E+12;2023-04-20T10:37:18.629;0.77;-15.006;-73.807;356.691;356.691
1.68198E+12;2023-04-20T10:37:18.639;0.78;-15.172;-73.64;356.839;356.839
1.68198E+12;2023-04-20T10:37:18.649;0.79;-15.356;-73.454;356.893;356.893
1.68198E+12;2023-04-20T10:37:18.659;0.8;-15.552;-73.257;356.854;356.854
1.68198E+12;2023-04-20T10:37:18.669;0.81;-15.768;-73.037;356.757;356.757
1.68198E+12;2023-04-20T10:37:18.679;0.82;-16.004;-72.794;356.628;356.628
1.68198E+12;2023-04-20T10:37:18.689;0.83;-16.264;-72.526;356.481;356.481
1.68198E+12;2023-04-20T10:37:18.699;0.84;-16.546;-72.233;356.32;356.32
1.68198E+12;2023-04-20T10:37:18.709;0.85;-16.841;-71.926;356.146;356.146
1.68198E+12;2023-04-20T10:37:18.719;0.86;-17.149;-71.598;355.956;355.956
1.68198E+12;2023-04-20T10:37:18.729;0.87;-17.477;-71.247;355.748;355.748
1.68198E+12;2023-04-20T10:37:18.739;0.88;-17.826;-70.871;355.509;355.509
1.68198E+12;2023-04-20T10:37:18.749;0.89;-18.192;-70.474;355.244;355.244
1.68198E+12;2023-04-20T10:37:18.759;0.9;-18.579;-70.051;354.961;354.961
1.68198E+12;2023-04-20T10:37:18.769;0.91;-19;-69.598;354.662;354.662
1.68198E+12;2023-04-20T10:37:18.779;0.92;-19.446;-69.126;354.357;354.357
1.68198E+12;2023-04-20T10:37:18.789;0.93;-19.926;-68.625;354.036;354.036
1.68198E+12;2023-04-20T10:37:18.799;0.94;-20.425;-68.111;353.697;353.697
1.68198E+12;2023-04-20T10:37:18.809;0.95;-20.926;-67.595;353.36;353.36
1.68198E+12;2023-04-20T10:37:18.819;0.96;-21.441;-67.069;353.036;353.036
1.68198E+12;2023-04-20T10:37:18.829;0.97;-21.961;-66.541;352.751;352.751
1.68198E+12;2023-04-20T10:37:18.839;0.98;-22.485;-66.009;352.519;352.519
1.68198E+12;2023-04-20T10:37:18.849;0.99;-23.026;-65.462;352.316;352.316
1.68198E+12;2023-04-20T10:37:18.859;1;-23.567;-64.923;352.119;352.119
1.68198E+12;2023-04-20T10:37:18.869;1.01;-24.117;-64.375;351.913;351.913
1.68198E+12;2023-04-20T10:37:18.879;1.02;-24.665;-63.83;351.692;351.692
1.68198E+12;2023-04-20T10:37:18.889;1.03;-71.366;-63.284;351.457;351.457
1.68198E+12;2023-04-20T10:37:18.899;1.04;-71.567;-62.758;351.232;351.232
1.68198E+12;2023-04-20T10:37:18.909;1.05;-71.757;-62.274;351.035;351.035
1.68198E+12;2023-04-20T10:37:18.919;1.06;-71.973;-61.827;350.856;350.856
1.68198E+12;2023-04-20T10:37:18.929;1.07;-72.201;-61.419;350.665;350.665
1.68198E+12;2023-04-20T10:37:18.939;1.08;-72.441;-61.012;350.424;350.424
1.68198E+12;2023-04-20T10:37:18.949;1.09;-72.691;-60.601;350.14;350.14
1.68198E+12;2023-04-20T10:37:18.959;1.1;-72.966;-60.194;349.855;349.855
1.68198E+12;2023-04-20T10:37:18.969;1.11;-73.329;-59.791;349.608;349.608
1.68198E+12;2023-04-20T10:37:18.979;1.12;-73.804;-59.412;349.427;349.427
1.68198E+12;2023-04-20T10:37:18.989;1.13;-74.394;-59.064;349.322;349.322
1.68198E+12;2023-04-20T10:37:18.999;1.14;-75.151;-58.758;349.336;349.336
1.68198E+12;2023-04-20T10:37:19.009;1.15;-76.177;-58.512;349.512;349.512
1.68198E+12;2023-04-20T10:37:19.019;1.16;-77.47;-58.362;349.883;349.883
1.68198E+12;2023-04-20T10:37:19.029;1.17;-78.956;-58.367;350.454;350.454
1.68198E+12;2023-04-20T10:37:19.039;1.18;-80.642;-58.535;351.284;351.284
1.68198E+12;2023-04-20T10:37:19.049;1.19;-82.483;-58.873;352.36;352.36
1.68198E+12;2023-04-20T10:37:19.059;1.2;-84.292;-59.377;353.547;353.547
1.68198E+12;2023-04-20T10:37:19.069;1.21;-86.04;-60.042;354.77;354.77
1.68198E+12;2023-04-20T10:37:19.079;1.22;-87.705;-60.791;355.922;355.922
1.68198E+12;2023-04-20T10:37:19.089;1.23;-89.427;-61.605;357.085;357.085
1.68198E+12;2023-04-20T10:37:19.099;1.24;-91.218;-62.456;358.404;358.404
1.68198E+12;2023-04-20T10:37:19.109;1.25;-92.947;-63.339;359.896;359.896
1.68198E+12;2023-04-20T10:37:19.119;1.26;-154.385;-64.293;1.524;1.524
1.68198E+12;2023-04-20T10:37:19.129;1.27;-155.469;-65.307;3.122;3.122
1.68198E+12;2023-04-20T10:37:19.139;1.28;-156.69;-66.451;4.655;4.655
1.68198E+12;2023-04-20T10:37:19.149;1.29;-158.07;-67.743;6.126;6.126
1.68198E+12;2023-04-20T10:37:19.159;1.3;-159.475;-69.053;7.471;7.471
1.68198E+12;2023-04-20T10:37:19.169;1.31;-160.847;-70.326;8.808;8.808
1.68198E+12;2023-04-20T10:37:19.179;1.32;-162.191;-71.565;10.215;10.215
1.68198E+12;2023-04-20T10:37:19.189;1.33;-163.533;-72.8;11.686;11.686
1.68198E+12;2023-04-20T10:37:19.199;1.34;-164.951;-74.106;13.262;13.262
1.68198E+12;2023-04-20T10:37:19.209;1.35;-166.434;-75.459;14.88;14.88
1.68198E+12;2023-04-20T10:37:19.219;1.36;-167.999;-76.865;16.521;16.521
1.68198E+12;2023-04-20T10:37:19.229;1.37;-169.577;-78.258;18.107;18.107
1.68198E+12;2023-04-20T10:37:19.239;1.38;-171.185;-79.642;19.674;19.674
1.68198E+12;2023-04-20T10:37:19.249;1.39;-172.806;-80.987;21.221;21.221
1.68198E+12;2023-04-20T10:37:19.259;1.4;-174.417;-82.239;22.722;22.722
1.68198E+12;2023-04-20T10:37:19.269;1.41;-176.039;-83.352;24.212;24.212
1.68198E+12;2023-04-20T10:37:19.279;1.42;-177.621;-84.193;25.671;25.671
1.68198E+12;2023-04-20T10:37:19.289;1.43;-179.198;-84.658;27.152;27.152
1.68198E+12;2023-04-20T10:37:19.299;1.44;179.259;-84.673;28.601;28.601
1.68198E+12;2023-04-20T10:37:19.309;1.45;177.789;-84.291;29.943;29.943
1.68198E+12;2023-04-20T10:37:19.319;1.46;176.365;-83.617;31.188;31.188
1.68198E+12;2023-04-20T10:37:19.329;1.47;175.029;-82.772;32.299;32.299
1.68198E+12;2023-04-20T10:37:19.339;1.48;173.751;-81.819;33.319;33.319
1.68198E+12;2023-04-20T10:37:19.349;1.49;172.543;-80.829;34.275;34.275
1.68198E+12;2023-04-20T10:37:19.359;1.5;171.414;-79.844;35.177;35.177
1.68198E+12;2023-04-20T10:37:19.369;1.51;170.332;-78.866;36.041;36.041
1.68198E+12;2023-04-20T10:37:19.379;1.52;169.332;-77.939;36.835;36.835
1.68198E+12;2023-04-20T10:37:19.389;1.53;168.406;-77.068;37.576;37.576
1.68198E+12;2023-04-20T10:37:19.399;1.54;167.57;-76.279;38.253;38.253
1.68198E+12;2023-04-20T10:37:19.409;1.55;166.829;-75.581;38.886;38.886
1.68198E+12;2023-04-20T10:37:19.419;1.56;166.155;-74.951;39.519;39.519
1.68198E+12;2023-04-20T10:37:19.429;1.57;165.526;-74.361;40.181;40.181
1.68198E+12;2023-04-20T10:37:19.439;1.58;164.86;-73.731;40.992;40.992
1.68198E+12;2023-04-20T10:37:19.449;1.59;164.091;-73.012;42.038;42.038
1.68198E+12;2023-04-20T10:37:19.459;1.6;163.175;-72.172;43.317;43.317
1.68198E+12;2023-04-20T10:37:19.469;1.61;162.103;-71.212;44.674;44.674
1.68198E+12;2023-04-20T10:37:19.479;1.62;161.005;-70.221;45.754;45.754
1.68198E+12;2023-04-20T10:37:19.489;1.63;160.008;-69.288;46.475;46.475
1.68198E+12;2023-04-20T10:37:19.499;1.64;159.337;-68.622;46.668;46.668
1.68198E+12;2023-04-20T10:37:19.509;1.65;159.054;-68.297;46.317;46.317
1.68198E+12;2023-04-20T10:37:19.519;1.66;159.015;-68.189;45.639;45.639
1.68198E+12;2023-04-20T10:37:19.529;1.67;159.076;-68.233;45.187;45.187
1.68198E+12;2023-04-20T10:37:19.539;1.68;159.218;-68.42;45.051;45.051
1.68198E+12;2023-04-20T10:37:19.549;1.69;159.472;-68.742;45.069;45.069
1.68198E+12;2023-04-20T10:37:19.559;1.7;159.843;-69.183;45.098;45.098
1.68198E+12;2023-04-20T10:37:19.569;1.71;160.378;-69.76;44.875;44.875
1.68198E+12;2023-04-20T10:37:19.579;1.72;161.278;-70.692;43.976;43.976
1.68198E+12;2023-04-20T10:37:19.589;1.73;162.49;-71.923;42.815;42.815
1.68198E+12;2023-04-20T10:37:19.599;1.74;163.35;-72.758;42.649;42.649
1.68198E+12;2023-04-20T10:37:19.609;1.75;163.438;-72.822;43.23;43.23
1.68198E+12;2023-04-20T10:37:19.619;1.76;163.205;-72.681;42.882;42.882
1.68198E+12;2023-04-20T10:37:19.629;1.77;163.31;-72.875;41.419;41.419
1.68198E+12;2023-04-20T10:37:19.639;1.78;163.886;-73.41;39.305;39.305
1.68198E+12;2023-04-20T10:37:19.649;1.79;164.734;-74.128;37.194;37.194
1.68198E+12;2023-04-20T10:37:19.659;1.8;165.6;-74.915;35.736;35.736
1.68198E+12;2023-04-20T10:37:19.669;1.81;166.346;-75.691;35.039;35.039
1.68198E+12;2023-04-20T10:37:19.679;1.82;166.984;-76.411;34.906;34.906
1.68198E+12;2023-04-20T10:37:19.689;1.83;167.64;-77.151;34.847;34.847
1.68198E+12;2023-04-20T10:37:19.699;1.84;168.34;-77.931;34.49;34.49
1.68198E+12;2023-04-20T10:37:19.709;1.85;169.062;-78.722;33.821;33.821
1.68198E+12;2023-04-20T10:37:19.719;1.86;169.827;-79.545;32.963;32.963
1.68198E+12;2023-04-20T10:37:19.729;1.87;170.623;-80.388;32.042;32.042
1.68198E+12;2023-04-20T10:37:19.739;1.88;171.475;-81.286;31.107;31.107
1.68198E+12;2023-04-20T10:37:19.749;1.89;172.358;-82.217;30.274;30.274
1.68198E+12;2023-04-20T10:37:19.759;1.9;173.241;-83.139;29.612;29.612
1.68198E+12;2023-04-20T10:37:19.769;1.91;174.13;-84.06;29.095;29.095
1.68198E+12;2023-04-20T10:37:19.779;1.92;174.986;-84.945;28.697;28.697
1.68198E+12;2023-04-20T10:37:19.789;1.93;175.822;-85.805;28.346;28.346
1.68198E+12;2023-04-20T10:37:19.799;1.94;176.63;-86.627;27.957;27.957
1.68198E+12;2023-04-20T10:37:19.809;1.95;2.577;-87.421;27.459;27.459
1.68198E+12;2023-04-20T10:37:19.819;1.96;1.757;-88.202;26.873;26.873
1.68198E+12;2023-04-20T10:37:19.829;1.97;0.928;-88.862;26.237;26.237
1.68198E+12;2023-04-20T10:37:19.839;1.98;0.094;-89.077;25.539;25.539
1.68198E+12;2023-04-20T10:37:19.849;1.99;-0.783;-88.601;24.78;24.78
1.68198E+12;2023-04-20T10:37:19.859;2;-1.682;-87.817;24.031;24.031
1.68198E+12;2023-04-20T10:37:19.869;2.01;-2.605;-86.921;23.327;23.327
1.68198E+12;2023-04-20T10:37:19.879;2.02;-3.515;-86.006;22.693;22.693
1.68198E+12;2023-04-20T10:37:19.889;2.03;-4.432;-85.072;22.129;22.129
1.68198E+12;2023-04-20T10:37:19.899;2.04;-5.354;-84.133;21.626;21.626
1.68198E+12;2023-04-20T10:37:19.909;2.05;-6.271;-83.199;21.146;21.146
1.68198E+12;2023-04-20T10:37:19.919;2.06;-7.207;-82.248;20.637;20.637
1.68198E+12;2023-04-20T10:37:19.929;2.07;-8.139;-81.301;20.076;20.076
1.68198E+12;2023-04-20T10:37:19.939;2.08;-9.091;-80.338;19.415;19.415
1.68198E+12;2023-04-20T10:37:19.949;2.09;-10.057;-79.366;18.644;18.644
1.68198E+12;2023-04-20T10:37:19.959;2.1;-11.026;-78.392;17.776;17.776
1.68198E+12;2023-04-20T10:37:19.969;2.11;-12.012;-77.398;16.829;16.829
1.68198E+12;2023-04-20T10:37:19.979;2.12;-12.981;-76.414;15.889;15.889
1.68198E+12;2023-04-20T10:37:19.989;2.13;-13.958;-75.417;14.985;14.985
1.68198E+12;2023-04-20T10:37:19.999;2.14;-14.925;-74.43;14.155;14.155
1.68198E+12;2023-04-20T10:37:20.009;2.15;-15.907;-73.435;13.372;13.372
1.68198E+12;2023-04-20T10:37:20.019;2.16;-16.888;-72.451;12.627;12.627
1.68198E+12;2023-04-20T10:37:20.029;2.17;-17.84;-71.506;11.906;11.906
1.68198E+12;2023-04-20T10:37:20.039;2.18;-18.775;-70.581;11.16;11.16
1.68198E+12;2023-04-20T10:37:20.049;2.19;-19.675;-69.688;10.379;10.379
1.68198E+12;2023-04-20T10:37:20.059;2.2;-20.564;-68.805;9.535;9.535
1.68198E+12;2023-04-20T10:37:20.069;2.21;-21.427;-67.945;8.667;8.667
1.68198E+12;2023-04-20T10:37:20.079;2.22;-22.264;-67.108;7.826;7.826
1.68198E+12;2023-04-20T10:37:20.089;2.23;-23.109;-66.264;6.994;6.994
1.68198E+12;2023-04-20T10:37:20.099;2.24;-23.941;-65.437;6.176;6.176
1.68198E+12;2023-04-20T10:37:20.109;2.25;-24.758;-64.632;5.375;5.375
1.68198E+12;2023-04-20T10:37:20.119;2.26;-25.519;-63.89;4.6;4.6
1.68198E+12;2023-04-20T10:37:20.129;2.27;-78.631;-63.247;3.842;3.842
1.68198E+12;2023-04-20T10:37:20.139;2.28;-79.179;-62.719;3.117;3.117
1.68198E+12;2023-04-20T10:37:20.149;2.29;-79.922;-62.32;2.479;2.479
1.68198E+12;2023-04-20T10:37:20.159;2.3;-81.007;-61.979;2.049;2.049
1.68198E+12;2023-04-20T10:37:20.169;2.31;-82.611;-61.65;2.04;2.04
1.68198E+12;2023-04-20T10:37:20.179;2.32;-84.579;-61.379;2.451;2.451
1.68198E+12;2023-04-20T10:37:20.189;2.33;-86.882;-61.258;3.243;3.243
1.68198E+12;2023-04-20T10:37:20.199;2.34;-89.282;-61.367;4.292;4.292
1.68198E+12;2023-04-20T10:37:20.209;2.35;-91.488;-61.724;5.489;5.489
1.68198E+12;2023-04-20T10:37:20.219;2.36;-93.247;-62.331;6.601;6.601
1.68198E+12;2023-04-20T10:37:20.229;2.37;-94.727;-63.147;7.435;7.435
1.68198E+12;2023-04-20T10:37:20.239;2.38;-154.284;-64.124;8.022;8.022
1.68198E+12;2023-04-20T10:37:20.249;2.39;-155.374;-65.162;8.551;8.551
1.68198E+12;2023-04-20T10:37:20.259;2.4;-156.467;-66.22;9.201;9.201
1.68198E+12;2023-04-20T10:37:20.269;2.41;-157.577;-67.284;10.01;10.01
1.68198E+12;2023-04-20T10:37:20.279;2.42;-158.709;-68.338;10.946;10.946
1.68198E+12;2023-04-20T10:37:20.289;2.43;-159.875;-69.388;11.797;11.797
1.68198E+12;2023-04-20T10:37:20.299;2.44;-161.051;-70.437;12.485;12.485
1.68198E+12;2023-04-20T10:37:20.309;2.45;-162.285;-71.531;13.353;13.353
1.68198E+12;2023-04-20T10:37:20.319;2.46;-163.56;-72.646;14.438;14.438
1.68198E+12;2023-04-20T10:37:20.329;2.47;-164.874;-73.777;15.626;15.626
1.68198E+12;2023-04-20T10:37:20.339;2.48;-166.293;-74.991;16.975;16.975
1.68198E+12;2023-04-20T10:37:20.349;2.49;-167.782;-76.261;18.393;18.393
1.68198E+12;2023-04-20T10:37:20.359;2.5;-169.357;-77.59;19.795;19.795
1.68198E+12;2023-04-20T10:37:20.369;2.51;-170.969;-78.925;21.057;21.057
1.68198E+12;2023-04-20T10:37:20.379;2.52;-172.544;-80.167;22.148;22.148
1.68198E+12;2023-04-20T10:37:20.389;2.53;-174.095;-81.271;23.122;23.122
1.68198E+12;2023-04-20T10:37:20.399;2.54;-175.592;-82.187;24.002;24.002
1.68198E+12;2023-04-20T10:37:20.409;2.55;-177.068;-82.897;24.891;24.891
1.68198E+12;2023-04-20T10:37:20.419;2.56;-178.5;-83.31;25.782;25.782
1.68198E+12;2023-04-20T10:37:20.429;2.57;-179.862;-83.381;26.651;26.651
1.68198E+12;2023-04-20T10:37:20.439;2.58;178.82;-83.141;27.518;27.518
1.68198E+12;2023-04-20T10:37:20.449;2.59;177.575;-82.662;28.368;28.368
1.68198E+12;2023-04-20T10:37:20.459;2.6;176.364;-82.002;29.188;29.188
1.68198E+12;2023-04-20T10:37:20.469;2.61;175.193;-81.212;29.925;29.925
1.68198E+12;2023-04-20T10:37:20.479;2.62;174.077;-80.351;30.575;30.575
1.68198E+12;2023-04-20T10:37:20.489;2.63;173.004;-79.454;31.179;31.179
1.68198E+12;2023-04-20T10:37:20.499;2.64;172.008;-78.574;31.735;31.735
1.68198E+12;2023-04-20T10:37:20.509;2.65;171.085;-77.72;32.216;32.216
1.68198E+12;2023-04-20T10:37:20.519;2.66;170.256;-76.923;32.607;32.607
1.68198E+12;2023-04-20T10:37:20.529;2.67;169.526;-76.217;32.982;32.982
1.68198E+12;2023-04-20T10:37:20.539;2.68;168.87;-75.59;33.386;33.386
1.68198E+12;2023-04-20T10:37:20.549;2.69;168.284;-75.024;33.78;33.78
1.68198E+12;2023-04-20T10:37:20.559;2.7;167.724;-74.481;34.199;34.199
1.68198E+12;2023-04-20T10:37:20.569;2.71;167.158;-73.93;34.746;34.746
1.68198E+12;2023-04-20T10:37:20.579;2.72;166.492;-73.313;35.587;35.587
1.68198E+12;2023-04-20T10:37:20.589;2.73;165.644;-72.62;36.816;36.816
1.68198E+12;2023-04-20T10:37:20.599;2.74;164.589;-71.878;38.41;38.41
1.68198E+12;2023-04-20T10:37:20.609;2.75;163.38;-71.07;40.16;40.16
1.68198E+12;2023-04-20T10:37:20.619;2.76;162.26;-70.271;41.653;41.653
1.68198E+12;2023-04-20T10:37:20.629;2.77;161.508;-69.693;42.425;42.425
1.68198E+12;2023-04-20T10:37:20.639;2.78;161.197;-69.522;42.547;42.547
1.68198E+12;2023-04-20T10:37:20.649;2.79;161.205;-69.637;42.544;42.544
1.68198E+12;2023-04-20T10:37:20.659;2.8;161.293;-69.828;42.817;42.817
1.68198E+12;2023-04-20T10:37:20.669;2.81;161.478;-70.122;43.164;43.164
1.68198E+12;2023-04-20T10:37:20.679;2.82;161.839;-70.583;43.34;43.34
1.68198E+12;2023-04-20T10:37:20.689;2.83;162.432;-71.253;43.141;43.141
1.68198E+12;2023-04-20T10:37:20.699;2.84;163.449;-72.318;42.171;42.171
1.68198E+12;2023-04-20T10:37:20.709;2.85;164.78;-73.603;40.964;40.964
1.68198E+12;2023-04-20T10:37:20.719;2.86;165.648;-74.319;40.772;40.772
1.68198E+12;2023-04-20T10:37:20.729;2.87;165.708;-74.289;41.069;41.069
1.68198E+12;2023-04-20T10:37:20.739;2.88;165.552;-74.263;40.434;40.434
1.68198E+12;2023-04-20T10:37:20.749;2.89;165.751;-74.597;39.132;39.132
1.68198E+12;2023-04-20T10:37:20.759;2.9;166.353;-75.137;37.265;37.265
1.68198E+12;2023-04-20T10:37:20.769;2.91;167.135;-75.764;35.482;35.482
1.68198E+12;2023-04-20T10:37:20.779;2.92;167.853;-76.479;34.375;34.375
1.68198E+12;2023-04-20T10:37:20.789;2.93;168.441;-77.193;33.818;33.818
1.68198E+12;2023-04-20T10:37:20.799;2.94;169;-77.866;33.686;33.686
1.68198E+12;2023-04-20T10:37:20.809;2.95;169.598;-78.545;33.677;33.677
1.68198E+12;2023-04-20T10:37:20.819;2.96;170.257;-79.283;33.436;33.436
1.68198E+12;2023-04-20T10:37:20.829;2.97;170.955;-80.037;32.838;32.838
1.68198E+12;2023-04-20T10:37:20.839;2.98;171.685;-80.815;32.07;32.07
1.68198E+12;2023-04-20T10:37:20.849;2.99;172.482;-81.673;31.246;31.246
1.68198E+12;2023-04-20T10:37:20.859;3;173.358;-82.597;30.38;30.38
1.68198E+12;2023-04-20T10:37:20.869;3.01;174.248;-83.494;29.568;29.568
1.68198E+12;2023-04-20T10:37:20.879;3.02;175.15;-84.377;28.761;28.761
1.68198E+12;2023-04-20T10:37:20.889;3.03;176.046;-85.231;27.9;27.9
1.68198E+12;2023-04-20T10:37:20.899;3.04;176.929;-86.048;26.962;26.962
1.68198E+12;2023-04-20T10:37:20.909;3.05;177.81;-86.823;25.961;25.961
1.68198E+12;2023-04-20T10:37:20.919;3.06;178.67;-87.523;24.985;24.985
1.68198E+12;2023-04-20T10:37:20.929;3.07;179.546;-88.111;24.041;24.041
1.68198E+12;2023-04-20T10:37:20.939;3.08;-179.561;-88.372;23.149;23.149
1.68198E+12;2023-04-20T10:37:20.949;3.09;-178.659;-88.121;22.324;22.324
1.68198E+12;2023-04-20T10:37:20.959;3.1;-177.73;-87.484;21.512;21.512
1.68198E+12;2023-04-20T10:37:20.969;3.11;-176.803;-86.689;20.68;20.68
1.68198E+12;2023-04-20T10:37:20.979;3.12;-175.866;-85.817;19.807;19.807
1.68198E+12;2023-04-20T10:37:20.989;3.13;-174.945;-84.929;18.941;18.941
1.68198E+12;2023-04-20T10:37:20.999;3.14;-174.04;-84.039;18.102;18.102
1.68198E+12;2023-04-20T10:37:21.009;3.15;-6.86;-83.139;17.288;17.288
1.68198E+12;2023-04-20T10:37:21.019;3.16;-7.748;-82.242;16.51;16.51
1.68198E+12;2023-04-20T10:37:21.029;3.17;-8.652;-81.324;15.723;15.723
1.68198E+12;2023-04-20T10:37:21.039;3.18;-9.567;-80.392;14.907;14.907
1.68198E+12;2023-04-20T10:37:21.049;3.19;-10.486;-79.452;14.056;14.056
1.68198E+12;2023-04-20T10:37:21.059;3.2;-11.435;-78.481;13.14;13.14
1.68198E+12;2023-04-20T10:37:21.069;3.21;-12.404;-77.492;12.184;12.184
1.68198E+12;2023-04-20T10:37:21.079;3.22;-13.383;-76.493;11.234;11.234
1.68198E+12;2023-04-20T10:37:21.089;3.23;-14.402;-75.459;10.299;10.299
1.68198E+12;2023-04-20T10:37:21.099;3.24;-15.435;-74.414;9.432;9.432
1.68198E+12;2023-04-20T10:37:21.109;3.25;-16.497;-73.345;8.652;8.652
1.68198E+12;2023-04-20T10:37:21.119;3.26;-17.547;-72.294;7.99;7.99
1.68198E+12;2023-04-20T10:37:21.129;3.27;-18.587;-71.256;7.411;7.411
1.68198E+12;2023-04-20T10:37:21.139;3.28;-19.578;-70.271;6.886;6.886
1.68198E+12;2023-04-20T10:37:21.149;3.29;-20.489;-69.365;6.396;6.396
1.68198E+12;2023-04-20T10:37:21.159;3.3;-21.35;-68.509;5.895;5.895
1.68198E+12;2023-04-20T10:37:21.169;3.31;-22.171;-67.691;5.355;5.355
1.68198E+12;2023-04-20T10:37:21.179;3.32;-23.002;-66.863;4.733;4.733
1.68198E+12;2023-04-20T10:37:21.189;3.33;-23.846;-66.019;4.01;4.01
1.68198E+12;2023-04-20T10:37:21.199;3.34;-24.694;-65.169;3.181;3.181
1.68198E+12;2023-04-20T10:37:21.209;3.35;-25.549;-64.312;2.242;2.242
1.68198E+12;2023-04-20T10:37:21.219;3.36;-26.349;-63.512;1.264;1.264
1.68198E+12;2023-04-20T10:37:21.229;3.37;-84.566;-62.794;0.282;0.282
1.68198E+12;2023-04-20T10:37:21.239;3.38;-84.967;-62.2;359.358;359.358
1.68198E+12;2023-04-20T10:37:21.249;3.39;-85.571;-61.714;358.611;358.611
1.68198E+12;2023-04-20T10:37:21.259;3.4;-86.528;-61.299;358.207;358.207
1.68198E+12;2023-04-20T10:37:21.269;3.41;-87.805;-60.97;358.122;358.122
1.68198E+12;2023-04-20T10:37:21.279;3.42;-89.406;-60.796;358.343;358.343
1.68198E+12;2023-04-20T10:37:21.289;3.43;-91.23;-60.818;358.8;358.8
1.68198E+12;2023-04-20T10:37:21.299;3.44;-93.135;-61.035;359.436;359.436
1.68198E+12;2023-04-20T10:37:21.309;3.45;-94.847;-61.496;0.212;0.212
1.68198E+12;2023-04-20T10:37:21.319;3.46;-96.474;-62.215;1.028;1.028
1.68198E+12;2023-04-20T10:37:21.329;3.47;-98.335;-63.147;1.791;1.791
1.68198E+12;2023-04-20T10:37:21.339;3.48;-154.556;-64.145;2.431;2.431
1.68198E+12;2023-04-20T10:37:21.349;3.49;-155.624;-65.145;3.152;3.152
1.68198E+12;2023-04-20T10:37:21.359;3.5;-156.674;-66.136;4.059;4.059
1.68198E+12;2023-04-20T10:37:21.369;3.51;-157.773;-67.15;5.2;5.2
1.68198E+12;2023-04-20T10:37:21.379;3.52;-158.967;-68.216;6.587;6.587
1.68198E+12;2023-04-20T10:37:21.389;3.53;-160.173;-69.279;7.932;7.932
1.68198E+12;2023-04-20T10:37:21.399;3.54;-161.398;-70.372;9.2;9.2
1.68198E+12;2023-04-20T10:37:21.409;3.55;-162.633;-71.475;10.441;10.441
1.68198E+12;2023-04-20T10:37:21.419;3.56;-163.872;-72.566;11.607;11.607
1.68198E+12;2023-04-20T10:37:21.429;3.57;-165.186;-73.706;12.782;12.782
1.68198E+12;2023-04-20T10:37:21.439;3.58;-166.573;-74.895;14.044;14.044
1.68198E+12;2023-04-20T10:37:21.449;3.59;-168.044;-76.144;15.409;15.409
1.68198E+12;2023-04-20T10:37:21.459;3.6;-169.546;-77.411;16.744;16.744
1.68198E+12;2023-04-20T10:37:21.469;3.61;-171.052;-78.648;17.95;17.95
1.68198E+12;2023-04-20T10:37:21.479;3.62;-172.588;-79.839;19.018;19.018
1.68198E+12;2023-04-20T10:37:21.489;3.63;-174.116;-80.926;19.891;19.891
1.68198E+12;2023-04-20T10:37:21.499;3.64;-175.67;-81.891;20.646;20.646
1.68198E+12;2023-04-20T10:37:21.509;3.65;-177.208;-82.635;21.334;21.334
1.68198E+12;2023-04-20T10:37:21.519;3.66;-178.697;-83.075;21.986;21.986
1.68198E+12;2023-04-20T10:37:21.529;3.67;179.849;-83.176;22.617;22.617
1.68198E+12;2023-04-20T10:37:21.539;3.68;178.481;-82.964;23.208;23.208
1.68198E+12;2023-04-20T10:37:21.549;3.69;177.177;-82.512;23.775;23.775
1.68198E+12;2023-04-20T10:37:21.559;3.7;175.968;-81.888;24.279;24.279
1.68198E+12;2023-04-20T10:37:21.569;3.71;174.866;-81.162;24.665;24.665
1.68198E+12;2023-04-20T10:37:21.579;3.72;173.836;-80.363;24.953;24.953
1.68198E+12;2023-04-20T10:37:21.589;3.73;172.895;-79.56;25.184;25.184
1.68198E+12;2023-04-20T10:37:21.599;3.74;172.02;-78.768;25.392;25.392
1.68198E+12;2023-04-20T10:37:21.609;3.75;171.234;-78.018;25.576;25.576
1.68198E+12;2023-04-20T10:37:21.619;3.76;170.539;-77.335;25.768;25.768
1.68198E+12;2023-04-20T10:37:21.629;3.77;169.911;-76.713;26.009;26.009
1.68198E+12;2023-04-20T10:37:21.639;3.78;169.339;-76.142;26.36;26.36
1.68198E+12;2023-04-20T10:37:21.649;3.79;168.78;-75.583;26.871;26.871
1.68198E+12;2023-04-20T10:37:21.659;3.8;168.202;-75.003;27.572;27.572
1.68198E+12;2023-04-20T10:37:21.669;3.81;167.554;-74.388;28.535;28.535
1.68198E+12;2023-04-20T10:37:21.679;3.82;166.754;-73.733;29.869;29.869
1.68198E+12;2023-04-20T10:37:21.689;3.83;165.78;-73.079;31.579;31.579
1.68198E+12;2023-04-20T10:37:21.699;3.84;164.631;-72.393;33.523;33.523
1.68198E+12;2023-04-20T10:37:21.709;3.85;163.434;-71.652;35.479;35.479
1.68198E+12;2023-04-20T10:37:21.719;3.86;162.412;-70.951;37.104;37.104
1.68198E+12;2023-04-20T10:37:21.729;3.87;161.725;-70.471;38.011;38.011
1.68198E+12;2023-04-20T10:37:21.739;3.88;161.435;-70.366;38.413;38.413
1.68198E+12;2023-04-20T10:37:21.749;3.89;161.448;-70.527;38.798;38.798
1.68198E+12;2023-04-20T10:37:21.759;3.9;161.571;-70.772;39.349;39.349
1.68198E+12;2023-04-20T10:37:21.769;3.91;161.806;-71.098;39.823;39.823
1.68198E+12;2023-04-20T10:37:21.779;3.92;162.235;-71.606;39.954;39.954
1.68198E+12;2023-04-20T10:37:21.789;3.93;162.958;-72.402;39.526;39.526
1.68198E+12;2023-04-20T10:37:21.799;3.94;163.895;-73.377;38.774;38.774
1.68198E+12;2023-04-20T10:37:21.809;3.95;164.622;-74.071;38.434;38.434
1.68198E+12;2023-04-20T10:37:21.819;3.96;164.892;-74.286;38.269;38.269
1.68198E+12;2023-04-20T10:37:21.829;3.97;164.953;-74.36;37.441;37.441
1.68198E+12;2023-04-20T10:37:21.839;3.98;165.154;-74.572;35.976;35.976
1.68198E+12;2023-04-20T10:37:21.849;3.99;165.607;-74.918;33.976;33.976
1.68198E+12;2023-04-20T10:37:21.859;4;166.244;-75.367;31.829;31.829
1.68198E+12;2023-04-20T10:37:21.869;4.01;166.925;-75.914;30.146;30.146
1.68198E+12;2023-04-20T10:37:21.879;4.02;167.573;-76.567;29.136;29.136
1.68198E+12;2023-04-20T10:37:21.889;4.03;168.157;-77.242;28.766;28.766
1.68198E+12;2023-04-20T10:37:21.899;4.04;168.743;-77.942;28.611;28.611
1.68198E+12;2023-04-20T10:37:21.909;4.05;169.386;-78.7;28.34;28.34
1.68198E+12;2023-04-20T10:37:21.919;4.06;170.092;-79.483;27.827;27.827
1.68198E+12;2023-04-20T10:37:21.929;4.07;170.857;-80.301;27.107;27.107
1.68198E+12;2023-04-20T10:37:21.939;4.08;171.645;-81.149;26.29;26.29
1.68198E+12;2023-04-20T10:37:21.949;4.09;172.467;-82.037;25.451;25.451
1.68198E+12;2023-04-20T10:37:21.959;4.1;173.299;-82.929;24.716;24.716
1.68198E+12;2023-04-20T10:37:21.969;4.11;174.133;-83.821;24.152;24.152
1.68198E+12;2023-04-20T10:37:21.979;4.12;174.992;-84.735;23.768;23.768
1.68198E+12;2023-04-20T10:37:21.989;4.13;175.843;-85.633;23.548;23.548
1.68198E+12;2023-04-20T10:37:21.999;4.14;176.694;-86.525;23.383;23.383
1.68198E+12;2023-04-20T10:37:22.009;4.15;177.538;-87.402;23.137;23.137
1.68198E+12;2023-04-20T10:37:22.019;4.16;178.361;-88.247;22.721;22.721
1.68198E+12;2023-04-20T10:37:22.029;4.17;179.187;-89.09;22.11;22.11
1.68198E+12;2023-04-20T10:37:22.039;4.18;179.994;-89.824;21.372;21.372
1.68198E+12;2023-04-20T10:37:22.049;4.19;-0.802;-89.194;20.557;20.557
1.68198E+12;2023-04-20T10:37:22.059;4.2;-1.604;-88.361;19.742;19.742
1.68198E+12;2023-04-20T10:37:22.069;4.21;-2.404;-87.525;18.978;18.978
1.68198E+12;2023-04-20T10:37:22.079;4.22;-3.226;-86.668;18.257;18.257
1.68198E+12;2023-04-20T10:37:22.089;4.23;-4.047;-85.819;17.61;17.61
1.68198E+12;2023-04-20T10:37:22.099;4.24;-4.874;-84.966;17.028;17.028
1.68198E+12;2023-04-20T10:37:22.109;4.25;-5.697;-84.117;16.494;16.494
1.68198E+12;2023-04-20T10:37:22.119;4.26;-6.514;-83.275;15.975;15.975
1.68198E+12;2023-04-20T10:37:22.129;4.27;-7.356;-82.408;15.438;15.438
1.68198E+12;2023-04-20T10:37:22.139;4.28;-8.206;-81.535;14.879;14.879
1.68198E+12;2023-04-20T10:37:22.149;4.29;-9.087;-80.635;14.265;14.265
1.68198E+12;2023-04-20T10:37:22.159;4.3;-9.992;-79.715;13.607;13.607
1.68198E+12;2023-04-20T10:37:22.169;4.31;-10.912;-78.784;12.948;12.948
1.68198E+12;2023-04-20T10:37:22.179;4.32;-11.875;-77.814;12.317;12.317
1.68198E+12;2023-04-20T10:37:22.189;4.33;-12.854;-76.83;11.784;11.784
1.68198E+12;2023-04-20T10:37:22.199;4.34;-13.859;-75.823;11.352;11.352
1.68198E+12;2023-04-20T10:37:22.209;4.35;-14.858;-74.828;11.021;11.021
1.68198E+12;2023-04-20T10:37:22.219;4.36;-15.812;-73.875;10.741;10.741
1.68198E+12;2023-04-20T10:37:22.229;4.37;-16.727;-72.95;10.418;10.418
1.68198E+12;2023-04-20T10:37:22.239;4.38;-17.6;-72.047;9.947;9.947
1.68198E+12;2023-04-20T10:37:22.249;4.39;-18.436;-71.168;9.292;9.292
1.68198E+12;2023-04-20T10:37:22.259;4.4;-19.267;-70.292;8.427;8.427
1.68198E+12;2023-04-20T10:37:22.269;4.41;-20.074;-69.442;7.374;7.374
1.68198E+12;2023-04-20T10:37:22.279;4.42;-20.859;-68.614;6.173;6.173
1.68198E+12;2023-04-20T10:37:22.289;4.43;-21.609;-67.821;5.011;5.011
1.68198E+12;2023-04-20T10:37:22.299;4.44;-22.353;-67.046;3.968;3.968
1.68198E+12;2023-04-20T10:37:22.309;4.45;-23.073;-66.313;3.04;3.04
1.68198E+12;2023-04-20T10:37:22.319;4.46;-23.754;-65.635;2.191;2.191
1.68198E+12;2023-04-20T10:37:22.329;4.47;-24.393;-65.019;1.389;1.389
1.68198E+12;2023-04-20T10:37:22.339;4.48;-24.944;-64.503;0.658;0.658
1.68198E+12;2023-04-20T10:37:22.349;4.49;-25.422;-64.071;0.018;0.018
1.68198E+12;2023-04-20T10:37:22.359;4.5;-25.881;-63.674;359.605;359.605
1.68198E+12;2023-04-20T10:37:22.369;4.51;-80.965;-63.294;359.511;359.511
1.68198E+12;2023-04-20T10:37:22.379;4.52;-82.408;-63.002;359.655;359.655
1.68198E+12;2023-04-20T10:37:22.389;4.53;-83.964;-62.888;0.027;0.027
1.68198E+12;2023-04-20T10:37:22.399;4.54;-85.734;-62.939;0.669;0.669
1.68198E+12;2023-04-20T10:37:22.409;4.55;-87.819;-63.145;1.548;1.548
1.68198E+12;2023-04-20T10:37:22.419;4.56;-26.464;-63.535;2.61;2.61
1.68198E+12;2023-04-20T10:37:22.429;4.57;-154.121;-64.102;3.777;3.777
1.68198E+12;2023-04-20T10:37:22.439;4.58;-154.894;-64.819;4.971;4.971
1.68198E+12;2023-04-20T10:37:22.449;4.59;-155.818;-65.653;6.125;6.125
1.68198E+12;2023-04-20T10:37:22.459;4.6;-156.8;-66.533;7.276;7.276
1.68198E+12;2023-04-20T10:37:22.469;4.61;-157.789;-67.411;8.488;8.488
1.68198E+12;2023-04-20T10:37:22.479;4.62;-158.845;-68.332;9.832;9.832
1.68198E+12;2023-04-20T10:37:22.489;4.63;-159.99;-69.304;11.35;11.35
1.68198E+12;2023-04-20T10:37:22.499;4.64;-161.241;-70.342;12.908;12.908
1.68198E+12;2023-04-20T10:37:22.509;4.65;-162.513;-71.388;14.213;14.213
1.68198E+12;2023-04-20T10:37:22.519;4.66;-163.774;-72.414;15.376;15.376
1.68198E+12;2023-04-20T10:37:22.529;4.67;-165.056;-73.447;16.58;16.58
1.68198E+12;2023-04-20T10:37:22.539;4.68;-166.328;-74.458;17.716;17.716
1.68198E+12;2023-04-20T10:37:22.549;4.69;-167.657;-75.503;18.797;18.797
1.68198E+12;2023-04-20T10:37:22.559;4.7;-169.048;-76.586;19.88;19.88
1.68198E+12;2023-04-20T10:37:22.569;4.71;-170.465;-77.676;20.948;20.948
1.68198E+12;2023-04-20T10:37:22.579;4.72;-171.923;-78.763;21.935;21.935
1.68198E+12;2023-04-20T10:37:22.589;4.73;-173.379;-79.764;22.808;22.808
1.68198E+12;2023-04-20T10:37:22.599;4.74;-174.853;-80.653;23.619;23.619
1.68198E+12;2023-04-20T10:37:22.609;4.75;-176.298;-81.37;24.373;24.373
1.68198E+12;2023-04-20T10:37:22.619;4.76;-177.718;-81.872;25.164;25.164
1.68198E+12;2023-04-20T10:37:22.629;4.77;-179.116;-82.118;26;26
1.68198E+12;2023-04-20T10:37:22.639;4.78;179.552;-82.085;26.841;26.841
1.68198E+12;2023-04-20T10:37:22.649;4.79;178.261;-81.812;27.689;27.689
1.68198E+12;2023-04-20T10:37:22.659;4.8;177.027;-81.371;28.528;28.528
1.68198E+12;2023-04-20T10:37:22.669;4.81;175.87;-80.829;29.322;29.322
1.68198E+12;2023-04-20T10:37:22.679;4.82;174.767;-80.209;30.059;30.059
1.68198E+12;2023-04-20T10:37:22.689;4.83;173.731;-79.528;30.728;30.728
1.68198E+12;2023-04-20T10:37:22.699;4.84;172.774;-78.817;31.325;31.325
1.68198E+12;2023-04-20T10:37:22.709;4.85;171.868;-78.098;31.883;31.883
1.68198E+12;2023-04-20T10:37:22.719;4.86;171.032;-77.416;32.428;32.428
1.68198E+12;2023-04-20T10:37:22.729;4.87;170.264;-76.76;32.903;32.903
1.68198E+12;2023-04-20T10:37:22.739;4.88;169.588;-76.149;33.242;33.242
1.68198E+12;2023-04-20T10:37:22.749;4.89;168.989;-75.588;33.494;33.494
1.68198E+12;2023-04-20T10:37:22.759;4.9;168.46;-75.088;33.718;33.718
1.68198E+12;2023-04-20T10:37:22.769;4.91;167.974;-74.639;34.019;34.019
1.68198E+12;2023-04-20T10:37:22.779;4.92;167.481;-74.207;34.481;34.481
1.68198E+12;2023-04-20T10:37:22.789;4.93;166.959;-73.766;35.128;35.128
1.68198E+12;2023-04-20T10:37:22.799;4.94;166.342;-73.281;36.065;36.065
1.68198E+12;2023-04-20T10:37:22.809;4.95;165.589;-72.77;37.301;37.301
1.68198E+12;2023-04-20T10:37:22.819;4.96;164.711;-72.282;38.769;38.769
1.68198E+12;2023-04-20T10:37:22.829;4.97;163.737;-71.79;40.386;40.386
1.68198E+12;2023-04-20T10:37:22.839;4.98;162.815;-71.321;42.038;42.038
1.68198E+12;2023-04-20T10:37:22.849;4.99;162.139;-70.992;43.389;43.389
1.68198E+12;2023-04-20T10:37:22.859;5;161.789;-70.882;44.205;44.205
1.68198E+12;2023-04-20T10:37:22.869;5.01;161.716;-70.959;44.619;44.619
1.68198E+12;2023-04-20T10:37:22.879;5.02;161.841;-71.172;44.847;44.847
1.68198E+12;2023-04-20T10:37:22.889;5.03;162.11;-71.501;44.932;44.932
1.68198E+12;2023-04-20T10:37:22.899;5.04;162.559;-71.987;44.714;44.714
1.68198E+12;2023-04-20T10:37:22.909;5.05;163.211;-72.664;44.016;44.016
1.68198E+12;2023-04-20T10:37:22.919;5.06;164.148;-73.62;42.693;42.693
1.68198E+12;2023-04-20T10:37:22.929;5.07;165.303;-74.773;41.204;41.204
1.68198E+12;2023-04-20T10:37:22.939;5.08;166.163;-75.545;40.464;40.464
1.68198E+12;2023-04-20T10:37:22.949;5.09;166.442;-75.701;40.129;40.129
1.68198E+12;2023-04-20T10:37:22.959;5.1;166.484;-75.74;39.073;39.073
1.68198E+12;2023-04-20T10:37:22.969;5.11;166.723;-76.027;37.376;37.376
1.68198E+12;2023-04-20T10:37:22.979;5.12;167.22;-76.46;35.1;35.1
1.68198E+12;2023-04-20T10:37:22.989;5.13;167.867;-76.927;32.565;32.565
1.68198E+12;2023-04-20T10:37:22.999;5.14;168.579;-77.452;30.386;30.386
1.68198E+12;2023-04-20T10:37:23.009;5.15;169.285;-78.045;28.756;28.756
1.68198E+12;2023-04-20T10:37:23.019;5.16;169.981;-78.68;27.779;27.779
1.68198E+12;2023-04-20T10:37:23.029;5.17;170.653;-79.35;27.29;27.29
1.68198E+12;2023-04-20T10:37:23.039;5.18;171.257;-80.035;26.94;26.94
1.68198E+12;2023-04-20T10:37:23.049;5.19;171.861;-80.755;26.468;26.468
1.68198E+12;2023-04-20T10:37:23.059;5.2;172.48;-81.486;25.92;25.92
1.68198E+12;2023-04-20T10:37:23.069;5.21;173.135;-82.267;25.42;25.42
1.68198E+12;2023-04-20T10:37:23.079;5.22;173.871;-83.128;24.985;24.985
1.68198E+12;2023-04-20T10:37:23.089;5.23;174.655;-84.006;24.662;24.662
1.68198E+12;2023-04-20T10:37:23.099;5.24;175.504;-84.925;24.45;24.45
1.68198E+12;2023-04-20T10:37:23.109;5.25;176.393;-85.862;24.293;24.293
1.68198E+12;2023-04-20T10:37:23.119;5.26;177.278;-86.77;24.142;24.142
1.68198E+12;2023-04-20T10:37:23.129;5.27;178.169;-87.654;23.885;23.885
1.68198E+12;2023-04-20T10:37:23.139;5.28;179.05;-88.436;23.377;23.377
1.68198E+12;2023-04-20T10:37:23.149;5.29;179.915;-88.954;22.616;22.616
1.68198E+12;2023-04-20T10:37:23.159;5.3;-179.189;-88.854;21.673;21.673
1.68198E+12;2023-04-20T10:37:23.169;5.31;-178.296;-88.21;20.664;20.664
1.68198E+12;2023-04-20T10:37:23.179;5.32;-177.401;-87.387;19.64;19.64
1.68198E+12;2023-04-20T10:37:23.189;5.33;-176.511;-86.511;18.677;18.677
1.68198E+12;2023-04-20T10:37:23.199;5.34;-4.364;-85.631;17.826;17.826
1.68198E+12;2023-04-20T10:37:23.209;5.35;-5.238;-84.743;17.067;17.067
1.68198E+12;2023-04-20T10:37:23.219;5.36;-6.086;-83.876;16.377;16.377
1.68198E+12;2023-04-20T10:37:23.229;5.37;-6.932;-83.006;15.705;15.705
1.68198E+12;2023-04-20T10:37:23.239;5.38;-7.783;-82.13;15.03;15.03
1.68198E+12;2023-04-20T10:37:23.249;5.39;-8.643;-81.244;14.349;14.349
1.68198E+12;2023-04-20T10:37:23.259;5.4;-9.543;-80.318;13.637;13.637
1.68198E+12;2023-04-20T10:37:23.269;5.41;-10.464;-79.375;12.915;12.915
1.68198E+12;2023-04-20T10:37:23.279;5.42;-11.424;-78.396;12.181;12.181
1.68198E+12;2023-04-20T10:37:23.289;5.43;-12.402;-77.406;11.49;11.49
1.68198E+12;2023-04-20T10:37:23.299;5.44;-13.377;-76.423;10.893;10.893
1.68198E+12;2023-04-20T10:37:23.309;5.45;-14.373;-75.425;10.382;10.382
1.68198E+12;2023-04-20T10:37:23.319;5.46;-15.379;-74.423;9.952;9.952
1.68198E+12;2023-04-20T10:37:23.329;5.47;-16.429;-73.381;9.566;9.566
1.68198E+12;2023-04-20T10:37:23.339;5.48;-17.501;-72.32;9.205;9.205
1.68198E+12;2023-04-20T10:37:23.349;5.49;-18.553;-71.279;8.839;8.839
1.68198E+12;2023-04-20T10:37:23.359;5.5;-19.589;-70.254;8.435;8.435
1.68198E+12;2023-04-20T10:37:23.369;5.51;-20.57;-69.282;7.977;7.977
1.68198E+12;2023-04-20T10:37:23.379;5.52;-21.513;-68.344;7.417;7.417
1.68198E+12;2023-04-20T10:37:23.389;5.53;-22.415;-67.444;6.732;6.732
1.68198E+12;2023-04-20T10:37:23.399;5.54;-23.277;-66.58;5.923;5.923
1.68198E+12;2023-04-20T10:37:23.409;5.55;-24.129;-65.723;4.985;4.985
1.68198E+12;2023-04-20T10:37:23.419;5.56;-24.94;-64.9;3.964;3.964
1.68198E+12;2023-04-20T10:37:23.429;5.57;-25.717;-64.106;2.912;2.912
1.68198E+12;2023-04-20T10:37:23.439;5.58;-83.317;-63.358;1.909;1.909
1.68198E+12;2023-04-20T10:37:23.449;5.59;-83.172;-62.682;0.995;0.995
1.68198E+12;2023-04-20T10:37:23.459;5.6;-83.15;-62.081;0.177;0.177
1.68198E+12;2023-04-20T10:37:23.469;5.61;-83.309;-61.569;359.493;359.493
1.68198E+12;2023-04-20T10:37:23.479;5.62;-83.727;-61.123;358.957;358.957
1.68198E+12;2023-04-20T10:37:23.489;5.63;-84.46;-60.766;358.585;358.585
1.68198E+12;2023-04-20T10:37:23.499;5.64;-85.567;-60.521;358.415;358.415
1.68198E+12;2023-04-20T10:37:23.509;5.65;-87.085;-60.367;358.506;358.506
1.68198E+12;2023-04-20T10:37:23.519;5.66;-88.905;-60.279;358.843;358.843
1.68198E+12;2023-04-20T10:37:23.529;5.67;-90.85;-60.31;359.408;359.408
1.68198E+12;2023-04-20T10:37:23.539;5.68;-92.796;-60.553;0.241;0.241
1.68198E+12;2023-04-20T10:37:23.549;5.69;-94.658;-61.088;1.345;1.345
1.68198E+12;2023-04-20T10:37:23.559;5.7;-96.812;-61.869;2.657;2.657
1.68198E+12;2023-04-20T10:37:23.569;5.71;-99.008;-62.712;3.861;3.861
1.68198E+12;2023-04-20T10:37:23.579;5.72;-154.06;-63.539;4.925;4.925
1.68198E+12;2023-04-20T10:37:23.589;5.73;-155.034;-64.368;5.932;5.932
1.68198E+12;2023-04-20T10:37:23.599;5.74;-156.068;-65.266;7.042;7.042
1.68198E+12;2023-04-20T10:37:23.609;5.75;-157.225;-66.263;8.347;8.347
1.68198E+12;2023-04-20T10:37:23.619;5.76;-158.461;-67.299;9.771;9.771
1.68198E+12;2023-04-20T10:37:23.629;5.77;-159.741;-68.351;11.118;11.118
1.68198E+12;2023-04-20T10:37:23.639;5.78;-160.961;-69.349;12.149;12.149
1.68198E+12;2023-04-20T10:37:23.649;5.79;-162.113;-70.313;13.019;13.019
1.68198E+12;2023-04-20T10:37:23.659;5.8;-163.266;-71.273;13.947;13.947
1.68198E+12;2023-04-20T10:37:23.669;5.81;-164.457;-72.238;14.92;14.92
1.68198E+12;2023-04-20T10:37:23.679;5.82;-165.719;-73.233;15.982;15.982
1.68198E+12;2023-04-20T10:37:23.689;5.83;-167.1;-74.312;17.198;17.198
1.68198E+12;2023-04-20T10:37:23.699;5.84;-168.554;-75.437;18.458;18.458
1.68198E+12;2023-04-20T10:37:23.709;5.85;-170.07;-76.59;19.619;19.619
1.68198E+12;2023-04-20T10:37:23.719;5.86;-171.584;-77.684;20.631;20.631
1.68198E+12;2023-04-20T10:37:23.729;5.87;-173.061;-78.652;21.474;21.474
1.68198E+12;2023-04-20T10:37:23.739;5.88;-174.532;-79.495;22.236;22.236
1.68198E+12;2023-04-20T10:37:23.749;5.89;-175.95;-80.165;22.981;22.981
1.68198E+12;2023-04-20T10:37:23.759;5.9;-177.342;-80.628;23.737;23.737
1.68198E+12;2023-04-20T10:37:23.769;5.91;-178.691;-80.851;24.496;24.496
1.68198E+12;2023-04-20T10:37:23.779;5.92;179.997;-80.847;25.252;25.252
1.68198E+12;2023-04-20T10:37:23.789;5.93;178.729;-80.654;25.967;25.967
1.68198E+12;2023-04-20T10:37:23.799;5.94;177.492;-80.298;26.607;26.607
1.68198E+12;2023-04-20T10:37:23.809;5.95;176.279;-79.783;27.154;27.154
1.68198E+12;2023-04-20T10:37:23.819;5.96;175.114;-79.137;27.603;27.603
1.68198E+12;2023-04-20T10:37:23.829;5.97;174.017;-78.414;27.966;27.966
1.68198E+12;2023-04-20T10:37:23.839;5.98;172.964;-77.64;28.288;28.288
1.68198E+12;2023-04-20T10:37:23.849;5.99;171.977;-76.86;28.588;28.588
1.68198E+12;2023-04-20T10:37:23.859;6;171.079;-76.1;28.875;28.875
1.68198E+12;2023-04-20T10:37:23.869;6.01;170.256;-75.356;29.165;29.165
1.68198E+12;2023-04-20T10:37:23.879;6.02;169.503;-74.65;29.506;29.506
1.68198E+12;2023-04-20T10:37:23.889;6.03;168.778;-73.961;30.026;30.026
1.68198E+12;2023-04-20T10:37:23.899;6.04;168.097;-73.317;30.691;30.691
1.68198E+12;2023-04-20T10:37:23.909;6.05;167.459;-72.73;31.481;31.481
1.68198E+12;2023-04-20T10:37:23.919;6.06;166.808;-72.189;32.51;32.51
1.68198E+12;2023-04-20T10:37:23.929;6.07;166.096;-71.735;33.822;33.822
1.68198E+12;2023-04-20T10:37:23.939;6.08;165.279;-71.397;35.285;35.285
1.68198E+12;2023-04-20T10:37:23.949;6.09;164.376;-71.138;36.779;36.779
1.68198E+12;2023-04-20T10:37:23.959;6.1;163.423;-70.841;38.363;38.363
1.68198E+12;2023-04-20T10:37:23.969;6.11;162.545;-70.549;40.023;40.023
1.68198E+12;2023-04-20T10:37:23.979;6.12;161.94;-70.418;41.249;41.249
1.68198E+12;2023-04-20T10:37:23.989;6.13;161.662;-70.508;41.997;41.997
1.68198E+12;2023-04-20T10:37:23.999;6.14;161.68;-70.773;42.634;42.634
1.68198E+12;2023-04-20T10:37:24.009;6.15;161.901;-71.145;43.165;43.165
1.68198E+12;2023-04-20T10:37:24.019;6.16;162.31;-71.663;43.427;43.427
1.68198E+12;2023-04-20T10:37:24.029;6.17;162.95;-72.388;43.198;43.198
1.68198E+12;2023-04-20T10:37:24.039;6.18;163.925;-73.425;42.229;42.229
1.68198E+12;2023-04-20T10:37:24.049;6.19;165.197;-74.705;40.717;40.717
1.68198E+12;2023-04-20T10:37:24.059;6.2;166.168;-75.535;39.669;39.669
1.68198E+12;2023-04-20T10:37:24.069;6.21;166.495;-75.623;38.865;38.865
1.68198E+12;2023-04-20T10:37:24.079;6.22;166.616;-75.71;37.171;37.171
1.68198E+12;2023-04-20T10:37:24.089;6.23;167.014;-76.155;34.833;34.833
1.68198E+12;2023-04-20T10:37:24.099;6.24;167.708;-76.762;32.023;32.023
1.68198E+12;2023-04-20T10:37:24.109;6.25;168.544;-77.366;29.101;29.101
1.68198E+12;2023-04-20T10:37:24.119;6.26;169.404;-77.973;26.647;26.647
1.68198E+12;2023-04-20T10:37:24.129;6.27;170.227;-78.591;24.81;24.81
1.68198E+12;2023-04-20T10:37:24.139;6.28;170.971;-79.163;23.535;23.535
1.68198E+12;2023-04-20T10:37:24.149;6.29;171.665;-79.723;22.519;22.519
1.68198E+12;2023-04-20T10:37:24.159;6.3;172.373;-80.355;21.541;21.541
1.68198E+12;2023-04-20T10:37:24.169;6.31;173.054;-81.039;20.697;20.697
1.68198E+12;2023-04-20T10:37:24.179;6.32;173.705;-81.804;20.031;20.031
1.68198E+12;2023-04-20T10:37:24.189;6.33;174.38;-82.667;19.551;19.551
1.68198E+12;2023-04-20T10:37:24.199;6.34;175.145;-83.627;19.209;19.209
1.68198E+12;2023-04-20T10:37:24.209;6.35;175.984;-84.615;18.976;18.976
1.68198E+12;2023-04-20T10:37:24.219;6.36;176.864;-85.571;18.85;18.85
1.68198E+12;2023-04-20T10:37:24.229;6.37;177.788;-86.475;18.806;18.806
1.68198E+12;2023-04-20T10:37:24.239;6.38;178.711;-87.253;18.843;18.843
1.68198E+12;2023-04-20T10:37:24.249;6.39;179.643;-87.842;18.88;18.88
1.68198E+12;2023-04-20T10:37:24.259;6.4;-179.429;-88.068;18.817;18.817
1.68198E+12;2023-04-20T10:37:24.269;6.41;-178.493;-87.818;18.558;18.558
1.68198E+12;2023-04-20T10:37:24.279;6.42;-177.508;-87.18;18.042;18.042
1.68198E+12;2023-04-20T10:37:24.289;6.43;-176.507;-86.357;17.381;17.381
1.68198E+12;2023-04-20T10:37:24.299;6.44;-175.512;-85.454;16.648;16.648
1.68198E+12;2023-04-20T10:37:24.309;6.45;-174.491;-84.474;15.839;15.839
1.68198E+12;2023-04-20T10:37:24.319;6.46;-173.456;-83.453;14.973;14.973
1.68198E+12;2023-04-20T10:37:24.329;6.47;-7.56;-82.439;14.087;14.087
1.68198E+12;2023-04-20T10:37:24.339;6.48;-8.567;-81.43;13.141;13.141
1.68198E+12;2023-04-20T10:37:24.349;6.49;-9.539;-80.453;12.108;12.108
1.68198E+12;2023-04-20T10:37:24.359;6.5;-10.511;-79.472;10.963;10.963
1.68198E+12;2023-04-20T10:37:24.369;6.51;-11.479;-78.491;9.792;9.792
1.68198E+12;2023-04-20T10:37:24.379;6.52;-12.431;-77.524;8.682;8.682
1.68198E+12;2023-04-20T10:37:24.389;6.53;-13.389;-76.551;7.648;7.648
1.68198E+12;2023-04-20T10:37:24.399;6.54;-14.326;-75.602;6.71;6.71
1.68198E+12;2023-04-20T10:37:24.409;6.55;-15.257;-74.661;5.836;5.836
1.68198E+12;2023-04-20T10:37:24.419;6.56;-16.169;-73.742;5.051;5.051
1.68198E+12;2023-04-20T10:37:24.429;6.57;-17.049;-72.854;4.392;4.392
1.68198E+12;2023-04-20T10:37:24.439;6.58;-17.922;-71.973;3.855;3.855
1.68198E+12;2023-04-20T10:37:24.449;6.59;-18.777;-71.111;3.435;3.435
1.68198E+12;2023-04-20T10:37:24.459;6.6;-19.649;-70.233;3.079;3.079
1.68198E+12;2023-04-20T10:37:24.469;6.61;-20.543;-69.337;2.717;2.717
1.68198E+12;2023-04-20T10:37:24.479;6.62;-21.434;-68.446;2.32;2.32
1.68198E+12;2023-04-20T10:37:24.489;6.63;-22.322;-67.559;1.88;1.88
1.68198E+12;2023-04-20T10:37:24.499;6.64;-23.19;-66.694;1.423;1.423
1.68198E+12;2023-04-20T10:37:24.509;6.65;-24.05;-65.838;0.945;0.945
1.68198E+12;2023-04-20T10:37:24.519;6.66;-24.895;-64.999;0.44;0.44
1.68198E+12;2023-04-20T10:37:24.529;6.67;-25.706;-64.191;359.893;359.893
1.68198E+12;2023-04-20T10:37:24.539;6.68;-85.193;-63.395;359.296;359.296
1.68198E+12;2023-04-20T10:37:24.549;6.69;-85.273;-62.634;358.66;358.66
1.68198E+12;2023-04-20T10:37:24.559;6.7;-85.333;-61.92;357.987;357.987
1.68198E+12;2023-04-20T10:37:24.569;6.71;-85.398;-61.296;357.336;357.336
1.68198E+12;2023-04-20T10:37:24.579;6.72;-85.548;-60.805;356.741;356.741
1.68198E+12;2023-04-20T10:37:24.589;6.73;-85.79;-60.44;356.154;356.154
1.68198E+12;2023-04-20T10:37:24.599;6.74;-86.108;-60.165;355.576;355.576
1.68198E+12;2023-04-20T10:37:24.609;6.75;-86.664;-59.947;355.013;355.013
1.68198E+12;2023-04-20T10:37:24.619;6.76;-87.639;-59.727;354.65;354.65
1.68198E+12;2023-04-20T10:37:24.629;6.77;-89.193;-59.457;354.722;354.722
1.68198E+12;2023-04-20T10:37:24.639;6.78;-90.944;-59.246;355.086;355.086
1.68198E+12;2023-04-20T10:37:24.649;6.79;-92.744;-59.275;355.791;355.791
1.68198E+12;2023-04-20T10:37:24.659;6.8;-94.703;-59.621;356.907;356.907
1.68198E+12;2023-04-20T10:37:24.669;6.81;-96.526;-60.284;358.195;358.195
1.68198E+12;2023-04-20T10:37:24.679;6.82;-98.19;-61.173;359.431;359.431
1.68198E+12;2023-04-20T10:37:24.689;6.83;-99.857;-62.192;0.577;0.577
1.68198E+12;2023-04-20T10:37:24.699;6.84;-101.395;-63.229;1.706;1.706
1.68198E+12;2023-04-20T10:37:24.709;6.85;-154.934;-64.236;2.995;2.995
1.68198E+12;2023-04-20T10:37:24.719;6.86;-156.07;-65.211;4.5;4.5
1.68198E+12;2023-04-20T10:37:24.729;6.87;-157.29;-66.218;6.221;6.221
1.68198E+12;2023-04-20T10:37:24.739;6.88;-158.645;-67.309;8.07;8.07
1.68198E+12;2023-04-20T10:37:24.749;6.89;-160.037;-68.43;9.806;9.806
1.68198E+12;2023-04-20T10:37:24.759;6.9;-161.408;-69.551;11.501;11.501
1.68198E+12;2023-04-20T10:37:24.769;6.91;-162.782;-70.679;13.219;13.219
1.68198E+12;2023-04-20T10:37:24.779;6.92;-164.14;-71.791;14.783;14.783
1.68198E+12;2023-04-20T10:37:24.789;6.93;-165.567;-72.974;16.275;16.275
1.68198E+12;2023-04-20T10:37:24.799;6.94;-167.045;-74.216;17.722;17.722
1.68198E+12;2023-04-20T10:37:24.809;6.95;-168.587;-75.499;19.116;19.116
1.68198E+12;2023-04-20T10:37:24.819;6.96;-170.16;-76.763;20.427;20.427
1.68198E+12;2023-04-20T10:37:24.829;6.97;-171.719;-77.949;21.547;21.547
1.68198E+12;2023-04-20T10:37:24.839;6.98;-173.281;-79.045;22.524;22.524
1.68198E+12;2023-04-20T10:37:24.849;6.99;-174.802;-79.972;23.406;23.406
1.68198E+12;2023-04-20T10:37:24.859;7;-176.309;-80.716;24.249;24.249
1.68198E+12;2023-04-20T10:37:24.869;7.01;-177.771;-81.234;25.087;25.087
1.68198E+12;2023-04-20T10:37:24.879;7.02;-179.147;-81.49;25.9;25.9
1.68198E+12;2023-04-20T10:37:24.889;7.03;179.538;-81.497;26.668;26.668
1.68198E+12;2023-04-20T10:37:24.899;7.04;178.305;-81.298;27.384;27.384
1.68198E+12;2023-04-20T10:37:24.909;7.05;177.115;-80.926;28.037;28.037
1.68198E+12;2023-04-20T10:37:24.919;7.06;175.983;-80.421;28.566;28.566
1.68198E+12;2023-04-20T10:37:24.929;7.07;174.915;-79.811;28.955;28.955
1.68198E+12;2023-04-20T10:37:24.939;7.08;173.925;-79.137;29.197;29.197
1.68198E+12;2023-04-20T10:37:24.949;7.09;172.973;-78.41;29.341;29.341
1.68198E+12;2023-04-20T10:37:24.959;7.1;172.085;-77.682;29.37;29.37
1.68198E+12;2023-04-20T10:37:24.969;7.11;171.274;-76.962;29.295;29.295
1.68198E+12;2023-04-20T10:37:24.979;7.12;170.567;-76.253;29.181;29.181
1.68198E+12;2023-04-20T10:37:24.989;7.13;169.922;-75.541;29.064;29.064
1.68198E+12;2023-04-20T10:37:24.999;7.14;169.327;-74.857;29.014;29.014
1.68198E+12;2023-04-20T10:37:25.009;7.15;168.771;-74.205;29.102;29.102
1.68198E+12;2023-04-20T10:37:25.019;7.16;168.23;-73.589;29.35;29.35
1.68198E+12;2023-04-20T10:37:25.029;7.17;167.697;-73.029;29.813;29.813
1.68198E+12;2023-04-20T10:37:25.039;7.18;167.101;-72.507;30.467;30.467
1.68198E+12;2023-04-20T10:37:25.049;7.19;166.415;-72.092;31.313;31.313
1.68198E+12;2023-04-20T10:37:25.059;7.2;165.63;-71.808;32.457;32.457
1.68198E+12;2023-04-20T10:37:25.069;7.21;164.74;-71.585;33.955;33.955
1.68198E+12;2023-04-20T10:37:25.079;7.22;163.877;-71.417;35.662;35.662
1.68198E+12;2023-04-20T10:37:25.089;7.23;163.236;-71.345;37.154;37.154
1.68198E+12;2023-04-20T10:37:25.099;7.24;162.881;-71.405;38.172;38.172
1.68198E+12;2023-04-20T10:37:25.109;7.25;162.794;-71.592;39.027;39.027
1.68198E+12;2023-04-20T10:37:25.119;7.26;162.956;-71.909;39.618;39.618
1.68198E+12;2023-04-20T10:37:25.129;7.27;163.374;-72.418;39.748;39.748
1.68198E+12;2023-04-20T10:37:25.139;7.28;164.048;-73.133;39.345;39.345
1.68198E+12;2023-04-20T10:37:25.149;7.29;165.024;-74.12;38.19;38.19
1.68198E+12;2023-04-20T10:37:25.159;7.3;166.302;-75.381;36.461;36.461
1.68198E+12;2023-04-20T10:37:25.169;7.31;167.495;-76.427;35.077;35.077
1.68198E+12;2023-04-20T10:37:25.179;7.32;167.972;-76.611;34.725;34.725
1.68198E+12;2023-04-20T10:37:25.189;7.33;167.947;-76.551;34.181;34.181
1.68198E+12;2023-04-20T10:37:25.199;7.34;168.126;-76.926;32.909;32.909
1.68198E+12;2023-04-20T10:37:25.209;7.35;168.641;-77.484;31.092;31.092
1.68198E+12;2023-04-20T10:37:25.219;7.36;169.33;-78.024;28.845;28.845
1.68198E+12;2023-04-20T10:37:25.229;7.37;170.084;-78.555;26.792;26.792
1.68198E+12;2023-04-20T10:37:25.239;7.38;170.837;-79.127;25.301;25.301
1.68198E+12;2023-04-20T10:37:25.249;7.39;171.504;-79.68;24.324;24.324
1.68198E+12;2023-04-20T10:37:25.259;7.4;172.113;-80.203;23.593;23.593
1.68198E+12;2023-04-20T10:37:25.269;7.41;172.739;-80.747;22.916;22.916
1.68198E+12;2023-04-20T10:37:25.279;7.42;173.376;-81.377;22.248;22.248
1.68198E+12;2023-04-20T10:37:25.289;7.43;173.984;-82.097;21.607;21.607
1.68198E+12;2023-04-20T10:37:25.299;7.44;174.579;-82.835;21.094;21.094
1.68198E+12;2023-04-20T10:37:25.309;7.45;175.285;-83.652;20.743;20.743
1.68198E+12;2023-04-20T10:37:25.319;7.46;176.106;-84.529;20.412;20.412
1.68198E+12;2023-04-20T10:37:25.329;7.47;176.952;-85.341;20.113;20.113
1.68198E+12;2023-04-20T10:37:25.339;7.48;177.799;-86.068;19.874;19.874
1.68198E+12;2023-04-20T10:37:25.349;7.49;178.624;-86.692;19.658;19.658
1.68198E+12;2023-04-20T10:37:25.359;7.5;179.424;-87.166;19.352;19.352
1.68198E+12;2023-04-20T10:37:25.369;7.51;-179.777;-87.429;18.844;18.844
1.68198E+12;2023-04-20T10:37:25.379;7.52;-178.965;-87.427;18.139;18.139
1.68198E+12;2023-04-20T10:37:25.389;7.53;-178.142;-87.176;17.322;17.322
1.68198E+12;2023-04-20T10:37:25.399;7.54;-177.308;-86.744;16.5;16.5
1.68198E+12;2023-04-20T10:37:25.409;7.55;-176.497;-86.184;15.782;15.782
1.68198E+12;2023-04-20T10:37:25.419;7.56;-175.685;-85.516;15.183;15.183
1.68198E+12;2023-04-20T10:37:25.429;7.57;-174.872;-84.778;14.669;14.669
1.68198E+12;2023-04-20T10:37:25.439;7.58;-174.074;-84.02;14.198;14.198
1.68198E+12;2023-04-20T10:37:25.449;7.59;-173.283;-83.253;13.739;13.739
1.68198E+12;2023-04-20T10:37:25.459;7.6;-172.514;-82.501;13.284;13.284
1.68198E+12;2023-04-20T10:37:25.469;7.61;-171.738;-81.734;12.812;12.812
1.68198E+12;2023-04-20T10:37:25.479;7.62;-170.964;-80.964;12.342;12.342
1.68198E+12;2023-04-20T10:37:25.489;7.63;-9.809;-80.19;11.878;11.878
1.68198E+12;2023-04-20T10:37:25.499;7.64;-10.587;-79.407;11.417;11.417
1.68198E+12;2023-04-20T10:37:25.509;7.65;-11.346;-78.642;10.953;10.953
1.68198E+12;2023-04-20T10:37:25.519;7.66;-12.103;-77.88;10.461;10.461
1.68198E+12;2023-04-20T10:37:25.529;7.67;-12.847;-77.13;9.953;9.953
1.68198E+12;2023-04-20T10:37:25.539;7.68;-13.583;-76.388;9.456;9.456
1.68198E+12;2023-04-20T10:37:25.549;7.69;-14.34;-75.627;8.966;8.966
1.68198E+12;2023-04-20T10:37:25.559;7.7;-15.108;-74.855;8.498;8.498
1.68198E+12;2023-04-20T10:37:25.569;7.71;-15.88;-74.08;8.056;8.056
1.68198E+12;2023-04-20T10:37:25.579;7.72;-16.674;-73.286;7.632;7.632
1.68198E+12;2023-04-20T10:37:25.589;7.73;-17.448;-72.512;7.242;7.242
1.68198E+12;2023-04-20T10:37:25.599;7.74;-18.203;-71.76;6.881;6.881
1.68198E+12;2023-04-20T10:37:25.609;7.75;-18.923;-71.042;6.538;6.538
1.68198E+12;2023-04-20T10:37:25.619;7.76;-19.634;-70.332;6.165;6.165
1.68198E+12;2023-04-20T10:37:25.629;7.77;-20.334;-69.634;5.732;5.732
1.68198E+12;2023-04-20T10:37:25.639;7.78;-21.022;-68.946;5.239;5.239
1.68198E+12;2023-04-20T10:37:25.649;7.79;-21.716;-68.251;4.672;4.672
1.68198E+12;2023-04-20T10:37:25.659;7.8;-22.383;-67.583;4.069;4.069
1.68198E+12;2023-04-20T10:37:25.669;7.81;-23.034;-66.931;3.435;3.435
1.68198E+12;2023-04-20T10:37:25.679;7.82;-23.66;-66.304;2.784;2.784
1.68198E+12;2023-04-20T10:37:25.689;7.83;-24.24;-65.726;2.104;2.104
1.68198E+12;2023-04-20T10:37:25.699;7.84;-24.769;-65.2;1.396;1.396
1.68198E+12;2023-04-20T10:37:25.709;7.85;-25.231;-64.743;0.728;0.728
1.68198E+12;2023-04-20T10:37:25.719;7.86;-25.646;-64.335;0.144;0.144
1.68198E+12;2023-04-20T10:37:25.729;7.87;-26.037;-63.953;359.686;359.686
1.68198E+12;2023-04-20T10:37:25.739;7.88;-26.407;-63.591;359.429;359.429
1.68198E+12;2023-04-20T10:37:25.749;7.89;-90.483;-63.27;359.374;359.374
1.68198E+12;2023-04-20T10:37:25.759;7.9;-91.577;-63.048;359.48;359.48
1.68198E+12;2023-04-20T10:37:25.769;7.91;-92.856;-62.936;359.762;359.762
1.68198E+12;2023-04-20T10:37:25.779;7.92;-94.488;-62.935;0.283;0.283
1.68198E+12;2023-04-20T10:37:25.789;7.93;-96.266;-63.064;1.044;1.044
1.68198E+12;2023-04-20T10:37:25.799;7.94;-98.028;-63.367;2.036;2.036
1.68198E+12;2023-04-20T10:37:25.809;7.95;-154.254;-63.855;3.139;3.139
1.68198E+12;2023-04-20T10:37:25.819;7.96;-155.041;-64.506;4.306;4.306
1.68198E+12;2023-04-20T10:37:25.829;7.97;-155.927;-65.244;5.501;5.501
1.68198E+12;2023-04-20T10:37:25.839;7.98;-156.857;-66.023;6.793;6.793
1.68198E+12;2023-04-20T10:37:25.849;7.99;-157.829;-66.831;8.294;8.294
1.68198E+12;2023-04-20T10:37:25.859;8;-158.867;-67.681;10;10
1.68198E+12;2023-04-20T10:37:25.869;8.01;-159.986;-68.587;11.834;11.834
1.68198E+12;2023-04-20T10:37:25.879;8.02;-161.199;-69.56;13.665;13.665
1.68198E+12;2023-04-20T10:37:25.889;8.03;-162.411;-70.539;15.185;15.185
1.68198E+12;2023-04-20T10:37:25.899;8.04;-163.637;-71.542;16.562;16.562
1.68198E+12;2023-04-20T10:37:25.909;8.05;-164.865;-72.553;17.937;17.937
1.68198E+12;2023-04-20T10:37:25.919;8.06;-166.08;-73.549;19.227;19.227
1.68198E+12;2023-04-20T10:37:25.929;8.07;-167.333;-74.581;20.445;20.445
1.68198E+12;2023-04-20T10:37:25.939;8.08;-168.619;-75.653;21.62;21.62
1.68198E+12;2023-04-20T10:37:25.949;8.09;-169.965;-76.755;22.802;22.802
1.68198E+12;2023-04-20T10:37:25.959;8.1;-171.335;-77.825;23.911;23.911
1.68198E+12;2023-04-20T10:37:25.969;8.11;-172.697;-78.812;24.885;24.885
1.68198E+12;2023-04-20T10:37:25.979;8.12;-174.07;-79.71;25.696;25.696
1.68198E+12;2023-04-20T10:37:25.989;8.13;-175.402;-80.491;26.355;26.355
1.68198E+12;2023-04-20T10:37:25.999;8.14;-176.723;-81.121;26.974;26.974
1.68198E+12;2023-04-20T10:37:26.009;8.15;-178.026;-81.535;27.589;27.589
1.68198E+12;2023-04-20T10:37:26.019;8.16;-179.286;-81.717;28.188;28.188
1.68198E+12;2023-04-20T10:37:26.029;8.17;179.483;-81.696;28.771;28.771
1.68198E+12;2023-04-20T10:37:26.039;8.18;178.319;-81.485;29.318;29.318
1.68198E+12;2023-04-20T10:37:26.049;8.19;177.188;-81.092;29.823;29.823
1.68198E+12;2023-04-20T10:37:26.059;8.2;176.105;-80.569;30.276;30.276
1.68198E+12;2023-04-20T10:37:26.069;8.21;175.107;-79.988;30.674;30.674
1.68198E+12;2023-04-20T10:37:26.079;8.22;174.186;-79.363;31.029;31.029
1.68198E+12;2023-04-20T10:37:26.089;8.23;173.355;-78.727;31.302;31.302
1.68198E+12;2023-04-20T10:37:26.099;8.24;172.586;-78.095;31.522;31.522
1.68198E+12;2023-04-20T10:37:26.109;8.25;171.897;-77.494;31.699;31.699
1.68198E+12;2023-04-20T10:37:26.119;8.26;171.283;-76.933;31.834;31.834
1.68198E+12;2023-04-20T10:37:26.129;8.27;170.717;-76.394;31.958;31.958
1.68198E+12;2023-04-20T10:37:26.139;8.28;170.2;-75.888;32.136;32.136
1.68198E+12;2023-04-20T10:37:26.149;8.29;169.73;-75.421;32.386;32.386
1.68198E+12;2023-04-20T10:37:26.159;8.3;169.28;-74.978;32.718;32.718
1.68198E+12;2023-04-20T10:37:26.169;8.31;168.831;-74.579;33.119;33.119
1.68198E+12;2023-04-20T10:37:26.179;8.32;168.331;-74.235;33.659;33.659
1.68198E+12;2023-04-20T10:37:26.189;8.33;167.745;-73.929;34.402;34.402
1.68198E+12;2023-04-20T10:37:26.199;8.34;167.066;-73.622;35.364;35.364
1.68198E+12;2023-04-20T10:37:26.209;8.35;166.309;-73.298;36.535;36.535
1.68198E+12;2023-04-20T10:37:26.219;8.36;165.574;-72.991;37.929;37.929
1.68198E+12;2023-04-20T10:37:26.229;8.37;164.989;-72.757;39.363;39.363
1.68198E+12;2023-04-20T10:37:26.239;8.38;164.615;-72.65;40.59;40.59
1.68198E+12;2023-04-20T10:37:26.249;8.39;164.409;-72.638;41.674;41.674
1.68198E+12;2023-04-20T10:37:26.259;8.4;164.325;-72.708;42.709;42.709
1.68198E+12;2023-04-20T10:37:26.269;8.41;164.315;-72.861;43.721;43.721
1.68198E+12;2023-04-20T10:37:26.279;8.42;164.387;-73.111;44.701;44.701
1.68198E+12;2023-04-20T10:37:26.289;8.43;164.62;-73.501;45.411;45.411
1.68198E+12;2023-04-20T10:37:26.299;8.44;165.119;-74.121;45.659;45.659
1.68198E+12;2023-04-20T10:37:26.309;8.45;165.862;-74.91;45.517;45.517
1.68198E+12;2023-04-20T10:37:26.319;8.46;166.499;-75.487;45.63;45.63
1.68198E+12;2023-04-20T10:37:26.329;8.47;166.752;-75.654;46.303;46.303
