epoch (ms),time (01:00),elapsed (s),pitch (deg),roll (deg),yaw (deg), heading (deg)
1681469414992,2023-04-14T12:50:14.992,0.000,-178.207,-78.240,359.999,359.999
1681469415002,2023-04-14T12:50:15.002,0.010,-178.207,-78.240,359.999,359.999
1681469415012,2023-04-14T12:50:15.012,0.020,-178.201,-78.239,359.993,359.993
1681469415022,2023-04-14T12:50:15.022,0.030,-178.201,-78.239,359.993,359.993
1681469415032,2023-04-14T12:50:15.032,0.040,-178.201,-78.239,359.993,359.993
1681469415042,2023-04-14T12:50:15.042,0.050,-178.201,-78.239,359.993,359.993
1681469415052,2023-04-14T12:50:15.052,0.060,-178.201,-78.240,359.993,359.993
1681469415062,2023-04-14T12:50:15.062,0.070,-178.201,-78.240,359.993,359.993
1681469415072,2023-04-14T12:50:15.072,0.080,-178.201,-78.240,359.993,359.993
1681469415082,2023-04-14T12:50:15.082,0.090,-178.201,-78.240,359.992,359.992
1681469415092,2023-04-14T12:50:15.092,0.100,-178.200,-78.240,359.992,359.992
1681469415102,2023-04-14T12:50:15.102,0.110,-178.200,-78.240,359.991,359.991
1681469415112,2023-04-14T12:50:15.112,0.120,-178.200,-78.241,359.991,359.991
1681469415122,2023-04-14T12:50:15.122,0.130,-178.200,-78.241,359.991,359.991
1681469415132,2023-04-14T12:50:15.132,0.140,-178.199,-78.242,359.991,359.991
1681469415142,2023-04-14T12:50:15.142,0.150,-178.199,-78.243,359.990,359.990
1681469415152,2023-04-14T12:50:15.152,0.160,-178.199,-78.244,359.990,359.990
1681469415162,2023-04-14T12:50:15.162,0.170,-178.199,-78.245,359.990,359.990
1681469415172,2023-04-14T12:50:15.172,0.180,-178.199,-78.246,359.990,359.990
1681469415182,2023-04-14T12:50:15.182,0.190,-178.199,-78.247,359.990,359.990
1681469415192,2023-04-14T12:50:15.192,0.200,-178.199,-78.241,359.990,359.990
1681469415202,2023-04-14T12:50:15.202,0.210,-178.199,-78.236,359.990,359.990
1681469415212,2023-04-14T12:50:15.212,0.220,-178.199,-78.236,359.989,359.989
1681469415222,2023-04-14T12:50:15.222,0.230,-178.199,-78.237,359.989,359.989
1681469415232,2023-04-14T12:50:15.232,0.240,-178.198,-78.231,359.989,359.989
1681469415242,2023-04-14T12:50:15.242,0.250,-178.198,-78.225,359.988,359.988
1681469415252,2023-04-14T12:50:15.252,0.260,-178.198,-78.225,359.988,359.988
1681469415262,2023-04-14T12:50:15.262,0.270,-178.198,-78.225,359.987,359.987
1681469415272,2023-04-14T12:50:15.272,0.280,-178.197,-78.225,359.987,359.987
1681469415282,2023-04-14T12:50:15.282,0.290,-178.197,-78.226,359.987,359.987
1681469415292,2023-04-14T12:50:15.292,0.300,-178.197,-78.226,359.987,359.987
1681469415302,2023-04-14T12:50:15.302,0.310,-178.197,-78.226,359.987,359.987
1681469415312,2023-04-14T12:50:15.312,0.320,-178.198,-78.226,359.994,359.994
1681469415322,2023-04-14T12:50:15.322,0.330,-178.199,-78.226,0.002,0.002
1681469415332,2023-04-14T12:50:15.332,0.340,-178.200,-78.227,0.009,0.009
1681469415342,2023-04-14T12:50:15.342,0.350,-178.201,-78.227,0.017,0.017
1681469415352,2023-04-14T12:50:15.352,0.360,-178.202,-78.228,0.025,0.025
1681469415362,2023-04-14T12:50:15.362,0.370,-178.204,-78.228,0.033,0.033
1681469415372,2023-04-14T12:50:15.372,0.380,-178.205,-78.222,0.041,0.041
1681469415382,2023-04-14T12:50:15.382,0.390,-178.204,-78.223,0.041,0.041
1681469415392,2023-04-14T12:50:15.392,0.400,-178.204,-78.223,0.040,0.040
1681469415402,2023-04-14T12:50:15.402,0.410,-178.203,-78.218,0.039,0.039
1681469415412,2023-04-14T12:50:15.412,0.420,-178.202,-78.219,0.038,0.038
1681469415422,2023-04-14T12:50:15.422,0.430,-178.201,-78.213,0.036,0.036
1681469415432,2023-04-14T12:50:15.432,0.440,-178.201,-78.214,0.036,0.036
1681469415442,2023-04-14T12:50:15.442,0.450,-178.201,-78.215,0.035,0.035
1681469415452,2023-04-14T12:50:15.452,0.460,-178.200,-78.215,0.035,0.035
1681469415462,2023-04-14T12:50:15.462,0.470,-178.200,-78.216,0.034,0.034
1681469415472,2023-04-14T12:50:15.472,0.480,-178.199,-78.217,0.034,0.034
1681469415482,2023-04-14T12:50:15.482,0.490,-178.199,-78.217,0.033,0.033
1681469415492,2023-04-14T12:50:15.492,0.500,-178.198,-78.218,0.033,0.033
1681469415502,2023-04-14T12:50:15.502,0.510,-178.198,-78.218,0.032,0.032
1681469415512,2023-04-14T12:50:15.512,0.520,-178.198,-78.213,0.032,0.032
1681469415522,2023-04-14T12:50:15.522,0.530,-178.198,-78.213,0.032,0.032
1681469415532,2023-04-14T12:50:15.532,0.540,-178.197,-78.214,0.031,0.031
1681469415542,2023-04-14T12:50:15.542,0.550,-178.197,-78.214,0.031,0.031
1681469415552,2023-04-14T12:50:15.552,0.560,-178.198,-78.214,0.038,0.038
1681469415562,2023-04-14T12:50:15.562,0.570,-178.198,-78.214,0.038,0.038
1681469415572,2023-04-14T12:50:15.572,0.580,-178.198,-78.214,0.037,0.037
1681469415582,2023-04-14T12:50:15.582,0.590,-178.197,-78.214,0.037,0.037
1681469415592,2023-04-14T12:50:15.592,0.600,-178.197,-78.215,0.036,0.036
1681469415602,2023-04-14T12:50:15.602,0.610,-178.196,-78.215,0.035,0.035
1681469415612,2023-04-14T12:50:15.612,0.620,-178.195,-78.215,0.035,0.035
1681469415622,2023-04-14T12:50:15.622,0.630,-178.195,-78.216,0.034,0.034
1681469415632,2023-04-14T12:50:15.632,0.640,-178.194,-78.216,0.033,0.033
1681469415642,2023-04-14T12:50:15.642,0.650,-178.194,-78.217,0.033,0.033
1681469415652,2023-04-14T12:50:15.652,0.660,-178.194,-78.217,0.033,0.033
1681469415662,2023-04-14T12:50:15.662,0.670,-178.194,-78.217,0.033,0.033
1681469415672,2023-04-14T12:50:15.672,0.680,-178.194,-78.218,0.033,0.033
1681469415682,2023-04-14T12:50:15.682,0.690,-178.194,-78.218,0.033,0.033
1681469415692,2023-04-14T12:50:15.692,0.700,-178.194,-78.218,0.033,0.033
1681469415702,2023-04-14T12:50:15.702,0.710,-178.193,-78.219,0.032,0.032
1681469415712,2023-04-14T12:50:15.712,0.720,-178.193,-78.219,0.032,0.032
1681469415722,2023-04-14T12:50:15.722,0.730,-178.193,-78.219,0.032,0.032
1681469415732,2023-04-14T12:50:15.732,0.740,-178.193,-78.219,0.032,0.032
1681469415742,2023-04-14T12:50:15.742,0.750,-178.193,-78.220,0.032,0.032
1681469415752,2023-04-14T12:50:15.752,0.760,-178.193,-78.221,0.031,0.031
1681469415762,2023-04-14T12:50:15.762,0.770,-178.192,-78.221,0.031,0.031
1681469415772,2023-04-14T12:50:15.772,0.780,-178.192,-78.222,0.031,0.031
1681469415782,2023-04-14T12:50:15.782,0.790,-178.192,-78.222,0.031,0.031
1681469415792,2023-04-14T12:50:15.792,0.800,-178.192,-78.222,0.031,0.031
1681469415802,2023-04-14T12:50:15.802,0.810,-178.192,-78.223,0.030,0.030
1681469415812,2023-04-14T12:50:15.812,0.820,-178.191,-78.223,0.030,0.030
1681469415822,2023-04-14T12:50:15.822,0.830,-178.191,-78.224,0.029,0.029
1681469415832,2023-04-14T12:50:15.832,0.840,-178.191,-78.224,0.029,0.029
1681469415842,2023-04-14T12:50:15.842,0.850,-178.190,-78.224,0.029,0.029
1681469415852,2023-04-14T12:50:15.852,0.860,-178.189,-78.224,0.020,0.020
1681469415862,2023-04-14T12:50:15.862,0.870,-178.187,-78.225,0.011,0.011
1681469415872,2023-04-14T12:50:15.872,0.880,-178.186,-78.225,0.002,0.002
1681469415882,2023-04-14T12:50:15.882,0.890,-178.187,-78.226,0.003,0.003
1681469415892,2023-04-14T12:50:15.892,0.900,-178.187,-78.228,0.003,0.003
1681469415902,2023-04-14T12:50:15.902,0.910,-178.187,-78.229,0.004,0.004
1681469415912,2023-04-14T12:50:15.912,0.920,-178.187,-78.230,0.004,0.004
1681469415922,2023-04-14T12:50:15.922,0.930,-178.188,-78.230,0.004,0.004
1681469415932,2023-04-14T12:50:15.932,0.940,-178.188,-78.231,0.005,0.005
1681469415942,2023-04-14T12:50:15.942,0.950,-178.191,-78.232,0.015,0.015
1681469415952,2023-04-14T12:50:15.952,0.960,-178.194,-78.232,0.028,0.028
1681469415962,2023-04-14T12:50:15.962,0.970,-178.205,-78.234,0.051,0.051
1681469415972,2023-04-14T12:50:15.972,0.980,-178.218,-78.236,0.065,0.065
1681469415982,2023-04-14T12:50:15.982,0.990,-178.233,-78.238,0.072,0.072
1681469415992,2023-04-14T12:50:15.992,1.000,-178.244,-78.239,0.071,0.071
1681469416002,2023-04-14T12:50:16.002,1.010,-178.248,-78.248,0.058,0.058
1681469416012,2023-04-14T12:50:16.012,1.020,-178.246,-78.240,0.045,0.045
1681469416022,2023-04-14T12:50:16.022,1.030,-178.245,-78.240,0.035,0.035
1681469416032,2023-04-14T12:50:16.032,1.040,-178.245,-78.240,0.035,0.035
1681469416042,2023-04-14T12:50:16.042,1.050,-178.245,-78.240,0.035,0.035
1681469416052,2023-04-14T12:50:16.052,1.060,-178.248,-78.240,0.052,0.052
1681469416062,2023-04-14T12:50:16.062,1.070,-178.254,-78.240,0.088,0.088
1681469416072,2023-04-14T12:50:16.072,1.080,-178.267,-78.248,0.139,0.139
1681469416082,2023-04-14T12:50:16.082,1.090,-178.281,-78.260,0.190,0.190
1681469416092,2023-04-14T12:50:16.092,1.100,-178.296,-78.274,0.240,0.240
1681469416102,2023-04-14T12:50:16.102,1.110,-178.310,-78.289,0.296,0.296
1681469416112,2023-04-14T12:50:16.112,1.120,-178.325,-78.299,0.346,0.346
1681469416122,2023-04-14T12:50:16.122,1.130,-178.341,-78.308,0.377,0.377
1681469416132,2023-04-14T12:50:16.132,1.140,-178.355,-78.310,0.391,0.391
1681469416142,2023-04-14T12:50:16.142,1.150,-178.363,-78.311,0.392,0.392
1681469416152,2023-04-14T12:50:16.152,1.160,-178.370,-78.313,0.378,0.378
1681469416162,2023-04-14T12:50:16.162,1.170,-178.365,-78.326,0.345,0.345
1681469416172,2023-04-14T12:50:16.172,1.180,-178.360,-78.331,0.324,0.324
1681469416182,2023-04-14T12:50:16.182,1.190,-178.367,-78.333,0.331,0.331
1681469416192,2023-04-14T12:50:16.192,1.200,-178.378,-78.334,0.349,0.349
1681469416202,2023-04-14T12:50:16.202,1.210,-178.394,-78.336,0.384,0.384
1681469416212,2023-04-14T12:50:16.212,1.220,-178.413,-78.338,0.430,0.430
1681469416222,2023-04-14T12:50:16.222,1.230,-178.435,-78.340,0.484,0.484
1681469416232,2023-04-14T12:50:16.232,1.240,-178.461,-78.353,0.542,0.542
1681469416242,2023-04-14T12:50:16.242,1.250,-178.486,-78.362,0.595,0.595
1681469416252,2023-04-14T12:50:16.252,1.260,-178.509,-78.376,0.640,0.640
1681469416262,2023-04-14T12:50:16.262,1.270,-178.527,-78.391,0.676,0.676
1681469416272,2023-04-14T12:50:16.272,1.280,-178.544,-78.403,0.710,0.710
1681469416282,2023-04-14T12:50:16.282,1.290,-178.563,-78.418,0.755,0.755
1681469416292,2023-04-14T12:50:16.292,1.300,-178.584,-78.434,0.802,0.802
1681469416302,2023-04-14T12:50:16.302,1.310,-178.602,-78.436,0.841,0.841
1681469416312,2023-04-14T12:50:16.312,1.320,-178.620,-78.437,0.873,0.873
1681469416322,2023-04-14T12:50:16.322,1.330,-178.641,-78.438,0.895,0.895
1681469416332,2023-04-14T12:50:16.332,1.340,-178.664,-78.440,0.918,0.918
1681469416342,2023-04-14T12:50:16.342,1.350,-178.693,-78.443,0.957,0.957
1681469416352,2023-04-14T12:50:16.352,1.360,-178.726,-78.453,1.007,1.007
1681469416362,2023-04-14T12:50:16.362,1.370,-178.761,-78.457,1.068,1.068
1681469416372,2023-04-14T12:50:16.372,1.380,-178.800,-78.460,1.145,1.145
1681469416382,2023-04-14T12:50:16.382,1.390,-178.840,-78.464,1.233,1.233
1681469416392,2023-04-14T12:50:16.392,1.400,-178.882,-78.466,1.335,1.335
1681469416402,2023-04-14T12:50:16.402,1.410,-178.926,-78.468,1.460,1.460
1681469416412,2023-04-14T12:50:16.412,1.420,-178.972,-78.468,1.605,1.605
1681469416422,2023-04-14T12:50:16.422,1.430,-179.011,-78.457,1.744,1.744
1681469416432,2023-04-14T12:50:16.432,1.440,-179.063,-78.450,1.894,1.894
1681469416442,2023-04-14T12:50:16.442,1.450,-179.115,-78.444,2.024,2.024
1681469416452,2023-04-14T12:50:16.452,1.460,-179.171,-78.437,2.143,2.143
1681469416462,2023-04-14T12:50:16.462,1.470,-179.228,-78.426,2.256,2.256
1681469416472,2023-04-14T12:50:16.472,1.480,-179.289,-78.413,2.361,2.361
1681469416482,2023-04-14T12:50:16.482,1.490,-179.349,-78.402,2.443,2.443
1681469416492,2023-04-14T12:50:16.492,1.500,-179.404,-78.395,2.499,2.499
1681469416502,2023-04-14T12:50:16.502,1.510,-179.462,-78.387,2.558,2.558
1681469416512,2023-04-14T12:50:16.512,1.520,-179.518,-78.376,2.615,2.615
1681469416522,2023-04-14T12:50:16.522,1.530,-179.578,-78.362,2.691,2.691
1681469416532,2023-04-14T12:50:16.532,1.540,-179.639,-78.343,2.790,2.790
1681469416542,2023-04-14T12:50:16.542,1.550,-179.701,-78.324,2.907,2.907
1681469416552,2023-04-14T12:50:16.552,1.560,-179.766,-78.308,3.036,3.036
1681469416562,2023-04-14T12:50:16.562,1.570,-179.835,-78.299,3.174,3.174
1681469416572,2023-04-14T12:50:16.572,1.580,-179.912,-78.300,3.333,3.333
1681469416582,2023-04-14T12:50:16.582,1.590,-179.994,-78.315,3.506,3.506
1681469416592,2023-04-14T12:50:16.592,1.600,179.922,-78.354,3.673,3.673
1681469416602,2023-04-14T12:50:16.602,1.610,179.837,-78.422,3.832,3.832
1681469416612,2023-04-14T12:50:16.612,1.620,179.748,-78.512,3.984,3.984
1681469416622,2023-04-14T12:50:16.622,1.630,179.647,-78.613,4.149,4.149
1681469416632,2023-04-14T12:50:16.632,1.640,179.539,-78.728,4.323,4.323
1681469416642,2023-04-14T12:50:16.642,1.650,179.426,-78.859,4.496,4.496
1681469416652,2023-04-14T12:50:16.652,1.660,179.310,-78.991,4.681,4.681
1681469416662,2023-04-14T12:50:16.662,1.670,179.192,-79.112,4.880,4.880
1681469416672,2023-04-14T12:50:16.672,1.680,179.074,-79.224,5.102,5.102
1681469416682,2023-04-14T12:50:16.682,1.690,178.968,-79.305,5.349,5.349
1681469416692,2023-04-14T12:50:16.692,1.700,178.872,-79.321,5.633,5.633
1681469416702,2023-04-14T12:50:16.702,1.710,178.764,-79.359,5.973,5.973
1681469416712,2023-04-14T12:50:16.712,1.720,178.644,-79.397,6.391,6.391
1681469416722,2023-04-14T12:50:16.722,1.730,178.518,-79.441,6.793,6.793
1681469416732,2023-04-14T12:50:16.732,1.740,178.406,-79.531,6.986,6.986
1681469416742,2023-04-14T12:50:16.742,1.750,178.384,-79.408,6.867,6.867
1681469416752,2023-04-14T12:50:16.752,1.760,178.433,-78.880,7.039,7.039
1681469416762,2023-04-14T12:50:16.762,1.770,178.453,-78.777,7.449,7.449
1681469416772,2023-04-14T12:50:16.772,1.780,178.405,-79.055,8.005,8.005
1681469416782,2023-04-14T12:50:16.782,1.790,178.314,-79.550,8.585,8.585
1681469416792,2023-04-14T12:50:16.792,1.800,178.238,-80.018,9.079,9.079
1681469416802,2023-04-14T12:50:16.802,1.810,178.194,-80.161,9.603,9.603
1681469416812,2023-04-14T12:50:16.812,1.820,178.165,-80.389,9.986,9.986
1681469416822,2023-04-14T12:50:16.822,1.830,178.169,-80.783,10.156,10.156
1681469416832,2023-04-14T12:50:16.832,1.840,178.210,-81.250,10.148,10.148
1681469416842,2023-04-14T12:50:16.842,1.850,178.275,-81.782,10.049,10.049
1681469416852,2023-04-14T12:50:16.852,1.860,178.337,-82.340,9.988,9.988
1681469416862,2023-04-14T12:50:16.862,1.870,178.374,-82.913,10.022,10.022
1681469416872,2023-04-14T12:50:16.872,1.880,178.383,-83.517,10.144,10.144
1681469416882,2023-04-14T12:50:16.882,1.890,178.360,-84.133,10.368,10.368
1681469416892,2023-04-14T12:50:16.892,1.900,178.303,-84.787,10.672,10.672
1681469416902,2023-04-14T12:50:16.902,1.910,178.232,-85.476,10.944,10.944
1681469416912,2023-04-14T12:50:16.912,1.920,178.157,-86.162,11.100,11.100
1681469416922,2023-04-14T12:50:16.922,1.930,178.071,-86.824,11.120,11.120
1681469416932,2023-04-14T12:50:16.932,1.940,177.957,-87.383,11.029,11.029
1681469416942,2023-04-14T12:50:16.942,1.950,177.804,-87.687,10.869,10.869
1681469416952,2023-04-14T12:50:16.952,1.960,2.395,-87.595,10.666,10.666
1681469416962,2023-04-14T12:50:16.962,1.970,2.637,-87.121,10.444,10.444
1681469416972,2023-04-14T12:50:16.972,1.980,2.928,-86.402,10.212,10.212
1681469416982,2023-04-14T12:50:16.982,1.990,3.256,-85.587,9.994,9.994
1681469416992,2023-04-14T12:50:16.992,2.000,3.622,-84.731,9.807,9.807
1681469417002,2023-04-14T12:50:17.002,2.010,4.005,-83.887,9.663,9.663
1681469417012,2023-04-14T12:50:17.012,2.020,4.382,-83.079,9.558,9.558
1681469417022,2023-04-14T12:50:17.022,2.030,4.748,-82.282,9.458,9.458
1681469417032,2023-04-14T12:50:17.032,2.040,5.095,-81.530,9.330,9.330
1681469417042,2023-04-14T12:50:17.042,2.050,5.440,-80.823,9.115,9.115
1681469417052,2023-04-14T12:50:17.052,2.060,5.785,-80.169,8.766,8.766
1681469417062,2023-04-14T12:50:17.062,2.070,6.108,-79.583,8.309,8.309
1681469417072,2023-04-14T12:50:17.072,2.080,6.417,-79.060,7.793,7.793
1681469417082,2023-04-14T12:50:17.082,2.090,6.745,-78.567,7.230,7.230
1681469417092,2023-04-14T12:50:17.092,2.100,7.103,-78.058,6.625,6.625
1681469417102,2023-04-14T12:50:17.102,2.110,7.471,-77.553,6.016,6.016
1681469417112,2023-04-14T12:50:17.112,2.120,7.834,-77.065,5.437,5.437
1681469417122,2023-04-14T12:50:17.122,2.130,8.163,-76.646,4.859,4.859
1681469417132,2023-04-14T12:50:17.132,2.140,8.409,-76.363,4.281,4.281
1681469417142,2023-04-14T12:50:17.142,2.150,8.546,-76.243,3.765,3.765
1681469417152,2023-04-14T12:50:17.152,2.160,8.584,-76.291,3.341,3.341
1681469417162,2023-04-14T12:50:17.162,2.170,8.529,-76.544,2.981,2.981
1681469417172,2023-04-14T12:50:17.172,2.180,8.372,-77.035,2.660,2.660
1681469417182,2023-04-14T12:50:17.182,2.190,8.130,-77.685,2.433,2.433
1681469417192,2023-04-14T12:50:17.192,2.200,7.810,-78.451,2.327,2.327
1681469417202,2023-04-14T12:50:17.202,2.210,7.426,-79.300,2.322,2.322
1681469417212,2023-04-14T12:50:17.212,2.220,7.049,-80.142,2.349,2.349
1681469417222,2023-04-14T12:50:17.222,2.230,6.726,-80.938,2.294,2.294
1681469417232,2023-04-14T12:50:17.232,2.240,6.357,-81.587,2.490,2.490
1681469417242,2023-04-14T12:50:17.242,2.250,6.100,-81.801,3.326,3.326
1681469417252,2023-04-14T12:50:17.252,2.260,5.942,-81.751,4.183,4.183
1681469417262,2023-04-14T12:50:17.262,2.270,5.714,-81.878,4.399,4.399
1681469417272,2023-04-14T12:50:17.272,2.280,5.433,-82.313,4.099,4.099
1681469417282,2023-04-14T12:50:17.282,2.290,5.217,-82.923,3.418,3.418
1681469417292,2023-04-14T12:50:17.292,2.300,5.070,-83.630,2.449,2.449
1681469417302,2023-04-14T12:50:17.302,2.310,4.934,-84.297,1.413,1.413
1681469417312,2023-04-14T12:50:17.312,2.320,4.776,-84.808,0.432,0.432
1681469417322,2023-04-14T12:50:17.322,2.330,4.580,-85.211,359.561,359.561
1681469417332,2023-04-14T12:50:17.332,2.340,4.329,-85.595,358.918,358.918
1681469417342,2023-04-14T12:50:17.342,2.350,4.036,-85.958,358.629,358.629
1681469417352,2023-04-14T12:50:17.352,2.360,176.252,-86.235,358.621,358.621
1681469417362,2023-04-14T12:50:17.362,2.370,176.514,-86.394,358.742,358.742
1681469417372,2023-04-14T12:50:17.372,2.380,176.756,-86.405,358.846,358.846
1681469417382,2023-04-14T12:50:17.382,2.390,176.986,-86.238,358.843,358.843
1681469417392,2023-04-14T12:50:17.392,2.400,177.215,-85.906,358.667,358.667
1681469417402,2023-04-14T12:50:17.402,2.410,177.461,-85.458,358.300,358.300
1681469417412,2023-04-14T12:50:17.412,2.420,177.726,-84.951,357.817,357.817
1681469417422,2023-04-14T12:50:17.422,2.430,178.011,-84.379,357.304,357.304
1681469417432,2023-04-14T12:50:17.432,2.440,178.290,-83.768,356.873,356.873
1681469417442,2023-04-14T12:50:17.442,2.450,178.553,-83.139,356.551,356.551
1681469417452,2023-04-14T12:50:17.452,2.460,178.799,-82.511,356.331,356.331
1681469417462,2023-04-14T12:50:17.462,2.470,179.040,-81.883,356.151,356.151
1681469417472,2023-04-14T12:50:17.472,2.480,179.294,-81.215,355.940,355.940
1681469417482,2023-04-14T12:50:17.482,2.490,179.565,-80.519,355.644,355.644
1681469417492,2023-04-14T12:50:17.492,2.500,179.875,-79.788,355.225,355.225
1681469417502,2023-04-14T12:50:17.502,2.510,-179.745,-79.120,354.648,354.648
1681469417512,2023-04-14T12:50:17.512,2.520,-179.288,-78.654,353.939,353.939
1681469417522,2023-04-14T12:50:17.522,2.530,-178.770,-78.319,353.206,353.206
1681469417532,2023-04-14T12:50:17.532,2.540,-178.258,-77.978,352.607,352.607
1681469417542,2023-04-14T12:50:17.542,2.550,-177.793,-77.556,352.201,352.201
1681469417552,2023-04-14T12:50:17.552,2.560,-177.436,-77.058,352.064,352.064
1681469417562,2023-04-14T12:50:17.562,2.570,-177.214,-76.514,352.150,352.150
1681469417572,2023-04-14T12:50:17.572,2.580,-177.066,-76.105,352.267,352.267
1681469417582,2023-04-14T12:50:17.582,2.590,-176.913,-75.773,352.289,352.289
1681469417592,2023-04-14T12:50:17.592,2.600,-176.725,-75.347,352.247,352.247
1681469417602,2023-04-14T12:50:17.602,2.610,-176.519,-74.808,352.176,352.176
1681469417612,2023-04-14T12:50:17.612,2.620,-176.323,-74.234,352.110,352.110
1681469417622,2023-04-14T12:50:17.622,2.630,-176.136,-73.662,352.049,352.049
1681469417632,2023-04-14T12:50:17.632,2.640,-175.943,-73.131,351.921,351.921
1681469417642,2023-04-14T12:50:17.642,2.650,-175.726,-72.634,351.668,351.668
1681469417652,2023-04-14T12:50:17.652,2.660,-175.493,-72.176,351.319,351.319
1681469417662,2023-04-14T12:50:17.662,2.670,-175.254,-71.722,350.933,350.933
1681469417672,2023-04-14T12:50:17.672,2.680,-175.014,-71.226,350.542,350.542
1681469417682,2023-04-14T12:50:17.682,2.690,-174.787,-70.670,350.192,350.192
1681469417692,2023-04-14T12:50:17.692,2.700,-174.574,-70.046,349.894,349.894
1681469417702,2023-04-14T12:50:17.702,2.710,-174.389,-69.384,349.686,349.686
1681469417712,2023-04-14T12:50:17.712,2.720,-174.232,-68.726,349.575,349.575
1681469417722,2023-04-14T12:50:17.722,2.730,-174.089,-68.088,349.534,349.534
1681469417732,2023-04-14T12:50:17.732,2.740,-173.950,-67.505,349.530,349.530
1681469417742,2023-04-14T12:50:17.742,2.750,-173.815,-66.971,349.520,349.520
1681469417752,2023-04-14T12:50:17.752,2.760,-173.708,-66.430,349.585,349.585
1681469417762,2023-04-14T12:50:17.762,2.770,-173.646,-65.843,349.794,349.794
1681469417772,2023-04-14T12:50:17.772,2.780,-173.612,-65.209,350.098,350.098
1681469417782,2023-04-14T12:50:17.782,2.790,-173.587,-64.562,350.400,350.400
1681469417792,2023-04-14T12:50:17.792,2.800,-173.580,-63.894,350.695,350.695
1681469417802,2023-04-14T12:50:17.802,2.810,-165.684,-63.217,351.015,351.015
1681469417812,2023-04-14T12:50:17.812,2.820,-166.119,-62.553,351.332,351.332
1681469417822,2023-04-14T12:50:17.822,2.830,-166.561,-61.892,351.610,351.610
1681469417832,2023-04-14T12:50:17.832,2.840,-167.018,-61.256,351.892,351.892
1681469417842,2023-04-14T12:50:17.842,2.850,-167.530,-60.640,352.271,352.271
1681469417852,2023-04-14T12:50:17.852,2.860,-167.998,-60.064,352.631,352.631
1681469417862,2023-04-14T12:50:17.862,2.870,-168.315,-59.605,352.832,352.832
1681469417872,2023-04-14T12:50:17.872,2.880,-168.578,-59.304,353.000,353.000
1681469417882,2023-04-14T12:50:17.882,2.890,-168.920,-59.131,353.310,353.310
1681469417892,2023-04-14T12:50:17.892,2.900,-169.475,-59.001,353.900,353.900
1681469417902,2023-04-14T12:50:17.902,2.910,-170.303,-58.921,354.853,354.853
1681469417912,2023-04-14T12:50:17.912,2.920,-171.363,-59.078,356.203,356.203
1681469417922,2023-04-14T12:50:17.922,2.930,-172.280,-59.911,357.322,357.322
1681469417932,2023-04-14T12:50:17.932,2.940,-171.818,-60.294,356.285,356.285
1681469417942,2023-04-14T12:50:17.942,2.950,-173.325,-58.985,358.871,358.871
1681469417952,2023-04-14T12:50:17.952,2.960,-173.987,-59.020,0.189,0.189
1681469417962,2023-04-14T12:50:17.962,2.970,-174.851,-59.204,1.759,1.759
1681469417972,2023-04-14T12:50:17.972,2.980,-175.777,-59.314,3.505,3.505
1681469417982,2023-04-14T12:50:17.982,2.990,-176.672,-59.600,5.055,5.055
1681469417992,2023-04-14T12:50:17.992,3.000,-177.516,-60.029,6.426,6.426
1681469418002,2023-04-14T12:50:18.002,3.010,-178.053,-60.470,7.280,7.280
1681469418012,2023-04-14T12:50:18.012,3.020,-178.292,-60.929,7.690,7.690
1681469418022,2023-04-14T12:50:18.022,3.030,-178.408,-61.492,7.933,7.933
1681469418032,2023-04-14T12:50:18.032,3.040,-178.594,-62.096,8.290,8.290
1681469418042,2023-04-14T12:50:18.042,3.050,-178.897,-62.696,8.844,8.844
1681469418052,2023-04-14T12:50:18.052,3.060,-179.225,-63.350,9.465,9.465
1681469418062,2023-04-14T12:50:18.062,3.070,-179.770,-64.092,9.969,9.969
1681469418072,2023-04-14T12:50:18.072,3.080,-179.823,-64.934,10.240,10.240
1681469418082,2023-04-14T12:50:18.082,3.090,-179.770,-65.847,10.188,10.188
1681469418092,2023-04-14T12:50:18.092,3.100,-179.629,-66.838,9.881,9.881
1681469418102,2023-04-14T12:50:18.102,3.110,-179.463,-67.939,9.505,9.505
1681469418112,2023-04-14T12:50:18.112,3.120,-179.320,-69.123,9.171,9.171
1681469418122,2023-04-14T12:50:18.122,3.130,-179.214,-70.408,8.888,8.888
1681469418132,2023-04-14T12:50:18.132,3.140,-179.141,-71.783,8.601,8.601
1681469418142,2023-04-14T12:50:18.142,3.150,-179.089,-73.210,8.276,8.276
1681469418152,2023-04-14T12:50:18.152,3.160,-179.062,-74.703,7.910,7.910
1681469418162,2023-04-14T12:50:18.162,3.170,-179.061,-76.228,7.535,7.535
1681469418172,2023-04-14T12:50:18.172,3.180,-179.096,-77.761,7.218,7.218
1681469418182,2023-04-14T12:50:18.182,3.190,-179.177,-79.320,7.029,7.029
1681469418192,2023-04-14T12:50:18.192,3.200,-179.310,-80.888,7.011,7.011
1681469418202,2023-04-14T12:50:18.202,3.210,-179.479,-82.506,7.110,7.110
1681469418212,2023-04-14T12:50:18.212,3.220,-179.683,-84.153,7.304,7.304
1681469418222,2023-04-14T12:50:18.222,3.230,-179.939,-85.837,7.610,7.610
1681469418232,2023-04-14T12:50:18.232,3.240,179.758,-87.589,7.994,7.994
1681469418242,2023-04-14T12:50:18.242,3.250,179.460,-89.165,8.409,8.409
1681469418252,2023-04-14T12:50:18.252,3.260,0.818,-88.621,8.865,8.865
1681469418262,2023-04-14T12:50:18.262,3.270,1.029,-86.975,9.192,9.192
1681469418272,2023-04-14T12:50:18.272,3.280,1.113,-85.362,9.187,9.187
1681469418282,2023-04-14T12:50:18.282,3.290,1.112,-83.819,8.981,8.981
1681469418292,2023-04-14T12:50:18.292,3.300,1.133,-82.258,8.744,8.744
1681469418302,2023-04-14T12:50:18.302,3.310,1.214,-80.609,8.569,8.569
1681469418312,2023-04-14T12:50:18.312,3.320,1.403,-78.677,8.332,8.332
1681469418322,2023-04-14T12:50:18.322,3.330,1.739,-76.650,7.820,7.820
1681469418332,2023-04-14T12:50:18.332,3.340,2.190,-74.980,7.050,7.050
1681469418342,2023-04-14T12:50:18.342,3.350,2.684,-73.929,6.300,6.300
1681469418352,2023-04-14T12:50:18.352,3.360,3.070,-73.704,5.738,5.738
1681469418362,2023-04-14T12:50:18.362,3.370,3.446,-74.121,5.135,5.135
1681469418372,2023-04-14T12:50:18.372,3.380,3.759,-74.832,4.802,4.802
1681469418382,2023-04-14T12:50:18.382,3.390,3.850,-75.775,4.892,4.892
1681469418392,2023-04-14T12:50:18.392,3.400,3.686,-76.926,5.178,5.178
1681469418402,2023-04-14T12:50:18.402,3.410,3.378,-78.230,5.407,5.407
1681469418412,2023-04-14T12:50:18.412,3.420,3.032,-79.681,5.257,5.257
1681469418422,2023-04-14T12:50:18.422,3.430,2.695,-81.348,4.693,4.693
1681469418432,2023-04-14T12:50:18.432,3.440,2.400,-83.093,3.946,3.946
1681469418442,2023-04-14T12:50:18.442,3.450,2.153,-84.381,3.081,3.081
1681469418452,2023-04-14T12:50:18.452,3.460,2.034,-84.655,2.429,2.429
1681469418462,2023-04-14T12:50:18.462,3.470,2.101,-83.936,2.374,2.374
1681469418472,2023-04-14T12:50:18.472,3.480,2.036,-82.954,2.697,2.697
1681469418482,2023-04-14T12:50:18.482,3.490,1.444,-82.697,2.910,2.910
1681469418492,2023-04-14T12:50:18.492,3.500,0.741,-83.458,1.959,1.959
1681469418502,2023-04-14T12:50:18.502,3.510,0.305,-84.957,0.568,0.568
1681469418512,2023-04-14T12:50:18.512,3.520,-0.092,-86.871,359.372,359.372
1681469418522,2023-04-14T12:50:18.522,3.530,-0.606,-88.578,358.404,358.404
1681469418532,2023-04-14T12:50:18.532,3.540,-178.779,-88.760,357.916,357.916
1681469418542,2023-04-14T12:50:18.542,3.550,-178.279,-87.892,358.052,358.052
1681469418552,2023-04-14T12:50:18.552,3.560,-178.103,-87.537,358.466,358.466
1681469418562,2023-04-14T12:50:18.562,3.570,-178.100,-87.481,358.830,358.830
1681469418572,2023-04-14T12:50:18.572,3.580,-178.049,-87.259,359.011,359.011
1681469418582,2023-04-14T12:50:18.582,3.590,-177.913,-86.661,358.988,358.988
1681469418592,2023-04-14T12:50:18.592,3.600,-177.748,-85.803,358.932,358.932
1681469418602,2023-04-14T12:50:18.602,3.610,-177.571,-84.883,358.923,358.923
1681469418612,2023-04-14T12:50:18.612,3.620,-177.361,-84.026,358.861,358.861
1681469418622,2023-04-14T12:50:18.622,3.630,-177.090,-83.235,358.685,358.685
1681469418632,2023-04-14T12:50:18.632,3.640,-176.800,-82.556,358.493,358.493
1681469418642,2023-04-14T12:50:18.642,3.650,-176.535,-81.931,358.351,358.351
1681469418652,2023-04-14T12:50:18.652,3.660,-176.315,-81.288,358.204,358.204
1681469418662,2023-04-14T12:50:18.662,3.670,-176.131,-80.602,357.973,357.973
1681469418672,2023-04-14T12:50:18.672,3.680,-175.955,-79.858,357.632,357.632
1681469418682,2023-04-14T12:50:18.682,3.690,-175.777,-79.074,357.256,357.256
1681469418692,2023-04-14T12:50:18.692,3.700,-175.601,-78.259,356.955,356.955
1681469418702,2023-04-14T12:50:18.702,3.710,-175.440,-77.462,356.824,356.824
1681469418712,2023-04-14T12:50:18.712,3.720,-175.300,-76.730,356.839,356.839
1681469418722,2023-04-14T12:50:18.722,3.730,-175.165,-76.065,356.897,356.897
1681469418732,2023-04-14T12:50:18.732,3.740,-175.031,-75.463,356.926,356.926
1681469418742,2023-04-14T12:50:18.742,3.750,-174.897,-74.889,356.907,356.907
1681469418752,2023-04-14T12:50:18.752,3.760,-174.779,-74.322,356.864,356.864
1681469418762,2023-04-14T12:50:18.762,3.770,-174.681,-73.744,356.809,356.809
1681469418772,2023-04-14T12:50:18.772,3.780,-174.591,-73.118,356.745,356.745
1681469418782,2023-04-14T12:50:18.782,3.790,-174.501,-72.466,356.665,356.665
1681469418792,2023-04-14T12:50:18.792,3.800,-174.418,-71.801,356.608,356.608
1681469418802,2023-04-14T12:50:18.802,3.810,-174.353,-71.132,356.610,356.610
1681469418812,2023-04-14T12:50:18.812,3.820,-174.291,-70.467,356.600,356.600
1681469418822,2023-04-14T12:50:18.822,3.830,-174.232,-69.785,356.549,356.549
1681469418832,2023-04-14T12:50:18.832,3.840,-174.169,-69.076,356.458,356.458
1681469418842,2023-04-14T12:50:18.842,3.850,-174.107,-68.362,356.346,356.346
1681469418852,2023-04-14T12:50:18.852,3.860,-174.064,-67.656,356.272,356.272
1681469418862,2023-04-14T12:50:18.862,3.870,-174.039,-66.984,356.257,356.257
1681469418872,2023-04-14T12:50:18.872,3.880,-174.027,-66.307,356.293,356.293
1681469418882,2023-04-14T12:50:18.882,3.890,-174.024,-65.614,356.371,356.371
1681469418892,2023-04-14T12:50:18.892,3.900,-174.035,-64.909,356.496,356.496
1681469418902,2023-04-14T12:50:18.902,3.910,-174.081,-64.178,356.705,356.705
1681469418912,2023-04-14T12:50:18.912,3.920,-174.154,-63.439,356.970,356.970
1681469418922,2023-04-14T12:50:18.922,3.930,-167.362,-62.700,357.229,357.229
1681469418932,2023-04-14T12:50:18.932,3.940,-167.908,-61.994,357.503,357.503
1681469418942,2023-04-14T12:50:18.942,3.950,-168.456,-61.348,357.792,357.792
1681469418952,2023-04-14T12:50:18.952,3.960,-168.985,-60.744,358.066,358.066
1681469418962,2023-04-14T12:50:18.962,3.970,-169.487,-60.166,358.332,358.332
1681469418972,2023-04-14T12:50:18.972,3.980,-170.005,-59.598,358.669,358.669
1681469418982,2023-04-14T12:50:18.982,3.990,-170.476,-59.089,359.021,359.021
1681469418992,2023-04-14T12:50:18.992,4.000,-170.798,-58.768,359.262,359.262
1681469419002,2023-04-14T12:50:19.002,4.010,-171.061,-58.785,359.522,359.522
1681469419012,2023-04-14T12:50:19.012,4.020,-171.480,-59.190,0.091,0.091
1681469419022,2023-04-14T12:50:19.022,4.030,-172.331,-59.700,1.113,1.113
1681469419032,2023-04-14T12:50:19.032,4.040,-173.016,-60.383,1.550,1.550
1681469419042,2023-04-14T12:50:19.042,4.050,-173.421,-59.967,1.582,1.582
1681469419052,2023-04-14T12:50:19.052,4.060,-174.474,-59.555,3.258,3.258
1681469419062,2023-04-14T12:50:19.062,4.070,-174.254,-60.058,3.051,3.051
1681469419072,2023-04-14T12:50:19.072,4.080,-175.454,-59.762,5.206,5.206
1681469419082,2023-04-14T12:50:19.082,4.090,-176.912,-59.618,7.628,7.628
1681469419092,2023-04-14T12:50:19.092,4.100,-178.487,-59.680,10.086,10.086
1681469419102,2023-04-14T12:50:19.102,4.110,-179.622,-60.123,11.728,11.728
1681469419112,2023-04-14T12:50:19.112,4.120,179.907,-60.683,12.346,12.346
1681469419122,2023-04-14T12:50:19.122,4.130,179.974,-61.235,12.230,12.230
1681469419132,2023-04-14T12:50:19.132,4.140,-179.760,-61.859,11.833,11.833
1681469419142,2023-04-14T12:50:19.142,4.150,-179.688,-62.520,11.726,11.726
1681469419152,2023-04-14T12:50:19.152,4.160,-179.821,-63.203,11.956,11.956
1681469419162,2023-04-14T12:50:19.162,4.170,179.990,-63.968,12.307,12.307
1681469419172,2023-04-14T12:50:19.172,4.180,179.934,-64.814,12.536,12.536
1681469419182,2023-04-14T12:50:19.182,4.190,179.955,-65.716,12.498,12.498
1681469419192,2023-04-14T12:50:19.192,4.200,-179.914,-66.681,12.105,12.105
1681469419202,2023-04-14T12:50:19.202,4.210,-179.703,-67.759,11.423,11.423
1681469419212,2023-04-14T12:50:19.212,4.220,-179.457,-68.916,10.590,10.590
1681469419222,2023-04-14T12:50:19.222,4.230,-179.204,-70.133,9.667,9.667
1681469419232,2023-04-14T12:50:19.232,4.240,-178.973,-71.451,8.665,8.665
1681469419242,2023-04-14T12:50:19.242,4.250,-178.784,-72.848,7.578,7.578
1681469419252,2023-04-14T12:50:19.252,4.260,-178.635,-74.342,6.375,6.375
1681469419262,2023-04-14T12:50:19.262,4.270,-178.551,-75.895,5.146,5.146
1681469419272,2023-04-14T12:50:19.272,4.280,-178.548,-77.491,4.026,4.026
1681469419282,2023-04-14T12:50:19.282,4.290,-178.638,-79.125,3.117,3.117
1681469419292,2023-04-14T12:50:19.292,4.300,-178.816,-80.688,2.536,2.536
1681469419302,2023-04-14T12:50:19.302,4.310,-179.062,-82.265,2.177,2.177
1681469419312,2023-04-14T12:50:19.312,4.320,-179.395,-83.856,2.073,2.073
1681469419322,2023-04-14T12:50:19.322,4.330,-179.848,-85.464,2.244,2.244
1681469419332,2023-04-14T12:50:19.332,4.340,179.603,-87.086,2.631,2.631
1681469419342,2023-04-14T12:50:19.342,4.350,179.052,-88.463,3.163,3.163
1681469419352,2023-04-14T12:50:19.352,4.360,1.463,-88.444,3.808,3.808
1681469419362,2023-04-14T12:50:19.362,4.370,1.825,-87.093,4.457,4.457
1681469419372,2023-04-14T12:50:19.372,4.380,1.972,-85.634,5.065,5.065
1681469419382,2023-04-14T12:50:19.382,4.390,1.944,-84.220,5.607,5.607
1681469419392,2023-04-14T12:50:19.392,4.400,1.828,-82.832,5.991,5.991
1681469419402,2023-04-14T12:50:19.402,4.410,1.636,-81.389,6.238,6.238
1681469419412,2023-04-14T12:50:19.412,4.420,1.444,-79.678,6.231,6.231
1681469419422,2023-04-14T12:50:19.422,4.430,1.330,-77.774,5.671,5.671
1681469419432,2023-04-14T12:50:19.432,4.440,1.292,-76.002,4.489,4.489
1681469419442,2023-04-14T12:50:19.442,4.450,1.416,-74.763,3.117,3.117
1681469419452,2023-04-14T12:50:19.452,4.460,1.603,-74.571,2.144,2.144
1681469419462,2023-04-14T12:50:19.462,4.470,1.819,-75.330,1.619,1.619
1681469419472,2023-04-14T12:50:19.472,4.480,1.900,-76.480,1.580,1.580
1681469419482,2023-04-14T12:50:19.482,4.490,1.769,-77.819,1.658,1.658
1681469419492,2023-04-14T12:50:19.492,4.500,1.475,-79.327,1.553,1.553
1681469419502,2023-04-14T12:50:19.502,4.510,1.122,-81.071,1.229,1.229
1681469419512,2023-04-14T12:50:19.512,4.520,0.770,-82.832,0.858,0.858
1681469419522,2023-04-14T12:50:19.522,4.530,0.530,-84.074,0.296,0.296
1681469419532,2023-04-14T12:50:19.532,4.540,0.581,-84.457,359.769,359.769
1681469419542,2023-04-14T12:50:19.542,4.550,0.870,-84.000,359.624,359.624
1681469419552,2023-04-14T12:50:19.552,4.560,0.974,-83.195,359.064,359.064
1681469419562,2023-04-14T12:50:19.562,4.570,0.738,-82.962,357.669,357.669
1681469419572,2023-04-14T12:50:19.572,4.580,0.474,-83.567,356.169,356.169
1681469419582,2023-04-14T12:50:19.582,4.590,0.368,-84.667,355.179,355.179
1681469419592,2023-04-14T12:50:19.592,4.600,0.266,-85.932,354.721,354.721
1681469419602,2023-04-14T12:50:19.602,4.610,0.000,-87.259,354.640,354.640
1681469419612,2023-04-14T12:50:19.612,4.620,-0.447,-88.406,354.612,354.612
1681469419622,2023-04-14T12:50:19.622,4.630,-0.965,-88.898,354.555,354.555
1681469419632,2023-04-14T12:50:19.632,4.640,-178.616,-88.607,354.672,354.672
1681469419642,2023-04-14T12:50:19.642,4.650,-178.369,-88.275,355.028,355.028
1681469419652,2023-04-14T12:50:19.652,4.660,-178.237,-88.025,355.551,355.551
1681469419662,2023-04-14T12:50:19.662,4.670,-178.139,-87.700,355.983,355.983
1681469419672,2023-04-14T12:50:19.672,4.680,-178.030,-87.168,356.205,356.205
1681469419682,2023-04-14T12:50:19.682,4.690,-177.909,-86.398,356.326,356.326
1681469419692,2023-04-14T12:50:19.692,4.700,-177.764,-85.459,356.383,356.383
1681469419702,2023-04-14T12:50:19.702,4.710,-177.565,-84.413,356.320,356.320
1681469419712,2023-04-14T12:50:19.712,4.720,-177.306,-83.302,356.099,356.099
1681469419722,2023-04-14T12:50:19.722,4.730,-177.032,-82.257,355.810,355.810
1681469419732,2023-04-14T12:50:19.732,4.740,-176.791,-81.340,355.540,355.540
1681469419742,2023-04-14T12:50:19.742,4.750,-176.601,-80.558,355.278,355.278
1681469419752,2023-04-14T12:50:19.752,4.760,-176.427,-79.823,354.909,354.909
1681469419762,2023-04-14T12:50:19.762,4.770,-176.238,-79.059,354.351,354.351
1681469419772,2023-04-14T12:50:19.772,4.780,-176.046,-78.291,353.673,353.673
1681469419782,2023-04-14T12:50:19.782,4.790,-175.870,-77.542,352.994,352.994
1681469419792,2023-04-14T12:50:19.792,4.800,-175.726,-76.854,352.427,352.427
1681469419802,2023-04-14T12:50:19.802,4.810,-175.608,-76.229,351.991,351.991
1681469419812,2023-04-14T12:50:19.812,4.820,-175.494,-75.631,351.643,351.643
1681469419822,2023-04-14T12:50:19.822,4.830,-175.359,-74.997,351.313,351.313
1681469419832,2023-04-14T12:50:19.832,4.840,-175.203,-74.289,351.004,351.004
1681469419842,2023-04-14T12:50:19.842,4.850,-175.044,-73.517,350.790,350.790
1681469419852,2023-04-14T12:50:19.852,4.860,-174.891,-72.680,350.688,350.688
1681469419862,2023-04-14T12:50:19.862,4.870,-174.770,-71.787,350.734,350.734
1681469419872,2023-04-14T12:50:19.872,4.880,-174.707,-70.852,350.958,350.958
1681469419882,2023-04-14T12:50:19.882,4.890,-174.708,-69.912,351.370,351.370
1681469419892,2023-04-14T12:50:19.892,4.900,-174.763,-69.028,351.917,351.917
1681469419902,2023-04-14T12:50:19.902,4.910,-174.837,-68.233,352.480,352.480
1681469419912,2023-04-14T12:50:19.912,4.920,-174.912,-67.494,353.007,353.007
1681469419922,2023-04-14T12:50:19.922,4.930,-174.964,-66.775,353.427,353.427
1681469419932,2023-04-14T12:50:19.932,4.940,-174.997,-66.012,353.741,353.741
1681469419942,2023-04-14T12:50:19.942,4.950,-175.050,-65.207,354.035,354.035
1681469419952,2023-04-14T12:50:19.952,4.960,-175.147,-64.397,354.380,354.380
1681469419962,2023-04-14T12:50:19.962,4.970,-175.276,-63.592,354.771,354.771
1681469419972,2023-04-14T12:50:19.972,4.980,-169.915,-62.822,355.148,355.148
1681469419982,2023-04-14T12:50:19.982,4.990,-170.444,-62.093,355.454,355.454
1681469419992,2023-04-14T12:50:19.992,5.000,-170.883,-61.422,355.647,355.647
1681469420002,2023-04-14T12:50:20.002,5.010,-171.277,-60.795,355.769,355.769
1681469420012,2023-04-14T12:50:20.012,5.020,-171.676,-60.218,355.897,355.897
1681469420022,2023-04-14T12:50:20.022,5.030,-172.150,-59.698,356.163,356.163
1681469420032,2023-04-14T12:50:20.032,5.040,-172.741,-59.216,356.633,356.633
1681469420042,2023-04-14T12:50:20.042,5.050,-173.318,-58.849,357.167,357.167
1681469420052,2023-04-14T12:50:20.052,5.060,-173.776,-58.809,357.648,357.648
1681469420062,2023-04-14T12:50:20.062,5.070,-174.279,-59.224,358.242,358.242
1681469420072,2023-04-14T12:50:20.072,5.080,-175.043,-59.627,358.889,358.889
1681469420082,2023-04-14T12:50:20.082,5.090,-175.137,-60.062,358.405,358.405
1681469420092,2023-04-14T12:50:20.092,5.100,-175.587,-59.455,358.785,358.785
1681469420102,2023-04-14T12:50:20.102,5.110,-175.576,-59.727,358.792,358.792
1681469420112,2023-04-14T12:50:20.112,5.120,-175.623,-59.908,359.151,359.151
1681469420122,2023-04-14T12:50:20.122,5.130,-176.633,-59.748,1.090,1.090
1681469420132,2023-04-14T12:50:20.132,5.140,-178.127,-59.760,3.619,3.619
1681469420142,2023-04-14T12:50:20.142,5.150,-179.785,-59.986,6.239,6.239
1681469420152,2023-04-14T12:50:20.152,5.160,179.059,-60.422,7.906,7.906
1681469420162,2023-04-14T12:50:20.162,5.170,178.539,-60.904,8.656,8.656
1681469420172,2023-04-14T12:50:20.172,5.180,178.515,-61.443,8.742,8.742
1681469420182,2023-04-14T12:50:20.182,5.190,178.621,-62.004,8.696,8.696
1681469420192,2023-04-14T12:50:20.192,5.200,178.695,-62.649,8.729,8.729
1681469420202,2023-04-14T12:50:20.202,5.210,178.660,-63.367,8.939,8.939
1681469420212,2023-04-14T12:50:20.212,5.220,179.388,-64.198,9.198,9.198
1681469420222,2023-04-14T12:50:20.222,5.230,179.397,-65.109,9.372,9.372
1681469420232,2023-04-14T12:50:20.232,5.240,179.495,-66.079,9.275,9.275
1681469420242,2023-04-14T12:50:20.242,5.250,179.733,-67.141,8.780,8.780
1681469420252,2023-04-14T12:50:20.252,5.260,-179.933,-68.249,7.995,7.995
1681469420262,2023-04-14T12:50:20.262,5.270,-179.568,-69.411,7.067,7.067
1681469420272,2023-04-14T12:50:20.272,5.280,-179.214,-70.641,6.074,6.074
1681469420282,2023-04-14T12:50:20.282,5.290,-178.885,-71.946,5.037,5.037
1681469420292,2023-04-14T12:50:20.292,5.300,-178.581,-73.356,3.919,3.919
1681469420302,2023-04-14T12:50:20.302,5.310,-178.324,-74.836,2.769,2.769
1681469420312,2023-04-14T12:50:20.312,5.320,-178.126,-76.404,1.622,1.622
1681469420322,2023-04-14T12:50:20.322,5.330,-177.995,-78.033,0.575,0.575
1681469420332,2023-04-14T12:50:20.332,5.340,-177.940,-79.667,359.731,359.731
1681469420342,2023-04-14T12:50:20.342,5.350,-177.973,-81.283,359.172,359.172
1681469420352,2023-04-14T12:50:20.352,5.360,-178.066,-82.860,358.816,358.816
1681469420362,2023-04-14T12:50:20.362,5.370,-178.215,-84.456,358.608,358.608
1681469420372,2023-04-14T12:50:20.372,5.380,-178.456,-86.073,358.614,358.614
1681469420382,2023-04-14T12:50:20.382,5.390,-178.800,-87.714,358.880,358.880
1681469420392,2023-04-14T12:50:20.392,5.400,-179.216,-89.196,359.401,359.401
1681469420402,2023-04-14T12:50:20.402,5.410,-0.364,-88.350,0.212,0.212
1681469420412,2023-04-14T12:50:20.412,5.420,-0.004,-86.525,1.215,1.215
1681469420422,2023-04-14T12:50:20.422,5.430,0.200,-84.609,2.110,2.110
1681469420432,2023-04-14T12:50:20.432,5.440,0.169,-82.879,2.981,2.981
1681469420442,2023-04-14T12:50:20.442,5.450,-0.063,-81.286,3.804,3.804
1681469420452,2023-04-14T12:50:20.452,5.460,-0.372,-79.814,4.411,4.411
1681469420462,2023-04-14T12:50:20.462,5.470,-0.747,-78.482,4.712,4.712
1681469420472,2023-04-14T12:50:20.472,5.480,-1.131,-77.175,4.337,4.337
1681469420482,2023-04-14T12:50:20.482,5.490,-1.298,-75.729,3.070,3.070
1681469420492,2023-04-14T12:50:20.492,5.500,-1.227,-74.680,1.268,1.268
1681469420502,2023-04-14T12:50:20.502,5.510,-0.902,-74.308,359.366,359.366
1681469420512,2023-04-14T12:50:20.512,5.520,-0.402,-74.292,357.841,357.841
1681469420522,2023-04-14T12:50:20.522,5.530,0.159,-74.487,357.071,357.071
1681469420532,2023-04-14T12:50:20.532,5.540,0.546,-75.047,356.873,356.873
1681469420542,2023-04-14T12:50:20.542,5.550,0.710,-76.057,356.723,356.723
1681469420552,2023-04-14T12:50:20.552,5.560,0.597,-77.533,356.513,356.513
1681469420562,2023-04-14T12:50:20.562,5.570,0.227,-79.439,356.303,356.303
1681469420572,2023-04-14T12:50:20.572,5.580,-0.310,-81.440,356.119,356.119
1681469420582,2023-04-14T12:50:20.582,5.590,-0.887,-83.064,355.977,355.977
1681469420592,2023-04-14T12:50:20.592,5.600,-1.312,-83.916,355.931,355.931
1681469420602,2023-04-14T12:50:20.602,5.610,-1.443,-83.884,356.269,356.269
1681469420612,2023-04-14T12:50:20.612,5.620,-1.573,-83.285,356.578,356.578
1681469420622,2023-04-14T12:50:20.622,5.630,-1.941,-82.624,355.898,355.898
1681469420632,2023-04-14T12:50:20.632,5.640,-2.212,-82.585,354.215,354.215
1681469420642,2023-04-14T12:50:20.642,5.650,-2.232,-83.373,352.806,352.806
1681469420652,2023-04-14T12:50:20.652,5.660,-2.240,-84.623,352.109,352.109
1681469420662,2023-04-14T12:50:20.662,5.670,-2.398,-85.749,351.748,351.748
1681469420672,2023-04-14T12:50:20.672,5.680,-2.754,-86.473,351.478,351.478
1681469420682,2023-04-14T12:50:20.682,5.690,-3.183,-86.622,351.179,351.179
1681469420692,2023-04-14T12:50:20.692,5.700,-3.551,-86.432,351.010,351.010
1681469420702,2023-04-14T12:50:20.702,5.710,-176.159,-86.154,351.136,351.136
1681469420712,2023-04-14T12:50:20.712,5.720,-175.900,-85.854,351.449,351.449
1681469420722,2023-04-14T12:50:20.722,5.730,-175.659,-85.535,351.818,351.818
1681469420732,2023-04-14T12:50:20.732,5.740,-175.453,-85.183,352.191,352.191
1681469420742,2023-04-14T12:50:20.742,5.750,-175.278,-84.738,352.548,352.548
1681469420752,2023-04-14T12:50:20.752,5.760,-175.113,-84.144,352.811,352.811
1681469420762,2023-04-14T12:50:20.762,5.770,-174.924,-83.419,352.935,352.935
1681469420772,2023-04-14T12:50:20.772,5.780,-174.704,-82.660,352.951,352.951
1681469420782,2023-04-14T12:50:20.782,5.790,-174.481,-81.997,352.927,352.927
1681469420792,2023-04-14T12:50:20.792,5.800,-174.281,-81.426,352.947,352.947
1681469420802,2023-04-14T12:50:20.802,5.810,-174.119,-80.892,353.007,353.007
1681469420812,2023-04-14T12:50:20.812,5.820,-173.990,-80.349,353.042,353.042
1681469420822,2023-04-14T12:50:20.822,5.830,-173.884,-79.758,353.018,353.018
1681469420832,2023-04-14T12:50:20.832,5.840,-173.807,-79.136,352.969,352.969
1681469420842,2023-04-14T12:50:20.842,5.850,-173.756,-78.482,352.934,352.934
1681469420852,2023-04-14T12:50:20.852,5.860,-173.716,-77.823,352.923,352.923
1681469420862,2023-04-14T12:50:20.862,5.870,-173.670,-77.192,352.912,352.912
1681469420872,2023-04-14T12:50:20.872,5.880,-173.604,-76.582,352.869,352.869
1681469420882,2023-04-14T12:50:20.882,5.890,-173.506,-76.002,352.762,352.762
1681469420892,2023-04-14T12:50:20.892,5.900,-173.391,-75.452,352.617,352.617
1681469420902,2023-04-14T12:50:20.902,5.910,-173.280,-74.897,352.512,352.512
1681469420912,2023-04-14T12:50:20.912,5.920,-173.197,-74.324,352.506,352.506
1681469420922,2023-04-14T12:50:20.922,5.930,-173.148,-73.696,352.620,352.620
1681469420932,2023-04-14T12:50:20.932,5.940,-173.126,-73.027,352.831,352.831
1681469420942,2023-04-14T12:50:20.942,5.950,-173.121,-72.333,353.111,353.111
1681469420952,2023-04-14T12:50:20.952,5.960,-173.119,-71.654,353.394,353.394
1681469420962,2023-04-14T12:50:20.962,5.970,-173.119,-71.003,353.650,353.650
1681469420972,2023-04-14T12:50:20.972,5.980,-173.116,-70.350,353.859,353.859
1681469420982,2023-04-14T12:50:20.982,5.990,-173.116,-69.698,354.033,354.033
1681469420992,2023-04-14T12:50:20.992,6.000,-173.130,-69.023,354.227,354.227
1681469421002,2023-04-14T12:50:21.002,6.010,-173.154,-68.330,354.448,354.448
1681469421012,2023-04-14T12:50:21.012,6.020,-173.186,-67.630,354.669,354.669
1681469421022,2023-04-14T12:50:21.022,6.030,-173.231,-66.894,354.903,354.903
1681469421032,2023-04-14T12:50:21.032,6.040,-173.292,-66.153,355.151,355.151
1681469421042,2023-04-14T12:50:21.042,6.050,-173.378,-65.403,355.439,355.439
1681469421052,2023-04-14T12:50:21.052,6.060,-173.486,-64.666,355.746,355.746
1681469421062,2023-04-14T12:50:21.062,6.070,-173.612,-63.953,356.045,356.045
1681469421072,2023-04-14T12:50:21.072,6.080,-166.026,-63.271,356.354,356.354
1681469421082,2023-04-14T12:50:21.082,6.090,-166.701,-62.628,356.629,356.629
1681469421092,2023-04-14T12:50:21.092,6.100,-167.304,-62.015,356.820,356.820
1681469421102,2023-04-14T12:50:21.102,6.110,-167.842,-61.436,356.960,356.960
1681469421112,2023-04-14T12:50:21.112,6.120,-168.337,-60.920,357.118,357.118
1681469421122,2023-04-14T12:50:21.122,6.130,-168.808,-60.484,357.360,357.360
1681469421132,2023-04-14T12:50:21.132,6.140,-169.318,-60.139,357.770,357.770
1681469421142,2023-04-14T12:50:21.142,6.150,-169.881,-59.849,358.314,358.314
1681469421152,2023-04-14T12:50:21.152,6.160,-170.452,-59.712,358.933,358.933
1681469421162,2023-04-14T12:50:21.162,6.170,-171.158,-59.925,359.819,359.819
1681469421172,2023-04-14T12:50:21.172,6.180,-172.099,-60.441,0.847,0.847
1681469421182,2023-04-14T12:50:21.182,6.190,-172.323,-61.316,0.677,0.677
1681469421192,2023-04-14T12:50:21.192,6.200,-172.912,-60.384,1.031,1.031
1681469421202,2023-04-14T12:50:21.202,6.210,-174.389,-59.681,3.478,3.478
1681469421212,2023-04-14T12:50:21.212,6.220,-174.479,-60.174,3.732,3.732
1681469421222,2023-04-14T12:50:21.222,6.230,-176.050,-60.008,6.465,6.465
1681469421232,2023-04-14T12:50:21.232,6.240,-177.630,-59.996,9.116,9.116
1681469421242,2023-04-14T12:50:21.242,6.250,-179.317,-60.126,11.784,11.784
1681469421252,2023-04-14T12:50:21.252,6.260,179.441,-60.561,13.604,13.604
1681469421262,2023-04-14T12:50:21.262,6.270,178.918,-61.141,14.306,14.306
1681469421272,2023-04-14T12:50:21.272,6.280,178.945,-61.703,14.248,14.248
1681469421282,2023-04-14T12:50:21.282,6.290,179.093,-62.294,13.984,13.984
1681469421292,2023-04-14T12:50:21.292,6.300,179.113,-62.903,13.912,13.912
1681469421302,2023-04-14T12:50:21.302,6.310,179.586,-63.562,14.017,14.017
1681469421312,2023-04-14T12:50:21.312,6.320,179.577,-64.292,14.189,14.189
1681469421322,2023-04-14T12:50:21.322,6.330,179.592,-65.113,14.252,14.252
1681469421332,2023-04-14T12:50:21.332,6.340,179.682,-65.995,14.041,14.041
1681469421342,2023-04-14T12:50:21.342,6.350,179.895,-66.945,13.446,13.446
1681469421352,2023-04-14T12:50:21.352,6.360,-179.781,-67.980,12.484,12.484
1681469421362,2023-04-14T12:50:21.362,6.370,-179.418,-69.048,11.352,11.352
1681469421372,2023-04-14T12:50:21.372,6.380,-179.044,-70.189,10.127,10.127
1681469421382,2023-04-14T12:50:21.382,6.390,-178.680,-71.415,8.832,8.832
1681469421392,2023-04-14T12:50:21.392,6.400,-178.363,-72.716,7.517,7.517
1681469421402,2023-04-14T12:50:21.402,6.410,-178.111,-74.130,6.176,6.176
1681469421412,2023-04-14T12:50:21.412,6.420,-177.930,-75.603,4.858,4.858
1681469421422,2023-04-14T12:50:21.422,6.430,-177.820,-77.164,3.579,3.579
1681469421432,2023-04-14T12:50:21.432,6.440,-177.795,-78.773,2.471,2.471
1681469421442,2023-04-14T12:50:21.442,6.450,-177.860,-80.339,1.666,1.666
1681469421452,2023-04-14T12:50:21.452,6.460,-177.989,-81.889,1.077,1.077
1681469421462,2023-04-14T12:50:21.462,6.470,-178.169,-83.423,0.665,0.665
1681469421472,2023-04-14T12:50:21.472,6.480,-178.458,-84.990,0.531,0.531
1681469421482,2023-04-14T12:50:21.482,6.490,-178.887,-86.601,0.724,0.724
1681469421492,2023-04-14T12:50:21.492,6.500,-179.384,-88.238,1.121,1.121
1681469421502,2023-04-14T12:50:21.502,6.510,-179.885,-89.879,1.677,1.677
1681469421512,2023-04-14T12:50:21.512,6.520,0.309,-88.387,2.221,2.221
1681469421522,2023-04-14T12:50:21.522,6.530,0.601,-86.706,2.760,2.760
1681469421532,2023-04-14T12:50:21.532,6.540,0.751,-85.063,3.334,3.334
1681469421542,2023-04-14T12:50:21.542,6.550,0.775,-83.473,3.967,3.967
1681469421552,2023-04-14T12:50:21.552,6.560,0.672,-81.914,4.667,4.667
1681469421562,2023-04-14T12:50:21.562,6.570,0.388,-80.468,5.288,5.288
1681469421572,2023-04-14T12:50:21.572,6.580,-0.042,-78.982,5.398,5.398
1681469421582,2023-04-14T12:50:21.582,6.590,-0.470,-77.312,4.677,4.677
1681469421592,2023-04-14T12:50:21.592,6.600,-0.779,-75.836,3.275,3.275
1681469421602,2023-04-14T12:50:21.602,6.610,-0.842,-74.824,1.466,1.466
1681469421612,2023-04-14T12:50:21.612,6.620,-0.690,-74.570,359.868,359.868
1681469421622,2023-04-14T12:50:21.622,6.630,-0.481,-75.079,358.969,358.969
1681469421632,2023-04-14T12:50:21.632,6.640,-0.404,-76.077,358.655,358.655
1681469421642,2023-04-14T12:50:21.642,6.650,-0.508,-77.381,358.327,358.327
1681469421652,2023-04-14T12:50:21.652,6.660,-0.817,-78.922,357.801,357.801
1681469421662,2023-04-14T12:50:21.662,6.670,-1.228,-80.571,357.152,357.152
1681469421672,2023-04-14T12:50:21.672,6.680,-1.614,-82.278,356.490,356.490
1681469421682,2023-04-14T12:50:21.682,6.690,-1.883,-83.731,355.990,355.990
1681469421692,2023-04-14T12:50:21.692,6.700,-1.990,-84.643,355.757,355.757
1681469421702,2023-04-14T12:50:21.702,6.710,-1.854,-84.882,356.095,356.095
1681469421712,2023-04-14T12:50:21.712,6.720,-1.628,-84.494,356.759,356.759
1681469421722,2023-04-14T12:50:21.722,6.730,-1.753,-83.869,356.716,356.716
1681469421732,2023-04-14T12:50:21.732,6.740,-2.183,-83.779,355.333,355.333
1681469421742,2023-04-14T12:50:21.742,6.750,-2.515,-84.386,353.367,353.367
1681469421752,2023-04-14T12:50:21.752,6.760,-2.693,-85.359,351.716,351.716
1681469421762,2023-04-14T12:50:21.762,6.770,-2.927,-86.218,350.691,350.691
1681469421772,2023-04-14T12:50:21.772,6.780,-3.355,-86.487,350.199,350.199
1681469421782,2023-04-14T12:50:21.782,6.790,-176.136,-86.134,350.034,350.034
1681469421792,2023-04-14T12:50:21.792,6.800,-175.755,-85.648,350.196,350.196
1681469421802,2023-04-14T12:50:21.802,6.810,-175.517,-85.274,350.621,350.621
1681469421812,2023-04-14T12:50:21.812,6.820,-175.329,-84.982,351.029,351.029
1681469421822,2023-04-14T12:50:21.822,6.830,-175.130,-84.642,351.187,351.187
1681469421832,2023-04-14T12:50:21.832,6.840,-174.917,-84.167,351.166,351.166
1681469421842,2023-04-14T12:50:21.842,6.850,-174.695,-83.546,351.132,351.132
1681469421852,2023-04-14T12:50:21.852,6.860,-174.465,-82.813,351.152,351.152
1681469421862,2023-04-14T12:50:21.862,6.870,-174.222,-82.060,351.209,351.209
1681469421872,2023-04-14T12:50:21.872,6.880,-173.965,-81.351,351.265,351.265
1681469421882,2023-04-14T12:50:21.882,6.890,-173.744,-80.755,351.356,351.356
1681469421892,2023-04-14T12:50:21.892,6.900,-173.601,-80.235,351.544,351.544
1681469421902,2023-04-14T12:50:21.902,6.910,-173.512,-79.699,351.732,351.732
1681469421912,2023-04-14T12:50:21.912,6.920,-173.432,-79.121,351.782,351.782
1681469421922,2023-04-14T12:50:21.922,6.930,-173.339,-78.511,351.704,351.704
1681469421932,2023-04-14T12:50:21.932,6.940,-173.240,-77.892,351.572,351.572
1681469421942,2023-04-14T12:50:21.942,6.950,-173.146,-77.302,351.457,351.457
1681469421952,2023-04-14T12:50:21.952,6.960,-173.054,-76.716,351.366,351.366
1681469421962,2023-04-14T12:50:21.962,6.970,-172.954,-76.131,351.281,351.281
1681469421972,2023-04-14T12:50:21.972,6.980,-172.843,-75.533,351.197,351.197
1681469421982,2023-04-14T12:50:21.982,6.990,-172.733,-74.933,351.133,351.133
1681469421992,2023-04-14T12:50:21.992,7.000,-172.644,-74.345,351.134,351.134
1681469422002,2023-04-14T12:50:22.002,7.010,-172.577,-73.743,351.210,351.210
1681469422012,2023-04-14T12:50:22.012,7.020,-172.535,-73.116,351.358,351.358
1681469422022,2023-04-14T12:50:22.022,7.030,-172.521,-72.477,351.576,351.576
1681469422032,2023-04-14T12:50:22.032,7.040,-172.524,-71.835,351.848,351.848
1681469422042,2023-04-14T12:50:22.042,7.050,-172.527,-71.221,352.111,352.111
1681469422052,2023-04-14T12:50:22.052,7.060,-172.515,-70.610,352.307,352.307
1681469422062,2023-04-14T12:50:22.062,7.070,-172.496,-69.992,352.434,352.434
1681469422072,2023-04-14T12:50:22.072,7.080,-172.490,-69.356,352.564,352.564
1681469422082,2023-04-14T12:50:22.082,7.090,-172.494,-68.680,352.723,352.723
1681469422092,2023-04-14T12:50:22.092,7.100,-172.508,-67.986,352.922,352.922
1681469422102,2023-04-14T12:50:22.102,7.110,-172.536,-67.264,353.177,353.177
1681469422112,2023-04-14T12:50:22.112,7.120,-172.578,-66.532,353.485,353.485
1681469422122,2023-04-14T12:50:22.122,7.130,-172.636,-65.800,353.829,353.829
1681469422132,2023-04-14T12:50:22.132,7.140,-172.716,-65.048,354.212,354.212
1681469422142,2023-04-14T12:50:22.142,7.150,-172.830,-64.297,354.643,354.643
1681469422152,2023-04-14T12:50:22.152,7.160,-172.977,-63.539,355.121,355.121
1681469422162,2023-04-14T12:50:22.162,7.170,-164.856,-62.803,355.583,355.583
1681469422172,2023-04-14T12:50:22.172,7.180,-165.621,-62.107,356.025,356.025
1681469422182,2023-04-14T12:50:22.182,7.190,-166.344,-61.453,356.419,356.419
1681469422192,2023-04-14T12:50:22.192,7.200,-166.937,-60.858,356.679,356.679
1681469422202,2023-04-14T12:50:22.202,7.210,-167.444,-60.290,356.844,356.844
1681469422212,2023-04-14T12:50:22.212,7.220,-167.911,-59.764,357.016,357.016
1681469422222,2023-04-14T12:50:22.222,7.230,-168.396,-59.313,357.322,357.322
1681469422232,2023-04-14T12:50:22.232,7.240,-168.935,-58.918,357.805,357.805
1681469422242,2023-04-14T12:50:22.242,7.250,-169.442,-58.632,358.335,358.335
1681469422252,2023-04-14T12:50:22.252,7.260,-169.944,-58.605,358.970,358.970
1681469422262,2023-04-14T12:50:22.262,7.270,-170.623,-59.007,359.949,359.949
1681469422272,2023-04-14T12:50:22.272,7.280,-171.572,-59.570,1.026,1.026
1681469422282,2023-04-14T12:50:22.282,7.290,-171.640,-60.325,0.672,0.672
1681469422292,2023-04-14T12:50:22.292,7.300,-172.798,-59.248,2.138,2.138
1681469422302,2023-04-14T12:50:22.302,7.310,-173.972,-59.093,4.242,4.242
1681469422312,2023-04-14T12:50:22.312,7.320,-174.470,-59.418,5.225,5.225
1681469422322,2023-04-14T12:50:22.322,7.330,-176.329,-59.182,8.463,8.463
1681469422332,2023-04-14T12:50:22.332,7.340,-178.074,-59.281,11.331,11.331
1681469422342,2023-04-14T12:50:22.342,7.350,-179.705,-59.587,13.884,13.884
1681469422352,2023-04-14T12:50:22.352,7.360,179.273,-60.138,15.369,15.369
1681469422362,2023-04-14T12:50:22.362,7.370,178.969,-60.705,15.776,15.776
1681469422372,2023-04-14T12:50:22.372,7.380,179.105,-61.282,15.557,15.557
1681469422382,2023-04-14T12:50:22.382,7.390,179.188,-61.943,15.361,15.361
1681469422392,2023-04-14T12:50:22.392,7.400,179.045,-62.604,15.544,15.544
1681469422402,2023-04-14T12:50:22.402,7.410,178.802,-63.272,16.004,16.004
1681469422412,2023-04-14T12:50:22.412,7.420,179.363,-64.078,16.514,16.514
1681469422422,2023-04-14T12:50:22.422,7.430,179.312,-64.951,16.858,16.858
1681469422432,2023-04-14T12:50:22.432,7.440,179.388,-65.871,16.785,16.785
1681469422442,2023-04-14T12:50:22.442,7.450,179.605,-66.883,16.257,16.257
1681469422452,2023-04-14T12:50:22.452,7.460,179.912,-67.968,15.437,15.437
1681469422462,2023-04-14T12:50:22.462,7.470,-179.736,-69.090,14.465,14.465
1681469422472,2023-04-14T12:50:22.472,7.480,-179.356,-70.295,13.343,13.343
1681469422482,2023-04-14T12:50:22.482,7.490,-178.980,-71.571,12.077,12.077
1681469422492,2023-04-14T12:50:22.492,7.500,-178.627,-72.951,10.641,10.641
1681469422502,2023-04-14T12:50:22.502,7.510,-178.340,-74.405,9.128,9.128
1681469422512,2023-04-14T12:50:22.512,7.520,-178.133,-75.956,7.601,7.601
1681469422522,2023-04-14T12:50:22.522,7.530,-178.027,-77.602,6.239,6.239
1681469422532,2023-04-14T12:50:22.532,7.540,-178.022,-79.247,5.174,5.174
1681469422542,2023-04-14T12:50:22.542,7.550,-178.111,-80.867,4.432,4.432
1681469422552,2023-04-14T12:50:22.552,7.560,-178.275,-82.460,3.929,3.929
1681469422562,2023-04-14T12:50:22.562,7.570,-178.529,-84.045,3.696,3.696
1681469422572,2023-04-14T12:50:22.572,7.580,-178.914,-85.699,3.795,3.795
1681469422582,2023-04-14T12:50:22.582,7.590,-179.402,-87.431,4.196,4.196
1681469422592,2023-04-14T12:50:22.592,7.600,-179.912,-89.190,4.847,4.847
1681469422602,2023-04-14T12:50:22.602,7.610,0.382,-88.972,5.636,5.636
1681469422612,2023-04-14T12:50:22.612,7.620,0.746,-87.186,6.400,6.400
1681469422622,2023-04-14T12:50:22.622,7.630,0.964,-85.414,7.064,7.064
1681469422632,2023-04-14T12:50:22.632,7.640,1.027,-83.815,7.597,7.597
1681469422642,2023-04-14T12:50:22.642,7.650,0.980,-82.318,8.015,8.015
1681469422652,2023-04-14T12:50:22.652,7.660,0.855,-80.899,8.333,8.333
1681469422662,2023-04-14T12:50:22.662,7.670,0.671,-79.524,8.434,8.434
1681469422672,2023-04-14T12:50:22.672,7.680,0.532,-77.983,7.996,7.996
1681469422682,2023-04-14T12:50:22.682,7.690,0.514,-76.487,6.928,6.928
1681469422692,2023-04-14T12:50:22.692,7.700,0.628,-75.381,5.538,5.538
1681469422702,2023-04-14T12:50:22.702,7.710,0.797,-74.832,4.243,4.243
1681469422712,2023-04-14T12:50:22.712,7.720,0.996,-74.866,3.245,3.245
1681469422722,2023-04-14T12:50:22.722,7.730,1.203,-75.343,2.550,2.550
1681469422732,2023-04-14T12:50:22.732,7.740,1.266,-76.154,2.190,2.190
1681469422742,2023-04-14T12:50:22.742,7.750,1.148,-77.300,1.871,1.871
1681469422752,2023-04-14T12:50:22.752,7.760,0.843,-78.735,1.505,1.505
1681469422762,2023-04-14T12:50:22.762,7.770,0.434,-80.355,1.075,1.075
1681469422772,2023-04-14T12:50:22.772,7.780,0.034,-82.094,0.501,0.501
1681469422782,2023-04-14T12:50:22.782,7.790,-0.307,-83.705,359.854,359.854
1681469422792,2023-04-14T12:50:22.792,7.800,-0.511,-84.712,359.247,359.247
1681469422802,2023-04-14T12:50:22.802,7.810,-0.440,-84.941,359.123,359.123
1681469422812,2023-04-14T12:50:22.812,7.820,-0.194,-84.426,359.425,359.425
1681469422822,2023-04-14T12:50:22.822,7.830,-0.249,-83.573,359.155,359.155
1681469422832,2023-04-14T12:50:22.832,7.840,-0.677,-83.428,357.752,357.752
1681469422842,2023-04-14T12:50:22.842,7.850,-1.033,-84.233,355.822,355.822
1681469422852,2023-04-14T12:50:22.852,7.860,-1.203,-85.563,354.256,354.256
1681469422862,2023-04-14T12:50:22.862,7.870,-1.414,-86.907,353.329,353.329
1681469422872,2023-04-14T12:50:22.872,7.880,-1.837,-87.712,352.998,352.998
1681469422882,2023-04-14T12:50:22.882,7.890,-2.393,-87.597,352.922,352.922
1681469422892,2023-04-14T12:50:22.892,7.900,-177.160,-87.091,353.154,353.154
1681469422902,2023-04-14T12:50:22.902,7.910,-176.889,-86.686,353.665,353.665
1681469422912,2023-04-14T12:50:22.912,7.920,-176.690,-86.374,354.228,354.228
1681469422922,2023-04-14T12:50:22.922,7.930,-176.497,-86.032,354.572,354.572
1681469422932,2023-04-14T12:50:22.932,7.940,-176.292,-85.563,354.750,354.750
1681469422942,2023-04-14T12:50:22.942,7.950,-176.084,-84.928,354.942,354.942
1681469422952,2023-04-14T12:50:22.952,7.960,-175.887,-84.157,355.160,355.160
1681469422962,2023-04-14T12:50:22.962,7.970,-175.682,-83.300,355.352,355.352
1681469422972,2023-04-14T12:50:22.972,7.980,-175.450,-82.465,355.455,355.455
1681469422982,2023-04-14T12:50:22.982,7.990,-175.194,-81.747,355.437,355.437
1681469422992,2023-04-14T12:50:22.992,8.000,-174.966,-81.210,355.382,355.382
1681469423002,2023-04-14T12:50:23.002,8.010,-174.805,-80.767,355.373,355.373
1681469423012,2023-04-14T12:50:23.012,8.020,-174.683,-80.281,355.332,355.332
1681469423022,2023-04-14T12:50:23.022,8.030,-174.576,-79.714,355.178,355.178
1681469423032,2023-04-14T12:50:23.032,8.040,-174.468,-79.083,354.943,354.943
1681469423042,2023-04-14T12:50:23.042,8.050,-174.353,-78.427,354.690,354.690
1681469423052,2023-04-14T12:50:23.052,8.060,-174.231,-77.781,354.469,354.469
1681469423062,2023-04-14T12:50:23.062,8.070,-174.102,-77.142,354.280,354.280
1681469423072,2023-04-14T12:50:23.072,8.080,-173.975,-76.512,354.128,354.128
1681469423082,2023-04-14T12:50:23.082,8.090,-173.854,-75.898,354.013,354.013
1681469423092,2023-04-14T12:50:23.092,8.100,-173.747,-75.308,353.940,353.940
1681469423102,2023-04-14T12:50:23.102,8.110,-173.661,-74.746,353.918,353.918
1681469423112,2023-04-14T12:50:23.112,8.120,-173.586,-74.165,353.918,353.918
1681469423122,2023-04-14T12:50:23.122,8.130,-173.522,-73.562,353.939,353.939
1681469423132,2023-04-14T12:50:23.132,8.140,-173.474,-72.956,354.013,354.013
1681469423142,2023-04-14T12:50:23.142,8.150,-173.440,-72.360,354.154,354.154
1681469423152,2023-04-14T12:50:23.152,8.160,-173.419,-71.793,354.356,354.356
1681469423162,2023-04-14T12:50:23.162,8.170,-173.406,-71.217,354.590,354.590
1681469423172,2023-04-14T12:50:23.172,8.180,-173.407,-70.628,354.836,354.836
1681469423182,2023-04-14T12:50:23.182,8.190,-173.419,-70.026,355.083,355.083
1681469423192,2023-04-14T12:50:23.192,8.200,-173.437,-69.397,355.329,355.329
1681469423202,2023-04-14T12:50:23.202,8.210,-173.462,-68.752,355.585,355.585
1681469423212,2023-04-14T12:50:23.212,8.220,-173.501,-68.084,355.872,355.872
1681469423222,2023-04-14T12:50:23.222,8.230,-173.557,-67.420,356.199,356.199
1681469423232,2023-04-14T12:50:23.232,8.240,-173.628,-66.766,356.552,356.552
1681469423242,2023-04-14T12:50:23.242,8.250,-173.703,-66.102,356.885,356.885
1681469423252,2023-04-14T12:50:23.252,8.260,-173.785,-65.433,357.191,357.191
1681469423262,2023-04-14T12:50:23.262,8.270,-173.889,-64.763,357.514,357.514
1681469423272,2023-04-14T12:50:23.272,8.280,-174.030,-64.096,357.876,357.876
1681469423282,2023-04-14T12:50:23.282,8.290,-174.196,-63.463,358.254,358.254
1681469423292,2023-04-14T12:50:23.292,8.300,-167.596,-62.850,358.618,358.618
1681469423302,2023-04-14T12:50:23.302,8.310,-168.200,-62.254,358.914,358.914
1681469423312,2023-04-14T12:50:23.312,8.320,-168.693,-61.682,359.102,359.102
1681469423322,2023-04-14T12:50:23.322,8.330,-169.115,-61.152,359.244,359.244
1681469423332,2023-04-14T12:50:23.332,8.340,-169.549,-60.711,359.486,359.486
1681469423342,2023-04-14T12:50:23.342,8.350,-170.063,-60.359,359.929,359.929
1681469423352,2023-04-14T12:50:23.352,8.360,-170.610,-60.103,0.516,0.516
1681469423362,2023-04-14T12:50:23.362,8.370,-171.177,-60.056,1.249,1.249
1681469423372,2023-04-14T12:50:23.372,8.380,-171.879,-60.450,2.268,2.268
1681469423382,2023-04-14T12:50:23.382,8.390,-172.903,-61.030,3.425,3.425
1681469423392,2023-04-14T12:50:23.392,8.400,-173.190,-61.867,3.343,3.343
1681469423402,2023-04-14T12:50:23.402,8.410,-174.450,-60.825,4.917,4.917
1681469423412,2023-04-14T12:50:23.412,8.420,-176.016,-60.488,7.372,7.372
1681469423422,2023-04-14T12:50:23.422,8.430,-176.221,-60.980,7.552,7.552
1681469423432,2023-04-14T12:50:23.432,8.440,-177.978,-60.616,10.571,10.571
1681469423442,2023-04-14T12:50:23.442,8.450,-179.579,-60.628,13.107,13.107
1681469423452,2023-04-14T12:50:23.452,8.460,178.790,-60.726,15.649,15.649
1681469423462,2023-04-14T12:50:23.462,8.470,177.503,-61.051,17.487,17.487
1681469423472,2023-04-14T12:50:23.472,8.480,176.884,-61.576,18.158,18.158
1681469423482,2023-04-14T12:50:23.482,8.490,176.873,-62.107,17.912,17.912
1681469423492,2023-04-14T12:50:23.492,8.500,177.103,-62.661,17.257,17.257
1681469423502,2023-04-14T12:50:23.502,8.510,177.182,-63.242,16.789,16.789
1681469423512,2023-04-14T12:50:23.512,8.520,178.706,-63.788,16.687,16.687
1681469423522,2023-04-14T12:50:23.522,8.530,178.656,-64.360,16.802,16.802
1681469423532,2023-04-14T12:50:23.532,8.540,178.627,-65.055,16.933,16.933
1681469423542,2023-04-14T12:50:23.542,8.550,178.630,-65.824,16.943,16.943
1681469423552,2023-04-14T12:50:23.552,8.560,178.715,-66.666,16.654,16.654
1681469423562,2023-04-14T12:50:23.562,8.570,178.915,-67.574,16.001,16.001
1681469423572,2023-04-14T12:50:23.572,8.580,179.205,-68.577,15.066,15.066
1681469423582,2023-04-14T12:50:23.582,8.590,179.532,-69.646,13.999,13.999
1681469423592,2023-04-14T12:50:23.592,8.600,179.856,-70.765,12.864,12.864
1681469423602,2023-04-14T12:50:23.602,8.610,-179.834,-71.970,11.628,11.628
1681469423612,2023-04-14T12:50:23.612,8.620,-179.564,-73.234,10.300,10.300
1681469423622,2023-04-14T12:50:23.622,8.630,-179.333,-74.585,8.823,8.823
1681469423632,2023-04-14T12:50:23.632,8.640,-179.159,-75.993,7.297,7.297
1681469423642,2023-04-14T12:50:23.642,8.650,-179.062,-77.437,5.887,5.887
1681469423652,2023-04-14T12:50:23.652,8.660,-179.059,-78.964,4.706,4.706
1681469423662,2023-04-14T12:50:23.662,8.670,-179.145,-80.549,3.784,3.784
1681469423672,2023-04-14T12:50:23.672,8.680,-179.302,-82.082,3.143,3.143
1681469423682,2023-04-14T12:50:23.682,8.690,-179.523,-83.570,2.689,2.689
1681469423692,2023-04-14T12:50:23.692,8.700,-179.811,-85.012,2.429,2.429
1681469423702,2023-04-14T12:50:23.702,8.710,179.801,-86.449,2.432,2.432
1681469423712,2023-04-14T12:50:23.712,8.720,179.354,-87.814,2.673,2.673
1681469423722,2023-04-14T12:50:23.722,8.730,178.909,-88.778,3.079,3.079
1681469423732,2023-04-14T12:50:23.732,8.740,1.488,-88.205,3.596,3.596
1681469423742,2023-04-14T12:50:23.742,8.750,1.799,-86.892,4.030,4.030
1681469423752,2023-04-14T12:50:23.752,8.760,1.996,-85.453,4.335,4.335
1681469423762,2023-04-14T12:50:23.762,8.770,2.071,-84.082,4.581,4.581
1681469423772,2023-04-14T12:50:23.772,8.780,2.032,-82.805,4.865,4.865
1681469423782,2023-04-14T12:50:23.782,8.790,1.879,-81.608,5.195,5.195
1681469423792,2023-04-14T12:50:23.792,8.800,1.595,-80.482,5.507,5.507
1681469423802,2023-04-14T12:50:23.802,8.810,1.175,-79.384,5.653,5.653
1681469423812,2023-04-14T12:50:23.812,8.820,0.721,-78.133,5.501,5.501
1681469423822,2023-04-14T12:50:23.822,8.830,0.259,-76.950,5.044,5.044
1681469423832,2023-04-14T12:50:23.832,8.840,-0.196,-76.131,4.309,4.309
1681469423842,2023-04-14T12:50:23.842,8.850,-0.517,-75.669,3.409,3.409
1681469423852,2023-04-14T12:50:23.852,8.860,-0.619,-75.532,2.613,2.613
1681469423862,2023-04-14T12:50:23.862,8.870,-0.617,-75.706,2.160,2.160
1681469423872,2023-04-14T12:50:23.872,8.880,-0.636,-76.193,1.906,1.906
1681469423882,2023-04-14T12:50:23.882,8.890,-0.750,-77.042,1.626,1.626
1681469423892,2023-04-14T12:50:23.892,8.900,-0.960,-78.108,1.265,1.265
1681469423902,2023-04-14T12:50:23.902,8.910,-1.185,-79.265,0.742,0.742
1681469423912,2023-04-14T12:50:23.912,8.920,-1.344,-80.504,359.934,359.934
1681469423922,2023-04-14T12:50:23.922,8.930,-1.412,-81.806,358.911,358.911
1681469423932,2023-04-14T12:50:23.932,8.940,-1.406,-83.066,357.845,357.845
1681469423942,2023-04-14T12:50:23.942,8.950,-1.320,-83.971,356.879,356.879
1681469423952,2023-04-14T12:50:23.952,8.960,-1.078,-84.185,356.120,356.120
1681469423962,2023-04-14T12:50:23.962,8.970,-0.755,-83.692,355.357,355.357
1681469423972,2023-04-14T12:50:23.972,8.980,-0.644,-83.099,354.072,354.072
1681469423982,2023-04-14T12:50:23.982,8.990,-0.742,-83.214,352.104,352.104
1681469423992,2023-04-14T12:50:23.992,9.000,-0.838,-84.117,350.241,350.241
1681469424002,2023-04-14T12:50:24.002,9.010,-0.879,-85.276,348.923,348.923
1681469424012,2023-04-14T12:50:24.012,9.020,-1.038,-86.381,348.219,348.219
1681469424022,2023-04-14T12:50:24.022,9.030,-1.364,-87.252,347.833,347.833
1681469424032,2023-04-14T12:50:24.032,9.040,-1.760,-87.694,347.544,347.544
1681469424042,2023-04-14T12:50:24.042,9.050,-2.107,-87.720,347.400,347.400
1681469424052,2023-04-14T12:50:24.052,9.060,-2.390,-87.567,347.516,347.516
1681469424062,2023-04-14T12:50:24.062,9.070,-2.634,-87.362,347.814,347.814
1681469424072,2023-04-14T12:50:24.072,9.080,-177.135,-87.130,348.124,348.124
1681469424082,2023-04-14T12:50:24.082,9.090,-176.909,-86.868,348.417,348.417
1681469424092,2023-04-14T12:50:24.092,9.100,-176.681,-86.538,348.720,348.720
1681469424102,2023-04-14T12:50:24.102,9.110,-176.446,-86.110,349.021,349.021
1681469424112,2023-04-14T12:50:24.112,9.120,-176.192,-85.569,349.236,349.236
1681469424122,2023-04-14T12:50:24.122,9.130,-175.915,-84.966,349.255,349.255
1681469424132,2023-04-14T12:50:24.132,9.140,-175.628,-84.373,349.105,349.105
1681469424142,2023-04-14T12:50:24.142,9.150,-175.377,-83.874,348.921,348.921
1681469424152,2023-04-14T12:50:24.152,9.160,-175.190,-83.462,348.796,348.796
1681469424162,2023-04-14T12:50:24.162,9.170,-175.061,-83.088,348.710,348.710
1681469424172,2023-04-14T12:50:24.172,9.180,-174.961,-82.719,348.587,348.587
1681469424182,2023-04-14T12:50:24.182,9.190,-174.870,-82.330,348.389,348.389
1681469424192,2023-04-14T12:50:24.192,9.200,-174.777,-81.928,348.134,348.134
1681469424202,2023-04-14T12:50:24.202,9.210,-174.674,-81.502,347.861,347.861
1681469424212,2023-04-14T12:50:24.212,9.220,-174.561,-81.066,347.602,347.602
1681469424222,2023-04-14T12:50:24.222,9.230,-174.444,-80.643,347.371,347.371
1681469424232,2023-04-14T12:50:24.232,9.240,-174.332,-80.241,347.177,347.177
1681469424242,2023-04-14T12:50:24.242,9.250,-174.240,-79.883,347.047,347.047
1681469424252,2023-04-14T12:50:24.252,9.260,-174.180,-79.574,347.013,347.013
1681469424262,2023-04-14T12:50:24.262,9.270,-174.137,-79.275,347.043,347.043
1681469424272,2023-04-14T12:50:24.272,9.280,-174.093,-78.963,347.082,347.082
1681469424282,2023-04-14T12:50:24.282,9.290,-174.035,-78.604,347.110,347.110
1681469424292,2023-04-14T12:50:24.292,9.300,-173.968,-78.197,347.155,347.155
1681469424302,2023-04-14T12:50:24.302,9.310,-173.895,-77.743,347.259,347.259
1681469424312,2023-04-14T12:50:24.312,9.320,-173.825,-77.286,347.419,347.419
1681469424322,2023-04-14T12:50:24.322,9.330,-173.768,-76.872,347.623,347.623
1681469424332,2023-04-14T12:50:24.332,9.340,-173.719,-76.507,347.847,347.847
1681469424342,2023-04-14T12:50:24.342,9.350,-173.671,-76.177,348.056,348.056
1681469424352,2023-04-14T12:50:24.352,9.360,-173.614,-75.846,348.237,348.237
1681469424362,2023-04-14T12:50:24.362,9.370,-173.546,-75.485,348.385,348.385
1681469424372,2023-04-14T12:50:24.372,9.380,-173.474,-75.086,348.525,348.525
1681469424382,2023-04-14T12:50:24.382,9.390,-173.404,-74.624,348.688,348.688
1681469424392,2023-04-14T12:50:24.392,9.400,-173.343,-74.110,348.881,348.881
1681469424402,2023-04-14T12:50:24.402,9.410,-173.312,-73.575,349.141,349.141
1681469424412,2023-04-14T12:50:24.412,9.420,-173.320,-73.030,349.496,349.496
1681469424422,2023-04-14T12:50:24.422,9.430,-173.357,-72.502,349.894,349.894
1681469424432,2023-04-14T12:50:24.432,9.440,-173.411,-71.987,350.280,350.280
1681469424442,2023-04-14T12:50:24.442,9.450,-173.475,-71.495,350.623,350.623
1681469424452,2023-04-14T12:50:24.452,9.460,-173.540,-71.024,350.931,350.931
1681469424462,2023-04-14T12:50:24.462,9.470,-173.605,-70.559,351.245,351.245
1681469424472,2023-04-14T12:50:24.472,9.480,-173.675,-70.127,351.584,351.584
1681469424482,2023-04-14T12:50:24.482,9.490,-173.761,-69.731,351.971,351.971
1681469424492,2023-04-14T12:50:24.492,9.500,-173.874,-69.364,352.433,352.433
1681469424502,2023-04-14T12:50:24.502,9.510,-174.010,-68.993,352.959,352.959
1681469424512,2023-04-14T12:50:24.512,9.520,-174.152,-68.622,353.478,353.478
1681469424522,2023-04-14T12:50:24.522,9.530,-174.310,-68.308,354.003,354.003
1681469424532,2023-04-14T12:50:24.532,9.540,-174.496,-68.080,354.578,354.578
1681469424542,2023-04-14T12:50:24.542,9.550,-174.704,-67.916,355.201,355.201
1681469424552,2023-04-14T12:50:24.552,9.560,-174.949,-67.778,355.890,355.890
1681469424562,2023-04-14T12:50:24.562,9.570,-175.276,-67.675,356.754,356.754
1681469424572,2023-04-14T12:50:24.572,9.580,-175.715,-67.673,357.884,357.884
1681469424582,2023-04-14T12:50:24.582,9.590,-176.286,-67.790,359.336,359.336
1681469424592,2023-04-14T12:50:24.592,9.600,-176.933,-68.008,0.932,0.932
1681469424602,2023-04-14T12:50:24.602,9.610,-177.538,-68.317,2.203,2.203
1681469424612,2023-04-14T12:50:24.612,9.620,-177.840,-69.023,2.361,2.361
1681469424622,2023-04-14T12:50:24.622,9.630,-178.061,-68.701,3.091,3.091
1681469424632,2023-04-14T12:50:24.632,9.640,-178.482,-68.351,4.764,4.764
1681469424642,2023-04-14T12:50:24.642,9.650,-178.679,-68.545,5.559,5.559
1681469424652,2023-04-14T12:50:24.652,9.660,-179.021,-68.442,6.955,6.955
1681469424662,2023-04-14T12:50:24.662,9.670,-179.451,-68.444,8.542,8.542
1681469424672,2023-04-14T12:50:24.672,9.680,-179.845,-68.528,10.017,10.017
1681469424682,2023-04-14T12:50:24.682,9.690,179.837,-68.646,11.208,11.208
1681469424692,2023-04-14T12:50:24.692,9.700,179.626,-68.796,12.022,12.022
1681469424702,2023-04-14T12:50:24.702,9.710,179.471,-69.034,12.556,12.556
1681469424712,2023-04-14T12:50:24.712,9.720,179.307,-69.342,13.045,13.045
1681469424722,2023-04-14T12:50:24.722,9.730,179.119,-69.663,13.591,13.591
1681469424732,2023-04-14T12:50:24.732,9.740,178.950,-70.096,14.083,14.083
1681469424742,2023-04-14T12:50:24.742,9.750,178.805,-70.610,14.540,14.540
1681469424752,2023-04-14T12:50:24.752,9.760,178.632,-71.149,15.104,15.104
1681469424762,2023-04-14T12:50:24.762,9.770,178.433,-71.758,15.724,15.724
1681469424772,2023-04-14T12:50:24.772,9.780,178.237,-72.438,16.275,16.275
1681469424782,2023-04-14T12:50:24.782,9.790,178.072,-73.180,16.654,16.654
1681469424792,2023-04-14T12:50:24.792,9.800,177.949,-73.977,16.818,16.818
1681469424802,2023-04-14T12:50:24.802,9.810,177.872,-74.795,16.757,16.757
1681469424812,2023-04-14T12:50:24.812,9.820,177.823,-75.658,16.527,16.527
1681469424822,2023-04-14T12:50:24.822,9.830,177.786,-76.549,16.190,16.190
1681469424832,2023-04-14T12:50:24.832,9.840,177.750,-77.438,15.780,15.780
1681469424842,2023-04-14T12:50:24.842,9.850,177.710,-78.344,15.307,15.307
1681469424852,2023-04-14T12:50:24.852,9.860,177.653,-79.264,14.818,14.818
1681469424862,2023-04-14T12:50:24.862,9.870,177.558,-80.217,14.384,14.384
1681469424872,2023-04-14T12:50:24.872,9.880,177.400,-81.174,14.136,14.136
1681469424882,2023-04-14T12:50:24.882,9.890,177.207,-82.112,14.076,14.076
1681469424892,2023-04-14T12:50:24.892,9.900,177.013,-83.015,14.106,14.106
1681469424902,2023-04-14T12:50:24.902,9.910,176.876,-83.863,14.066,14.066
1681469424912,2023-04-14T12:50:24.912,9.920,176.803,-84.697,13.791,13.791
1681469424922,2023-04-14T12:50:24.922,9.930,176.749,-85.456,13.318,13.318
1681469424932,2023-04-14T12:50:24.932,9.940,176.672,-86.037,12.788,12.788
1681469424942,2023-04-14T12:50:24.942,9.950,176.567,-86.367,12.234,12.234
1681469424952,2023-04-14T12:50:24.952,9.960,176.436,-86.421,11.788,11.788
1681469424962,2023-04-14T12:50:24.962,9.970,3.724,-86.253,11.484,11.484
1681469424972,2023-04-14T12:50:24.972,9.980,3.891,-85.985,11.316,11.316
1681469424982,2023-04-14T12:50:24.982,9.990,4.050,-85.724,11.208,11.208
1681469424992,2023-04-14T12:50:24.992,10.000,4.191,-85.524,11.137,11.137
1681469425002,2023-04-14T12:50:25.002,10.010,4.305,-85.406,11.092,11.092
1681469425012,2023-04-14T12:50:25.012,10.020,4.388,-85.365,11.015,11.015
1681469425022,2023-04-14T12:50:25.022,10.030,4.436,-85.385,10.889,10.889
1681469425032,2023-04-14T12:50:25.032,10.040,4.456,-85.436,10.737,10.737
1681469425042,2023-04-14T12:50:25.042,10.050,4.459,-85.490,10.554,10.554
1681469425052,2023-04-14T12:50:25.052,10.060,4.462,-85.519,10.309,10.309
1681469425062,2023-04-14T12:50:25.062,10.070,4.463,-85.534,9.966,9.966
1681469425072,2023-04-14T12:50:25.072,10.080,175.550,-85.548,9.514,9.514
1681469425082,2023-04-14T12:50:25.082,10.090,175.577,-85.554,8.979,8.979
1681469425092,2023-04-14T12:50:25.092,10.100,175.617,-85.546,8.369,8.369
1681469425102,2023-04-14T12:50:25.102,10.110,175.662,-85.513,7.725,7.725
1681469425112,2023-04-14T12:50:25.112,10.120,175.685,-85.448,7.179,7.179
1681469425122,2023-04-14T12:50:25.122,10.130,175.661,-85.354,6.822,6.822
1681469425132,2023-04-14T12:50:25.132,10.140,175.614,-85.256,6.658,6.658
1681469425142,2023-04-14T12:50:25.142,10.150,175.585,-85.180,6.619,6.619
1681469425152,2023-04-14T12:50:25.152,10.160,175.606,-85.128,6.611,6.611
1681469425162,2023-04-14T12:50:25.162,10.170,175.676,-85.080,6.561,6.561
1681469425172,2023-04-14T12:50:25.172,10.180,175.785,-85.020,6.453,6.453
1681469425182,2023-04-14T12:50:25.182,10.190,175.921,-84.944,6.313,6.313
1681469425192,2023-04-14T12:50:25.192,10.200,176.076,-84.854,6.158,6.158
1681469425202,2023-04-14T12:50:25.202,10.210,176.241,-84.759,6.016,6.016
1681469425212,2023-04-14T12:50:25.212,10.220,176.402,-84.662,5.916,5.916
1681469425222,2023-04-14T12:50:25.222,10.230,176.541,-84.561,5.883,5.883
1681469425232,2023-04-14T12:50:25.232,10.240,176.648,-84.457,5.935,5.935
1681469425242,2023-04-14T12:50:25.242,10.250,176.733,-84.351,6.044,6.044
1681469425252,2023-04-14T12:50:25.252,10.260,176.809,-84.251,6.146,6.146
1681469425262,2023-04-14T12:50:25.262,10.270,176.885,-84.169,6.183,6.183
1681469425272,2023-04-14T12:50:25.272,10.280,176.958,-84.112,6.135,6.135
1681469425282,2023-04-14T12:50:25.282,10.290,177.030,-84.070,6.024,6.024
1681469425292,2023-04-14T12:50:25.292,10.300,177.104,-84.030,5.879,5.879
1681469425302,2023-04-14T12:50:25.302,10.310,177.182,-83.981,5.713,5.713
1681469425312,2023-04-14T12:50:25.312,10.320,177.260,-83.926,5.538,5.538
1681469425322,2023-04-14T12:50:25.322,10.330,177.339,-83.867,5.364,5.364
1681469425332,2023-04-14T12:50:25.332,10.340,177.411,-83.806,5.215,5.215
1681469425342,2023-04-14T12:50:25.342,10.350,177.475,-83.739,5.094,5.094
1681469425352,2023-04-14T12:50:25.352,10.360,177.531,-83.661,4.999,4.999
1681469425362,2023-04-14T12:50:25.362,10.370,177.579,-83.572,4.926,4.926
1681469425372,2023-04-14T12:50:25.372,10.380,177.619,-83.474,4.866,4.866
1681469425382,2023-04-14T12:50:25.382,10.390,177.658,-83.375,4.802,4.802
1681469425392,2023-04-14T12:50:25.392,10.400,177.697,-83.284,4.719,4.719
1681469425402,2023-04-14T12:50:25.402,10.410,177.738,-83.204,4.627,4.627
1681469425412,2023-04-14T12:50:25.412,10.420,177.785,-83.133,4.530,4.530
1681469425422,2023-04-14T12:50:25.422,10.430,177.839,-83.071,4.436,4.436
1681469425432,2023-04-14T12:50:25.432,10.440,177.899,-83.021,4.352,4.352
1681469425442,2023-04-14T12:50:25.442,10.450,177.965,-82.980,4.281,4.281
1681469425452,2023-04-14T12:50:25.452,10.460,178.035,-82.949,4.228,4.228
1681469425462,2023-04-14T12:50:25.462,10.470,177.251,-82.252,5.158,5.158
1681469425472,2023-04-14T12:50:25.472,10.480,177.318,-82.238,5.132,5.132
1681469425482,2023-04-14T12:50:25.482,10.490,177.382,-82.227,5.113,5.113
1681469425492,2023-04-14T12:50:25.492,10.500,177.442,-82.212,5.097,5.097
1681469425502,2023-04-14T12:50:25.502,10.510,177.497,-82.190,5.085,5.085
1681469425512,2023-04-14T12:50:25.512,10.520,177.547,-82.162,5.079,5.079
1681469425522,2023-04-14T12:50:25.522,10.530,177.593,-82.132,5.073,5.073
1681469425532,2023-04-14T12:50:25.532,10.540,177.636,-82.108,5.059,5.059
1681469425542,2023-04-14T12:50:25.542,10.550,177.677,-82.091,5.033,5.033
1681469425552,2023-04-14T12:50:25.552,10.560,177.782,-82.136,4.918,4.918
1681469425562,2023-04-14T12:50:25.562,10.570,177.877,-82.168,4.805,4.805
1681469425572,2023-04-14T12:50:25.572,10.580,177.962,-82.185,4.692,4.692
