epoch (ms);time (01:00);elapsed (s);x-axis (deg/s);y-axis (deg/s);z-axis (deg/s)
1.68198E+12;2023-04-20T10:25:57.139;0;-5.663;-2.439;2.226
1.68198E+12;2023-04-20T10:25:57.149;0.01;-5.716;-2.492;2.652
1.68198E+12;2023-04-20T10:25:57.159;0.02;-5.282;-2.477;3.072
1.68198E+12;2023-04-20T10:25:57.169;0.03;-4.97;-2.744;2.973
1.68198E+12;2023-04-20T10:25:57.179;0.04;-4.703;-2.927;3.178
1.68198E+12;2023-04-20T10:25:57.189;0.05;-4.581;-3.041;3.407
1.68198E+12;2023-04-20T10:25:57.199;0.06;-4.893;-3.224;3.712
1.68198E+12;2023-04-20T10:25:57.209;0.07;-5.053;-3.232;4.002
1.68198E+12;2023-04-20T10:25:57.219;0.08;-5.229;-3.194;4.223
1.68198E+12;2023-04-20T10:25:57.229;0.09;-5.45;-3.43;4.444
1.68198E+12;2023-04-20T10:25:57.239;0.1;-5.396;-3.582;4.619
1.68198E+12;2023-04-20T10:25:57.249;0.11;-5.396;-3.712;4.68
1.68198E+12;2023-04-20T10:25:57.259;0.12;-5.648;-4.017;4.627
1.68198E+12;2023-04-20T10:25:57.269;0.13;-6.227;-4.177;4.794
1.68198E+12;2023-04-20T10:25:57.279;0.14;-6.684;-4.238;5.046
1.68198E+12;2023-04-20T10:25:57.289;0.15;-7.058;-4.444;5.069
1.68198E+12;2023-04-20T10:25:57.299;0.16;-7.355;-4.901;5.381
1.68198E+12;2023-04-20T10:25:57.309;0.17;-7.424;-5.434;6.204
1.68198E+12;2023-04-20T10:25:57.319;0.18;-7.111;-5.732;6.913
1.68198E+12;2023-04-20T10:25:57.329;0.19;-6.197;-6.227;7.279
1.68198E+12;2023-04-20T10:25:57.339;0.2;-5.229;-6.639;7.675
1.68198E+12;2023-04-20T10:25:57.349;0.21;-4.261;-7.012;8.079
1.68198E+12;2023-04-20T10:25:57.359;0.22;-3.117;-7.37;8.453
1.68198E+12;2023-04-20T10:25:57.369;0.23;-1.898;-7.729;8.742
1.68198E+12;2023-04-20T10:25:57.379;0.24;-0.587;-8.163;8.864
1.68198E+12;2023-04-20T10:25:57.389;0.25;0.945;-8.483;9.078
1.68198E+12;2023-04-20T10:25:57.399;0.26;2.332;-8.742;9.451
1.68198E+12;2023-04-20T10:25:57.409;0.27;2.401;-9.261;9.718
1.68198E+12;2023-04-20T10:25:57.419;0.28;1.822;-9.748;9.878
1.68198E+12;2023-04-20T10:25:57.429;0.29;1.677;-9.771;9.916
1.68198E+12;2023-04-20T10:25:57.439;0.3;1.509;-9.527;9.878
1.68198E+12;2023-04-20T10:25:57.449;0.31;1.623;-9.154;9.573
1.68198E+12;2023-04-20T10:25:57.459;0.32;0.526;-9.253;9.337
1.68198E+12;2023-04-20T10:25:57.469;0.33;-2.157;-10.061;9.032
1.68198E+12;2023-04-20T10:25:57.479;0.34;-4.405;-10.793;9.101
1.68198E+12;2023-04-20T10:25:57.489;0.35;-5.305;-10.595;9.703
1.68198E+12;2023-04-20T10:25:57.499;0.36;-5.701;-10.694;10.457
1.68198E+12;2023-04-20T10:25:57.509;0.37;-4.627;-11.822;10.808
1.68198E+12;2023-04-20T10:25:57.519;0.38;-1.814;-12.248;11.128
1.68198E+12;2023-04-20T10:25:57.529;0.39;-0.96;-11.776;11.654
1.68198E+12;2023-04-20T10:25:57.539;0.4;-2.515;-10.572;12.256
1.68198E+12;2023-04-20T10:25:57.549;0.41;-3.285;-10.419;12.813
1.68198E+12;2023-04-20T10:25:57.559;0.42;-1.578;-11.669;13.552
1.68198E+12;2023-04-20T10:25:57.569;0.43;-0.213;-11.418;14.848
1.68198E+12;2023-04-20T10:25:57.579;0.44;0.038;-11.471;16.532
1.68198E+12;2023-04-20T10:25:57.589;0.45;1.402;-13.407;17.309
1.68198E+12;2023-04-20T10:25:57.599;0.46;2.317;-15.168;16.776
1.68198E+12;2023-04-20T10:25:57.609;0.47;1.463;-16.204;16.151
1.68198E+12;2023-04-20T10:25:57.619;0.48;1.105;-16.837;16.25
1.68198E+12;2023-04-20T10:25:57.629;0.49;4.604;-17.447;17.409
1.68198E+12;2023-04-20T10:25:57.639;0.5;10.206;-17.05;18.994
1.68198E+12;2023-04-20T10:25:57.649;0.51;12.302;-15.686;19.779
1.68198E+12;2023-04-20T10:25:57.659;0.52;10.823;-14.512;19.748
1.68198E+12;2023-04-20T10:25:57.669;0.53;6.867;-13.346;19.672
1.68198E+12;2023-04-20T10:25:57.679;0.54;1.982;-13.468;19.748
1.68198E+12;2023-04-20T10:25:57.689;0.55;-0.541;-14.322;20.442
1.68198E+12;2023-04-20T10:25:57.699;0.56;-1.585;-14.924;20.945
1.68198E+12;2023-04-20T10:25:57.709;0.57;-2.774;-15.213;20.61
1.68198E+12;2023-04-20T10:25:57.719;0.58;-2.873;-15.175;20.442
1.68198E+12;2023-04-20T10:25:57.729;0.59;-2.409;-14.688;20.358
1.68198E+12;2023-04-20T10:25:57.739;0.6;0.046;-14.748;20.823
1.68198E+12;2023-04-20T10:25:57.749;0.61;3.476;-14.512;21.608
1.68198E+12;2023-04-20T10:25:57.759;0.62;7.248;-14.306;21.898
1.68198E+12;2023-04-20T10:25:57.769;0.63;10.617;-14.893;21.745
1.68198E+12;2023-04-20T10:25:57.779;0.64;12.355;-15.32;22.088
1.68198E+12;2023-04-20T10:25:57.789;0.65;13.834;-15.93;23.239
1.68198E+12;2023-04-20T10:25:57.799;0.66;15.419;-16.265;24.55
1.68198E+12;2023-04-20T10:25:57.809;0.67;15.381;-16.41;25.816
1.68198E+12;2023-04-20T10:25:57.819;0.68;13.049;-16.631;27.111
1.68198E+12;2023-04-20T10:25:57.829;0.69;9.299;-15.869;28.117
1.68198E+12;2023-04-20T10:25:57.839;0.7;4.451;-15.343;29.085
1.68198E+12;2023-04-20T10:25:57.849;0.71;0.389;-14.84;29.726
1.68198E+12;2023-04-20T10:25:57.859;0.72;-3.544;-14.68;29.611
1.68198E+12;2023-04-20T10:25:57.869;0.73;-6.242;-14.802;29.649
1.68198E+12;2023-04-20T10:25:57.879;0.74;-8.514;-13.704;29.886
1.68198E+12;2023-04-20T10:25:57.889;0.75;-10.419;-13.476;30.892
1.68198E+12;2023-04-20T10:25:57.899;0.76;-9.2;-14.558;33.445
1.68198E+12;2023-04-20T10:25:57.909;0.77;-8.125;-14.466;35.968
1.68198E+12;2023-04-20T10:25:57.919;0.78;-8.514;-14.688;36.928
1.68198E+12;2023-04-20T10:25:57.929;0.79;-6.829;-15.518;37.294
1.68198E+12;2023-04-20T10:25:57.939;0.8;-5.877;-16.204;37.675
1.68198E+12;2023-04-20T10:25:57.949;0.81;-2.79;-18.087;38.681
1.68198E+12;2023-04-20T10:25:57.959;0.82;2.058;-19.581;39.405
1.68198E+12;2023-04-20T10:25:57.969;0.83;6.128;-20.069;39.527
1.68198E+12;2023-04-20T10:25:57.979;0.84;8.476;-20.229;39.085
1.68198E+12;2023-04-20T10:25:57.989;0.85;12.553;-21.113;38.796
1.68198E+12;2023-04-20T10:25:57.999;0.86;16.723;-22.561;38.971
1.68198E+12;2023-04-20T10:25:58.009;0.87;17.835;-23.537;39.466
1.68198E+12;2023-04-20T10:25:58.019;0.88;15.313;-25.069;39.756
1.68198E+12;2023-04-20T10:25:58.029;0.89;12.744;-26.928;40.183
1.68198E+12;2023-04-20T10:25:58.039;0.9;13.514;-28.262;41.181
1.68198E+12;2023-04-20T10:25:58.049;0.91;15.137;-29.162;42.37
1.68198E+12;2023-04-20T10:25:58.059;0.92;14.482;-31.326;42.919
1.68198E+12;2023-04-20T10:25:58.069;0.93;13.117;-32.569;43.163
1.68198E+12;2023-04-20T10:25:58.079;0.94;13.3;-32.378;42.63
1.68198E+12;2023-04-20T10:25:58.089;0.95;12.058;-31.829;41.646
1.68198E+12;2023-04-20T10:25:58.099;0.96;9.543;-30.191;40.777
1.68198E+12;2023-04-20T10:25:58.109;0.97;5.29;-28.049;40.518
1.68198E+12;2023-04-20T10:25:58.119;0.98;0.892;-26.959;40.587
1.68198E+12;2023-04-20T10:25:58.129;0.99;-0.899;-27.005;40.663
1.68198E+12;2023-04-20T10:25:58.139;1;0.785;-26.89;40.686
1.68198E+12;2023-04-20T10:25:58.149;1.01;6.715;-26.128;39.733
1.68198E+12;2023-04-20T10:25:58.159;1.02;16.433;-26.852;37.279
1.68198E+12;2023-04-20T10:25:58.169;1.03;24.375;-26.989;34.009
1.68198E+12;2023-04-20T10:25:58.179;1.04;28.758;-24.573;29.405
1.68198E+12;2023-04-20T10:25:58.189;1.05;31.12;-20.457;24.588
1.68198E+12;2023-04-20T10:25:58.199;1.06;27.226;-12.188;18.285
1.68198E+12;2023-04-20T10:25:58.209;1.07;9.383;4.078;6.387
1.68198E+12;2023-04-20T10:25:58.219;1.08;-12.401;25.808;-9.451
1.68198E+12;2023-04-20T10:25:58.229;1.09;3.918;48.979;-16.669
1.68198E+12;2023-04-20T10:25:58.239;1.1;68.003;62.98;-14.726
1.68198E+12;2023-04-20T10:25:58.249;1.11;102.485;59.992;-23.171
1.68198E+12;2023-04-20T10:25:58.259;1.12;130.724;51.448;-45.549
1.68198E+12;2023-04-20T10:25:58.269;1.13;152.538;53.697;-66.273
1.68198E+12;2023-04-20T10:25:58.279;1.14;148.377;57.912;-77.363
1.68198E+12;2023-04-20T10:25:58.289;1.15;133.582;59.466;-81.098
1.68198E+12;2023-04-20T10:25:58.299;1.16;125.534;57.835;-84.771
1.68198E+12;2023-04-20T10:25:58.309;1.17;121.86;53.674;-91.494
1.68198E+12;2023-04-20T10:25:58.319;1.18;122.066;48.407;-100.122
1.68198E+12;2023-04-20T10:25:58.329;1.19;125.305;44.825;-109.71
1.68198E+12;2023-04-20T10:25:58.339;1.2;121.052;43.613;-120.236
1.68198E+12;2023-04-20T10:25:58.349;1.21;101.105;45.206;-131.875
1.68198E+12;2023-04-20T10:25:58.359;1.22;72.37;46.128;-140.823
1.68198E+12;2023-04-20T10:25:58.369;1.23;51.601;43.788;-143.262
1.68198E+12;2023-04-20T10:25:58.379;1.24;38.956;42.607;-141.745
1.68198E+12;2023-04-20T10:25:58.389;1.25;25.899;41.189;-142.599
1.68198E+12;2023-04-20T10:25:58.399;1.26;18.681;38.163;-148.941
1.68198E+12;2023-04-20T10:25:58.409;1.27;20.305;37.53;-157.797
1.68198E+12;2023-04-20T10:25:58.419;1.28;24.2;38.087;-165.16
1.68198E+12;2023-04-20T10:25:58.429;1.29;25.175;37.401;-170.518
1.68198E+12;2023-04-20T10:25:58.439;1.3;17.005;35.938;-173.979
1.68198E+12;2023-04-20T10:25:58.449;1.31;8.628;32.553;-176.822
1.68198E+12;2023-04-20T10:25:58.459;1.32;4.604;28.491;-177.652
1.68198E+12;2023-04-20T10:25:58.469;1.33;6.433;27.172;-174.596
1.68198E+12;2023-04-20T10:25:58.479;1.34;4.466;27.066;-171.745
1.68198E+12;2023-04-20T10:25:58.489;1.35;1.509;26.006;-170.046
1.68198E+12;2023-04-20T10:25:58.499;1.36;2.424;25.389;-167.393
1.68198E+12;2023-04-20T10:25:58.509;1.37;5.686;24.421;-162.988
1.68198E+12;2023-04-20T10:25:58.519;1.38;8.186;23.788;-157.401
1.68198E+12;2023-04-20T10:25:58.529;1.39;8.316;25.137;-151.547
1.68198E+12;2023-04-20T10:25:58.539;1.4;7.027;28.399;-145.991
1.68198E+12;2023-04-20T10:25:58.549;1.41;4.787;30.061;-139.535
1.68198E+12;2023-04-20T10:25:58.559;1.42;3.788;28.613;-130.846
1.68198E+12;2023-04-20T10:25:58.569;1.43;4.931;26.059;-120
1.68198E+12;2023-04-20T10:25:58.579;1.44;5.877;23.613;-108.544
1.68198E+12;2023-04-20T10:25:58.589;1.45;4.489;21.09;-96.989
1.68198E+12;2023-04-20T10:25:58.599;1.46;2.035;17.942;-85.77
1.68198E+12;2023-04-20T10:25:58.609;1.47;7.279;12.218;-74.032
1.68198E+12;2023-04-20T10:25:58.619;1.48;22.21;6.677;-61.806
1.68198E+12;2023-04-20T10:25:58.629;1.49;28.933;4.588;-53.742
1.68198E+12;2023-04-20T10:25:58.639;1.5;24.901;2.386;-52.309
1.68198E+12;2023-04-20T10:25:58.649;1.51;11.989;-1.067;-57.043
1.68198E+12;2023-04-20T10:25:58.659;1.52;-0.396;-2.546;-61.174
1.68198E+12;2023-04-20T10:25:58.669;1.53;-17.988;2.035;-63.826
1.68198E+12;2023-04-20T10:25:58.679;1.54;-55.579;14.459;-67.294
1.68198E+12;2023-04-20T10:25:58.689;1.55;-90.313;26.723;-67.995
1.68198E+12;2023-04-20T10:25:58.699;1.56;-104.192;30.343;-60.381
1.68198E+12;2023-04-20T10:25:58.709;1.57;-107.683;26.258;-40.419
1.68198E+12;2023-04-20T10:25:58.719;1.58;-92.424;22.043;-11.212
1.68198E+12;2023-04-20T10:25:58.729;1.59;-50.762;19.916;12.965
1.68198E+12;2023-04-20T10:25:58.739;1.6;6.479;13.704;26.402
1.68198E+12;2023-04-20T10:25:58.749;1.61;54.756;6.669;35.008
1.68198E+12;2023-04-20T10:25:58.759;1.62;83.346;-10.877;53.803
1.68198E+12;2023-04-20T10:25:58.769;1.63;82.348;-29.543;82.957
1.68198E+12;2023-04-20T10:25:58.779;1.64;75.564;-35.884;103.369
1.68198E+12;2023-04-20T10:25:58.789;1.65;120.953;-2.53;87.957
1.68198E+12;2023-04-20T10:25:58.799;1.66;125.084;-1.936;43.171
1.68198E+12;2023-04-20T10:25:58.809;1.67;79.474;-43.529;8.681
1.68198E+12;2023-04-20T10:25:58.819;1.68;13.575;-54.284;3.43
1.68198E+12;2023-04-20T10:25:58.829;1.69;-76.258;-29.428;22.561
1.68198E+12;2023-04-20T10:25:58.839;1.7;-106.28;4.825;52.127
1.68198E+12;2023-04-20T10:25:58.849;1.71;-86.928;9.809;66.928
1.68198E+12;2023-04-20T10:25:58.859;1.72;-19.07;-19.032;63.575
1.68198E+12;2023-04-20T10:25:58.869;1.73;60.899;-39.756;57.172
1.68198E+12;2023-04-20T10:25:58.879;1.74;91.791;-39.085;58.468
1.68198E+12;2023-04-20T10:25:58.889;1.75;91.966;-38.948;65.991
1.68198E+12;2023-04-20T10:25:58.899;1.76;67.645;-36.913;75.122
1.68198E+12;2023-04-20T10:25:58.909;1.77;28.232;-31.7;77.934
1.68198E+12;2023-04-20T10:25:58.919;1.78;-1.006;-34.581;74.649
1.68198E+12;2023-04-20T10:25:58.929;1.79;-9.863;-42.424;75.983
1.68198E+12;2023-04-20T10:25:58.939;1.8;-2.584;-43.46;81.28
1.68198E+12;2023-04-20T10:25:58.949;1.81;14.024;-38.773;85.648
1.68198E+12;2023-04-20T10:25:58.959;1.82;29.459;-33.925;87.37
1.68198E+12;2023-04-20T10:25:58.969;1.83;37.104;-29.177;86.86
1.68198E+12;2023-04-20T10:25:58.979;1.84;34.177;-26.303;85.716
1.68198E+12;2023-04-20T10:25:58.989;1.85;21.227;-26.166;85.915
1.68198E+12;2023-04-20T10:25:58.999;1.86;4.619;-27.393;87.111
1.68198E+12;2023-04-20T10:25:59.009;1.87;-7.584;-28.857;88.788
1.68198E+12;2023-04-20T10:25:59.019;1.88;-10.846;-31.067;90.267
1.68198E+12;2023-04-20T10:25:59.029;1.89;-8.43;-32.851;91.067
1.68198E+12;2023-04-20T10:25:59.039;1.9;-3.369;-34.596;91.951
1.68198E+12;2023-04-20T10:25:59.049;1.91;4.116;-36.319;93.384
1.68198E+12;2023-04-20T10:25:59.059;1.92;14.649;-36.517;95.846
1.68198E+12;2023-04-20T10:25:59.069;1.93;23.803;-33.941;97.95
1.68198E+12;2023-04-20T10:25:59.079;1.94;26.944;-31.463;99.794
1.68198E+12;2023-04-20T10:25:59.089;1.95;24.619;-31.143;101.235
1.68198E+12;2023-04-20T10:25:59.099;1.96;21.502;-31.098;102.332
1.68198E+12;2023-04-20T10:25:59.109;1.97;20.389;-31.608;103.727
1.68198E+12;2023-04-20T10:25:59.119;1.98;18.994;-32.188;104.931
1.68198E+12;2023-04-20T10:25:59.129;1.99;15.518;-31.136;106.006
1.68198E+12;2023-04-20T10:25:59.139;2;12.195;-29.345;107.348
1.68198E+12;2023-04-20T10:25:59.149;2.01;7.492;-27.927;108.392
1.68198E+12;2023-04-20T10:25:59.159;2.02;4.2;-27.47;108.064
1.68198E+12;2023-04-20T10:25:59.169;2.03;3.765;-26.113;105.732
1.68198E+12;2023-04-20T10:25:59.179;2.04;5.45;-24.947;101.944
1.68198E+12;2023-04-20T10:25:59.189;2.05;6.441;-24.809;97.5
1.68198E+12;2023-04-20T10:25:59.199;2.06;5.579;-25.998;92.927
1.68198E+12;2023-04-20T10:25:59.209;2.07;4.276;-27.332;89.466
1.68198E+12;2023-04-20T10:25:59.219;2.08;1.616;-27.668;87.63
1.68198E+12;2023-04-20T10:25:59.229;2.09;-3.742;-28.88;86.677
1.68198E+12;2023-04-20T10:25:59.239;2.1;-9.543;-31.86;87.241
1.68198E+12;2023-04-20T10:25:59.249;2.11;-9.962;-35.305;88.735
1.68198E+12;2023-04-20T10:25:59.259;2.12;-7.271;-37.561;88.956
1.68198E+12;2023-04-20T10:25:59.269;2.13;-5.297;-38.902;88.643
1.68198E+12;2023-04-20T10:25:59.279;2.14;-0.297;-35.534;86.723
1.68198E+12;2023-04-20T10:25:59.289;2.15;6.86;-26.898;81.151
1.68198E+12;2023-04-20T10:25:59.299;2.16;11.075;-17.386;73.468
1.68198E+12;2023-04-20T10:25:59.309;2.17;9.611;-10.823;67.172
1.68198E+12;2023-04-20T10:25:59.319;2.18;3.445;-5.046;61.029
1.68198E+12;2023-04-20T10:25:59.329;2.19;0.099;1.181;53.316
1.68198E+12;2023-04-20T10:25:59.339;2.2;3.369;9.657;45.053
1.68198E+12;2023-04-20T10:25:59.349;2.21;13.361;21.387;37.393
1.68198E+12;2023-04-20T10:25:59.359;2.22;36.273;28.27;35.282
1.68198E+12;2023-04-20T10:25:59.369;2.23;84.428;34.337;36.303
1.68198E+12;2023-04-20T10:25:59.379;2.24;105.29;52.409;23.91
1.68198E+12;2023-04-20T10:25:59.389;2.25;99.085;63.468;-5.076
1.68198E+12;2023-04-20T10:25:59.399;2.26;105.373;69.558;-33.27
1.68198E+12;2023-04-20T10:25:59.409;2.27;98.026;81.052;-55.29
1.68198E+12;2023-04-20T10:25:59.419;2.28;58.194;85.747;-75.168
1.68198E+12;2023-04-20T10:25:59.429;2.29;18.979;90.495;-90.808
1.68198E+12;2023-04-20T10:25:59.439;2.3;-5.96;97.149;-100.366
1.68198E+12;2023-04-20T10:25:59.449;2.31;-18.285;88.552;-109.2
1.68198E+12;2023-04-20T10:25:59.459;2.32;-8.171;73.216;-115.64
1.68198E+12;2023-04-20T10:25:59.469;2.33;8.948;69.215;-121.936
1.68198E+12;2023-04-20T10:25:59.479;2.34;18.072;72.226;-130.412
1.68198E+12;2023-04-20T10:25:59.489;2.35;3.186;82.767;-135.107
1.68198E+12;2023-04-20T10:25:59.499;2.36;-16.555;82.492;-136.654
1.68198E+12;2023-04-20T10:25:59.509;2.37;-20.755;67.995;-138.133
1.68198E+12;2023-04-20T10:25:59.519;2.38;-23.613;57.18;-140.389
1.68198E+12;2023-04-20T10:25:59.529;2.39;-31.387;52.721;-143.918
1.68198E+12;2023-04-20T10:25:59.539;2.4;-35.694;46.029;-150.595
1.68198E+12;2023-04-20T10:25:59.549;2.41;-40.915;38.712;-157.508
1.68198E+12;2023-04-20T10:25:59.559;2.42;-51.989;33.399;-162.492
1.68198E+12;2023-04-20T10:25:59.569;2.43;-69.23;32.035;-167.508
1.68198E+12;2023-04-20T10:25:59.579;2.44;-83.62;31.151;-170.366
1.68198E+12;2023-04-20T10:25:59.589;2.45;-89.893;28.323;-170.061
1.68198E+12;2023-04-20T10:25:59.599;2.46;-89.421;23.826;-166.715
1.68198E+12;2023-04-20T10:25:59.609;2.47;-80.648;21.966;-160.953
1.68198E+12;2023-04-20T10:25:59.619;2.48;-73.575;24.078;-155.587
1.68198E+12;2023-04-20T10:25:59.629;2.49;-69.535;26.517;-149.878
1.68198E+12;2023-04-20T10:25:59.639;2.5;-64.192;25.838;-143.338
1.68198E+12;2023-04-20T10:25:59.649;2.51;-61.502;23.933;-137.081
1.68198E+12;2023-04-20T10:25:59.659;2.52;-62.843;23.155;-131.181
1.68198E+12;2023-04-20T10:25:59.669;2.53;-64.284;23.864;-124.832
1.68198E+12;2023-04-20T10:25:59.679;2.54;-64.665;25.267;-118.689
1.68198E+12;2023-04-20T10:25:59.689;2.55;-63.034;25.945;-113.582
1.68198E+12;2023-04-20T10:25:59.699;2.56;-59.024;24.223;-108.872
1.68198E+12;2023-04-20T10:25:59.709;2.57;-52.896;20.846;-103.46
1.68198E+12;2023-04-20T10:25:59.719;2.58;-48.994;17.683;-97.073
1.68198E+12;2023-04-20T10:25:59.729;2.59;-42.813;17.088;-87.645
1.68198E+12;2023-04-20T10:25:59.739;2.6;-30.023;17.66;-76.784
1.68198E+12;2023-04-20T10:25:59.749;2.61;-12.127;18.62;-67.561
1.68198E+12;2023-04-20T10:25:59.759;2.62;6.944;17.683;-59.771
1.68198E+12;2023-04-20T10:25:59.769;2.63;24.695;13.529;-53.651
1.68198E+12;2023-04-20T10:25:59.779;2.64;43.697;7.729;-51.38
1.68198E+12;2023-04-20T10:25:59.789;2.65;67.942;-6.524;-56.143
1.68198E+12;2023-04-20T10:25:59.799;2.66;93.407;-35.396;-68.293
1.68198E+12;2023-04-20T10:25:59.809;2.67;114.291;-69.909;-81.936
1.68198E+12;2023-04-20T10:25:59.819;2.68;125.747;-90.145;-89.573
1.68198E+12;2023-04-20T10:25:59.829;2.69;122.942;-88.758;-76.944
1.68198E+12;2023-04-20T10:25:59.839;2.7;82.995;-69.802;-43.697
1.68198E+12;2023-04-20T10:25:59.849;2.71;60.869;-53.72;-15.038
1.68198E+12;2023-04-20T10:25:59.859;2.72;42.058;-31.471;9.703
1.68198E+12;2023-04-20T10:25:59.869;2.73;34.299;-26.951;32.111
1.68198E+12;2023-04-20T10:25:59.879;2.74;21.38;-26.723;51.22
1.68198E+12;2023-04-20T10:25:59.889;2.75;5.023;-26.631;63.171
1.68198E+12;2023-04-20T10:25:59.899;2.76;-15.282;-24.604;75.389
1.68198E+12;2023-04-20T10:25:59.909;2.77;-68.194;-42.439;110.198
1.68198E+12;2023-04-20T10:25:59.919;2.78;-52.904;-43.994;149.329
1.68198E+12;2023-04-20T10:25:59.929;2.79;25.404;45.381;121.189
1.68198E+12;2023-04-20T10:25:59.939;2.8;-17.287;64.078;13.788
1.68198E+12;2023-04-20T10:25:59.949;2.81;-160.831;-65.983;-36.974
1.68198E+12;2023-04-20T10:25:59.959;2.82;-169.596;-98.201;6.639
1.68198E+12;2023-04-20T10:25:59.969;2.83;-206.12;-47.919;40.282
1.68198E+12;2023-04-20T10:25:59.979;2.84;-226.814;-1.098;58.963
1.68198E+12;2023-04-20T10:25:59.989;2.85;-133.491;9.047;77.98
1.68198E+12;2023-04-20T10:25:59.999;2.86;-45.16;4.787;84.581
1.68198E+12;2023-04-20T10:26:00.009;2.87;46.936;-19.123;76.555
1.68198E+12;2023-04-20T10:26:00.019;2.88;79.345;-46.883;64.154
1.68198E+12;2023-04-20T10:26:00.029;2.89;69.642;-52.233;58.011
1.68198E+12;2023-04-20T10:26:00.039;2.9;70.938;-48.841;58.247
1.68198E+12;2023-04-20T10:26:00.049;2.91;94.459;-52.492;67.523
1.68198E+12;2023-04-20T10:26:00.059;2.92;112.096;-48.095;80.091
1.68198E+12;2023-04-20T10:26:00.069;2.93;118.255;-42.546;89.741
1.68198E+12;2023-04-20T10:26:00.079;2.94;114.695;-36.029;95.434
1.68198E+12;2023-04-20T10:26:00.089;2.95;101.631;-30.038;95.267
1.68198E+12;2023-04-20T10:26:00.099;2.96;79.665;-32.767;91.517
1.68198E+12;2023-04-20T10:26:00.109;2.97;53.712;-35.457;88.788
1.68198E+12;2023-04-20T10:26:00.119;2.98;29.756;-32.988;89.573
1.68198E+12;2023-04-20T10:26:00.129;2.99;7.332;-31.822;95.518
1.68198E+12;2023-04-20T10:26:00.139;3;-6.601;-35.069;101.829
1.68198E+12;2023-04-20T10:26:00.149;3.01;-13.277;-37.637;104.817
1.68198E+12;2023-04-20T10:26:00.159;3.02;-15.534;-37.5;105.122
1.68198E+12;2023-04-20T10:26:00.169;3.03;-16.898;-34.802;104.009
1.68198E+12;2023-04-20T10:26:00.179;3.04;-16.059;-32.37;102.79
1.68198E+12;2023-04-20T10:26:00.189;3.05;-13.613;-33.186;101.143
1.68198E+12;2023-04-20T10:26:00.199;3.06;-11.151;-35.091;99.345
1.68198E+12;2023-04-20T10:26:00.209;3.07;-9.207;-36.944;97.188
1.68198E+12;2023-04-20T10:26:00.219;3.08;-7.523;-38.826;94.489
1.68198E+12;2023-04-20T10:26:00.229;3.09;-4.184;-41.532;91.845
1.68198E+12;2023-04-20T10:26:00.239;3.1;0.998;-42.561;90.252
1.68198E+12;2023-04-20T10:26:00.249;3.11;5.648;-39.299;90.457
1.68198E+12;2023-04-20T10:26:00.259;3.12;5.335;-34.665;92.393
1.68198E+12;2023-04-20T10:26:00.269;3.13;3.575;-30.404;95.389
1.68198E+12;2023-04-20T10:26:00.279;3.14;1.913;-26.563;98.262
1.68198E+12;2023-04-20T10:26:00.289;3.15;7.218;-25.64;100.816
1.68198E+12;2023-04-20T10:26:00.299;3.16;21.387;-27.95;104.101
1.68198E+12;2023-04-20T10:26:00.309;3.17;39.306;-30.739;107.035
1.68198E+12;2023-04-20T10:26:00.319;3.18;55.64;-31.585;108.247
1.68198E+12;2023-04-20T10:26:00.329;3.19;67.18;-30.206;107.927
1.68198E+12;2023-04-20T10:26:00.339;3.2;71.905;-26.517;104.489
1.68198E+12;2023-04-20T10:26:00.349;3.21;68.361;-23.27;98.308
1.68198E+12;2023-04-20T10:26:00.359;3.22;59.802;-20.488;92.149
1.68198E+12;2023-04-20T10:26:00.369;3.23;48.117;-18.155;87.37
1.68198E+12;2023-04-20T10:26:00.379;3.24;34.992;-15.396;84.306
1.68198E+12;2023-04-20T10:26:00.389;3.25;21.334;-11.28;80.617
1.68198E+12;2023-04-20T10:26:00.399;3.26;7.782;-8.902;75.122
1.68198E+12;2023-04-20T10:26:00.409;3.27;-1.951;-8.239;69.581
1.68198E+12;2023-04-20T10:26:00.419;3.28;-11.463;-5.884;64.04
1.68198E+12;2023-04-20T10:26:00.429;3.29;-25.366;-0.968;56.829
1.68198E+12;2023-04-20T10:26:00.439;3.3;-41.334;7.325;48.125
1.68198E+12;2023-04-20T10:26:00.449;3.31;-51.105;19.093;38.841
1.68198E+12;2023-04-20T10:26:00.459;3.32;-46.181;27.713;30.755
1.68198E+12;2023-04-20T10:26:00.469;3.33;-19.939;34.726;26.395
1.68198E+12;2023-04-20T10:26:00.479;3.34;30.892;45.145;23.491
1.68198E+12;2023-04-20T10:26:00.489;3.35;72.957;56.052;13.819
1.68198E+12;2023-04-20T10:26:00.499;3.36;107.104;57.942;-2.927
1.68198E+12;2023-04-20T10:26:00.509;3.37;116.753;59.756;-23.872
1.68198E+12;2023-04-20T10:26:00.519;3.38;92.637;60.29;-46.989
1.68198E+12;2023-04-20T10:26:00.529;3.39;61.509;75.777;-68.971
1.68198E+12;2023-04-20T10:26:00.539;3.4;24.032;93.27;-84.748
1.68198E+12;2023-04-20T10:26:00.549;3.41;10.084;80.206;-96.364
1.68198E+12;2023-04-20T10:26:00.559;3.42;20.648;54.588;-105.351
1.68198E+12;2023-04-20T10:26:00.569;3.43;28.438;45.747;-112.683
1.68198E+12;2023-04-20T10:26:00.579;3.44;22.698;53.095;-121.654
1.68198E+12;2023-04-20T10:26:00.589;3.45;0.351;71.364;-135.846
1.68198E+12;2023-04-20T10:26:00.599;3.46;-16.715;77.637;-150.053
1.68198E+12;2023-04-20T10:26:00.609;3.47;-7.752;67.622;-153.765
1.68198E+12;2023-04-20T10:26:00.619;3.48;5.762;59.52;-150.701
1.68198E+12;2023-04-20T10:26:00.629;3.49;12.607;54.695;-149.634
1.68198E+12;2023-04-20T10:26:00.639;3.5;16.349;46.723;-153.285
1.68198E+12;2023-04-20T10:26:00.649;3.51;14.238;37.995;-160.899
1.68198E+12;2023-04-20T10:26:00.659;3.52;-0.534;31.334;-168.354
1.68198E+12;2023-04-20T10:26:00.669;3.53;-17.515;27.066;-172.462
1.68198E+12;2023-04-20T10:26:00.679;3.54;-29.558;25.633;-173.14
1.68198E+12;2023-04-20T10:26:00.689;3.55;-25.534;26.966;-167.851
1.68198E+12;2023-04-20T10:26:00.699;3.56;-21.707;29.68;-162.53
1.68198E+12;2023-04-20T10:26:00.709;3.57;-24.405;29.116;-161.608
1.68198E+12;2023-04-20T10:26:00.719;3.58;-26.532;27.012;-160.625
1.68198E+12;2023-04-20T10:26:00.729;3.59;-22.47;24.794;-155.099
1.68198E+12;2023-04-20T10:26:00.739;3.6;-16.471;22.523;-146.204
1.68198E+12;2023-04-20T10:26:00.749;3.61;-10.168;21.38;-137.134
1.68198E+12;2023-04-20T10:26:00.759;3.62;-8.544;21.471;-129.802
1.68198E+12;2023-04-20T10:26:00.769;3.63;-14.245;22.104;-124.428
1.68198E+12;2023-04-20T10:26:00.779;3.64;-18.171;22.218;-118.422
1.68198E+12;2023-04-20T10:26:00.789;3.65;-18.819;22.424;-112.081
1.68198E+12;2023-04-20T10:26:00.799;3.66;-20.183;20.45;-105.915
1.68198E+12;2023-04-20T10:26:00.809;3.67;-19.474;16.982;-99.101
1.68198E+12;2023-04-20T10:26:00.819;3.68;-23.316;13.788;-93.407
1.68198E+12;2023-04-20T10:26:00.829;3.69;-32.828;12.515;-87.378
1.68198E+12;2023-04-20T10:26:00.839;3.7;-39.992;11.357;-79.07
1.68198E+12;2023-04-20T10:26:00.849;3.71;-41.128;10.587;-70.64
1.68198E+12;2023-04-20T10:26:00.859;3.72;-34.04;14.36;-65.183
1.68198E+12;2023-04-20T10:26:00.869;3.73;-22.553;18.178;-63.834
1.68198E+12;2023-04-20T10:26:00.879;3.74;-14.291;20.938;-66.25
1.68198E+12;2023-04-20T10:26:00.889;3.75;2.287;18.178;-71.547
1.68198E+12;2023-04-20T10:26:00.899;3.76;21.776;4.238;-80.091
1.68198E+12;2023-04-20T10:26:00.909;3.77;31.364;-18.712;-88.392
1.68198E+12;2023-04-20T10:26:00.919;3.78;41.341;-41.014;-90.16
1.68198E+12;2023-04-20T10:26:00.929;3.79;62.325;-51.463;-77.256
1.68198E+12;2023-04-20T10:26:00.939;3.8;50.526;-43.575;-48.095
1.68198E+12;2023-04-20T10:26:00.949;3.81;20.785;-37.942;-16.303
1.68198E+12;2023-04-20T10:26:00.959;3.82;26.38;-20.465;15.77
1.68198E+12;2023-04-20T10:26:00.969;3.83;37.302;-10.152;35.953
1.68198E+12;2023-04-20T10:26:00.979;3.84;27.645;-14.314;52.142
1.68198E+12;2023-04-20T10:26:00.989;3.85;20.099;-34.101;77.233
1.68198E+12;2023-04-20T10:26:00.999;3.86;11.623;-44.413;107.226
1.68198E+12;2023-04-20T10:26:01.009;3.87;22.98;-10.572;102.355
1.68198E+12;2023-04-20T10:26:01.019;3.88;32.934;28.293;53.018
1.68198E+12;2023-04-20T10:26:01.029;3.89;-10.823;-10.48;14.093
1.68198E+12;2023-04-20T10:26:01.039;3.9;-48.841;-66.319;17.569
1.68198E+12;2023-04-20T10:26:01.049;3.91;-92.79;-59.017;30.915
1.68198E+12;2023-04-20T10:26:01.059;3.92;-125.907;-32.096;34.215
1.68198E+12;2023-04-20T10:26:01.069;3.93;-125.358;-19.688;35.373
1.68198E+12;2023-04-20T10:26:01.079;3.94;-113.925;-5.945;44.253
1.68198E+12;2023-04-20T10:26:01.089;3.95;-62.005;15.221;58.918
1.68198E+12;2023-04-20T10:26:01.099;3.96;3.117;4.39;70.694
1.68198E+12;2023-04-20T10:26:01.109;3.97;58.186;-30.297;69.154
1.68198E+12;2023-04-20T10:26:01.119;3.98;77.431;-45.854;62.63
1.68198E+12;2023-04-20T10:26:01.129;3.99;72.744;-46.372;63.62
1.68198E+12;2023-04-20T10:26:01.139;4;69.794;-47.835;68.27
1.68198E+12;2023-04-20T10:26:01.149;4.01;72.995;-49.611;72.37
1.68198E+12;2023-04-20T10:26:01.159;4.02;67.736;-44.23;76.098
1.68198E+12;2023-04-20T10:26:01.169;4.03;58.819;-35.008;80.968
1.68198E+12;2023-04-20T10:26:01.179;4.04;48.986;-29.604;86.395
1.68198E+12;2023-04-20T10:26:01.189;4.05;34.253;-29.954;89.2
1.68198E+12;2023-04-20T10:26:01.199;4.06;15.473;-30.816;89.459
1.68198E+12;2023-04-20T10:26:01.209;4.07;-2.889;-28.613;90.038
1.68198E+12;2023-04-20T10:26:01.219;4.08;-16.38;-26.799;91.555
1.68198E+12;2023-04-20T10:26:01.229;4.09;-22.424;-29.688;93.72
1.68198E+12;2023-04-20T10:26:01.239;4.1;-22.348;-35.229;95.564
1.68198E+12;2023-04-20T10:26:01.249;4.11;-17.95;-39.741;95.907
1.68198E+12;2023-04-20T10:26:01.259;4.12;-9.101;-41.982;96.898
1.68198E+12;2023-04-20T10:26:01.269;4.13;4.901;-43.681;98.293
1.68198E+12;2023-04-20T10:26:01.279;4.14;16.951;-43.735;99.825
1.68198E+12;2023-04-20T10:26:01.289;4.15;25.259;-42.546;100.526
1.68198E+12;2023-04-20T10:26:01.299;4.16;29.421;-42.325;100.114
1.68198E+12;2023-04-20T10:26:01.309;4.17;29.39;-42.05;98.986
1.68198E+12;2023-04-20T10:26:01.319;4.18;26.989;-39.367;98.041
1.68198E+12;2023-04-20T10:26:01.329;4.19;22.835;-35.457;98.331
1.68198E+12;2023-04-20T10:26:01.339;4.2;17.104;-32.546;99.787
1.68198E+12;2023-04-20T10:26:01.349;4.21;11.768;-31.25;102.241
1.68198E+12;2023-04-20T10:26:01.359;4.22;9.581;-28.773;104.84
1.68198E+12;2023-04-20T10:26:01.369;4.23;10.587;-26.09;106.761
1.68198E+12;2023-04-20T10:26:01.379;4.24;16.753;-24.84;107.431
1.68198E+12;2023-04-20T10:26:01.389;4.25;28.994;-25.755;106.623
1.68198E+12;2023-04-20T10:26:01.399;4.26;42.035;-28.11;104.184
1.68198E+12;2023-04-20T10:26:01.409;4.27;50.03;-30.236;100.655
1.68198E+12;2023-04-20T10:26:01.419;4.28;50.968;-30.694;96.738
1.68198E+12;2023-04-20T10:26:01.429;4.29;44.207;-29.268;92.98
1.68198E+12;2023-04-20T10:26:01.439;4.3;29.977;-26.997;90.008
1.68198E+12;2023-04-20T10:26:01.449;4.31;13.14;-24.413;88.308
1.68198E+12;2023-04-20T10:26:01.459;4.32;-1.151;-21.349;86.959
1.68198E+12;2023-04-20T10:26:01.469;4.33;-8.27;-20.061;85.396
1.68198E+12;2023-04-20T10:26:01.479;4.34;-7.934;-20.29;84.192
1.68198E+12;2023-04-20T10:26:01.489;4.35;-8.544;-19.101;82.63
1.68198E+12;2023-04-20T10:26:01.499;4.36;-10.168;-18.102;80.206
1.68198E+12;2023-04-20T10:26:01.509;4.37;-8.445;-16.966;77.386
1.68198E+12;2023-04-20T10:26:01.519;4.38;-3.62;-14.947;73.567
1.68198E+12;2023-04-20T10:26:01.529;4.39;2.485;-12.066;68.514
1.68198E+12;2023-04-20T10:26:01.539;4.4;5.983;-5.64;61.433
1.68198E+12;2023-04-20T10:26:01.549;4.41;3.369;4.421;51.806
1.68198E+12;2023-04-20T10:26:01.559;4.42;1.12;11.09;42.614
1.68198E+12;2023-04-20T10:26:01.569;4.43;11.296;13.887;37.713
1.68198E+12;2023-04-20T10:26:01.579;4.44;35.503;29.459;34.352
1.68198E+12;2023-04-20T10:26:01.589;4.45;76.326;53.392;30.114
1.68198E+12;2023-04-20T10:26:01.599;4.46;108.133;59.482;26.349
1.68198E+12;2023-04-20T10:26:01.609;4.47;117.63;53.262;14.04
1.68198E+12;2023-04-20T10:26:01.619;4.48;112.591;55.861;-13.11
1.68198E+12;2023-04-20T10:26:01.629;4.49;92.462;65.046;-44.268
1.68198E+12;2023-04-20T10:26:01.639;4.5;44.146;68.941;-72.561
1.68198E+12;2023-04-20T10:26:01.649;4.51;0.305;77.912;-88.476
1.68198E+12;2023-04-20T10:26:01.659;4.52;-21.799;83.011;-94.352
1.68198E+12;2023-04-20T10:26:01.669;4.53;-15.884;76.143;-97.485
1.68198E+12;2023-04-20T10:26:01.679;4.54;-0.534;65.953;-101.852
1.68198E+12;2023-04-20T10:26:01.689;4.55;24.024;63.415;-107.401
1.68198E+12;2023-04-20T10:26:01.699;4.56;46.547;65.755;-113.727
1.68198E+12;2023-04-20T10:26:01.709;4.57;42.203;69.718;-117.95
1.68198E+12;2023-04-20T10:26:01.719;4.58;16.684;71.357;-120.503
1.68198E+12;2023-04-20T10:26:01.729;4.59;1.898;62.287;-122.599
1.68198E+12;2023-04-20T10:26:01.739;4.6;1.326;47.759;-123.3
1.68198E+12;2023-04-20T10:26:01.749;4.61;2.942;42.119;-125.381
1.68198E+12;2023-04-20T10:26:01.759;4.62;1.235;41.319;-132.774
1.68198E+12;2023-04-20T10:26:01.769;4.63;-3.095;37.851;-143.567
1.68198E+12;2023-04-20T10:26:01.779;4.64;-14.322;32.95;-153.361
1.68198E+12;2023-04-20T10:26:01.789;4.65;-29.573;29.703;-160.183
1.68198E+12;2023-04-20T10:26:01.799;4.66;-51.006;29.207;-163.514
1.68198E+12;2023-04-20T10:26:01.809;4.67;-61.837;27.873;-163.201
1.68198E+12;2023-04-20T10:26:01.819;4.68;-62.995;26.311;-160.457
1.68198E+12;2023-04-20T10:26:01.829;4.69;-59.566;24.108;-155.808
1.68198E+12;2023-04-20T10:26:01.839;4.7;-51.982;23.468;-149.985
1.68198E+12;2023-04-20T10:26:01.849;4.71;-43.064;25.122;-144.474
1.68198E+12;2023-04-20T10:26:01.859;4.72;-37.393;27.165;-140.313
1.68198E+12;2023-04-20T10:26:01.869;4.73;-37.188;26.349;-137.309
1.68198E+12;2023-04-20T10:26:01.879;4.74;-42.569;24.055;-134.596
1.68198E+12;2023-04-20T10:26:01.889;4.75;-50.983;23.034;-131.151
1.68198E+12;2023-04-20T10:26:01.899;4.76;-59.87;23.712;-126.692
1.68198E+12;2023-04-20T10:26:01.909;4.77;-66.105;24.108;-122.538
1.68198E+12;2023-04-20T10:26:01.919;4.78;-72.012;23.316;-118.506
1.68198E+12;2023-04-20T10:26:01.929;4.79;-78.354;22.18;-113.095
1.68198E+12;2023-04-20T10:26:01.939;4.8;-81.524;20.023;-105.236
1.68198E+12;2023-04-20T10:26:01.949;4.81;-78.201;17.561;-95.236
1.68198E+12;2023-04-20T10:26:01.959;4.82;-68.255;16.105;-85.861
1.68198E+12;2023-04-20T10:26:01.969;4.83;-56.303;16.555;-77.149
1.68198E+12;2023-04-20T10:26:01.979;4.84;-39.817;16.928;-68.468
1.68198E+12;2023-04-20T10:26:01.989;4.85;-26.105;17.927;-61.578
1.68198E+12;2023-04-20T10:26:01.999;4.86;-12.309;18.293;-58.095
1.68198E+12;2023-04-20T10:26:02.009;4.87;11.197;13.559;-58.933
1.68198E+12;2023-04-20T10:26:02.019;4.88;37.035;-0.465;-66.448
1.68198E+12;2023-04-20T10:26:02.029;4.89;65.534;-19.779;-77.713
1.68198E+12;2023-04-20T10:26:02.039;4.9;92.82;-40.137;-88.941
1.68198E+12;2023-04-20T10:26:02.049;4.91;119.215;-57.805;-88.072
1.68198E+12;2023-04-20T10:26:02.059;4.92;121.845;-64.566;-63.125
1.68198E+12;2023-04-20T10:26:02.069;4.93;113.796;-74.017;-31.822
1.68198E+12;2023-04-20T10:26:02.079;4.94;121.486;-68.742;-2.904
1.68198E+12;2023-04-20T10:26:02.089;4.95;110.183;-50.252;19.505
1.68198E+12;2023-04-20T10:26:02.099;4.96;91.12;-41.372;35.625
1.68198E+12;2023-04-20T10:26:02.109;4.97;68.445;-34.261;53.255
1.68198E+12;2023-04-20T10:26:02.119;4.98;41.25;-26.692;68.117
1.68198E+12;2023-04-20T10:26:02.129;4.99;-16.547;-25.13;85.64
1.68198E+12;2023-04-20T10:26:02.139;5;-61.037;-40.358;114.588
1.68198E+12;2023-04-20T10:26:02.149;5.01;-23.026;-26.014;129.802
1.68198E+12;2023-04-20T10:26:02.159;5.02;7.37;43.75;75.663
1.68198E+12;2023-04-20T10:26:02.169;5.03;-105.335;10.229;-11.966
1.68198E+12;2023-04-20T10:26:02.179;5.04;-237.858;-77.264;-21.608
1.68198E+12;2023-04-20T10:26:02.189;5.05;-249.748;-69.421;15.541
1.68198E+12;2023-04-20T10:26:02.199;5.06;-249.223;-24.428;35.869
1.68198E+12;2023-04-20T10:26:02.209;5.07;-237.561;0.069;50.053
1.68198E+12;2023-04-20T10:26:02.219;5.08;-141.288;-0.808;67.02
1.68198E+12;2023-04-20T10:26:02.229;5.09;-34.809;5.404;77.104
1.68198E+12;2023-04-20T10:26:02.239;5.1;19.581;-5.373;75.747
1.68198E+12;2023-04-20T10:26:02.249;5.11;41.852;-38.918;63.582
1.68198E+12;2023-04-20T10:26:02.259;5.12;45.434;-51.258;50.023
1.68198E+12;2023-04-20T10:26:02.269;5.13;55.358;-54.649;47.683
1.68198E+12;2023-04-20T10:26:02.279;5.14;85.663;-58.14;60.442
1.68198E+12;2023-04-20T10:26:02.289;5.15;103.75;-48.095;75.305
1.68198E+12;2023-04-20T10:26:02.299;5.16;106.585;-38.338;84.634
1.68198E+12;2023-04-20T10:26:02.309;5.17;108.178;-33.27;88.575
1.68198E+12;2023-04-20T10:26:02.319;5.18;106.273;-30.998;88.331
1.68198E+12;2023-04-20T10:26:02.329;5.19;98.681;-32.546;84.985
1.68198E+12;2023-04-20T10:26:02.339;5.2;74.566;-32.813;80.48
1.68198E+12;2023-04-20T10:26:02.349;5.21;40.488;-30.244;77.736
1.68198E+12;2023-04-20T10:26:02.359;5.22;13.971;-30.991;79.962
1.68198E+12;2023-04-20T10:26:02.369;5.23;-3.559;-33.415;83.43
1.68198E+12;2023-04-20T10:26:02.379;5.24;-16.113;-34.093;84.413
1.68198E+12;2023-04-20T10:26:02.389;5.25;-23.537;-31.723;85.069
1.68198E+12;2023-04-20T10:26:02.399;5.26;-24.276;-29.04;86.128
1.68198E+12;2023-04-20T10:26:02.409;5.27;-21.867;-27.317;87.088
1.68198E+12;2023-04-20T10:26:02.419;5.28;-21.471;-27.127;86.715
1.68198E+12;2023-04-20T10:26:02.429;5.29;-21.814;-28.849;85.648
1.68198E+12;2023-04-20T10:26:02.439;5.3;-21.128;-32.523;84.863
1.68198E+12;2023-04-20T10:26:02.449;5.31;-18.3;-36.326;85.854
1.68198E+12;2023-04-20T10:26:02.459;5.32;-12.873;-37.896;88.072
1.68198E+12;2023-04-20T10:26:02.469;5.33;-4.032;-37.813;91.616
1.68198E+12;2023-04-20T10:26:02.479;5.34;7.98;-37.18;96.28
1.68198E+12;2023-04-20T10:26:02.489;5.35;21.799;-35.823;101.258
1.68198E+12;2023-04-20T10:26:02.499;5.36;36.563;-34.672;105.739
1.68198E+12;2023-04-20T10:26:02.509;5.37;52.546;-36.12;109.535
1.68198E+12;2023-04-20T10:26:02.519;5.38;68.575;-37.302;112.241
1.68198E+12;2023-04-20T10:26:02.529;5.39;81.944;-36.745;112.439
1.68198E+12;2023-04-20T10:26:02.539;5.4;88.354;-34.863;109.139
1.68198E+12;2023-04-20T10:26:02.549;5.41;85.229;-32.378;102.851
1.68198E+12;2023-04-20T10:26:02.559;5.42;72.401;-29.688;95.335
1.68198E+12;2023-04-20T10:26:02.569;5.43;53.041;-27.317;87.973
1.68198E+12;2023-04-20T10:26:02.579;5.44;32.073;-26.799;84.71
1.68198E+12;2023-04-20T10:26:02.589;5.45;12.675;-24.703;85.991
1.68198E+12;2023-04-20T10:26:02.599;5.46;0.282;-21.745;88.216
1.68198E+12;2023-04-20T10:26:02.609;5.47;-4.962;-18.308;88.415
1.68198E+12;2023-04-20T10:26:02.619;5.48;-6.265;-16.044;85.861
1.68198E+12;2023-04-20T10:26:02.629;5.49;-4.611;-14.505;82.287
1.68198E+12;2023-04-20T10:26:02.639;5.5;-3.613;-11.098;77.599
1.68198E+12;2023-04-20T10:26:02.649;5.51;-3.841;-6.044;69.794
1.68198E+12;2023-04-20T10:26:02.659;5.52;-5.976;0.61;59.207
1.68198E+12;2023-04-20T10:26:02.669;5.53;-9.604;8.521;48.354
1.68198E+12;2023-04-20T10:26:02.679;5.54;-6.128;12.736;39.703
1.68198E+12;2023-04-20T10:26:02.689;5.55;4.985;17.409;32.332
1.68198E+12;2023-04-20T10:26:02.699;5.56;13.316;33.125;22.759
1.68198E+12;2023-04-20T10:26:02.709;5.57;53.971;50.945;19.101
1.68198E+12;2023-04-20T10:26:02.719;5.58;91.913;61.73;18.918
1.68198E+12;2023-04-20T10:26:02.729;5.59;99.253;59.032;4.383
1.68198E+12;2023-04-20T10:26:02.739;5.6;93.308;56.692;-24.352
1.68198E+12;2023-04-20T10:26:02.749;5.61;77.98;60.274;-56.204
1.68198E+12;2023-04-20T10:26:02.759;5.62;55.267;69.931;-81.166
1.68198E+12;2023-04-20T10:26:02.769;5.63;24.444;74.992;-93.979
1.68198E+12;2023-04-20T10:26:02.779;5.64;6.212;68.026;-97.729
1.68198E+12;2023-04-20T10:26:02.789;5.65;7.454;58.742;-101.471
1.68198E+12;2023-04-20T10:26:02.799;5.66;10.396;54.619;-109.596
1.68198E+12;2023-04-20T10:26:02.809;5.67;23.034;53.826;-116.57
1.68198E+12;2023-04-20T10:26:02.819;5.68;29.017;57.309;-121.761
1.68198E+12;2023-04-20T10:26:02.829;5.69;13.338;64.809;-123.819
1.68198E+12;2023-04-20T10:26:02.839;5.7;-3.613;61.867;-126.296
1.68198E+12;2023-04-20T10:26:02.849;5.71;0.953;48.796;-128.262
1.68198E+12;2023-04-20T10:26:02.859;5.72;11.136;41.837;-130.625
1.68198E+12;2023-04-20T10:26:02.869;5.73;9.23;42.5;-136.616
1.68198E+12;2023-04-20T10:26:02.879;5.74;1.761;41.021;-146.273
1.68198E+12;2023-04-20T10:26:02.889;5.75;-7.477;35.373;-157.096
1.68198E+12;2023-04-20T10:26:02.899;5.76;-23.956;30.892;-165.32
1.68198E+12;2023-04-20T10:26:02.909;5.77;-39.893;27.393;-168.331
1.68198E+12;2023-04-20T10:26:02.919;5.78;-45.313;25.412;-166.288
1.68198E+12;2023-04-20T10:26:02.929;5.79;-49.985;26.38;-163.62
1.68198E+12;2023-04-20T10:26:02.939;5.8;-51.639;23.956;-161.159
1.68198E+12;2023-04-20T10:26:02.949;5.81;-49.802;20.518;-156.966
1.68198E+12;2023-04-20T10:26:02.959;5.82;-46.387;20.03;-150.938
1.68198E+12;2023-04-20T10:26:02.969;5.83;-42.713;20.755;-143.864
1.68198E+12;2023-04-20T10:26:02.979;5.84;-38.521;19.962;-136.166
1.68198E+12;2023-04-20T10:26:02.989;5.85;-36.974;18.14;-128.681
1.68198E+12;2023-04-20T10:26:02.999;5.86;-42.881;17.271;-122.241
1.68198E+12;2023-04-20T10:26:03.009;5.87;-51.776;18.826;-115.953
1.68198E+12;2023-04-20T10:26:03.019;5.88;-60.069;22.012;-109.413
1.68198E+12;2023-04-20T10:26:03.029;5.89;-67.607;23.819;-103.392
1.68198E+12;2023-04-20T10:26:03.039;5.9;-72.439;23.148;-96.745
1.68198E+12;2023-04-20T10:26:03.049;5.91;-74.009;20.213;-88.582
1.68198E+12;2023-04-20T10:26:03.059;5.92;-71.875;18.59;-77.508
1.68198E+12;2023-04-20T10:26:03.069;5.93;-63.819;18.247;-65.915
1.68198E+12;2023-04-20T10:26:03.079;5.94;-51.037;21.273;-56.768
1.68198E+12;2023-04-20T10:26:03.089;5.95;-30.739;25.084;-50.892
1.68198E+12;2023-04-20T10:26:03.099;5.96;-4.482;29.238;-47.287
1.68198E+12;2023-04-20T10:26:03.109;5.97;8.316;31.12;-47.584
1.68198E+12;2023-04-20T10:26:03.119;5.98;14.223;21.143;-52.614
1.68198E+12;2023-04-20T10:26:03.129;5.99;29.657;0.282;-60.503
1.68198E+12;2023-04-20T10:26:03.139;6;37.317;-20.732;-70.541
1.68198E+12;2023-04-20T10:26:03.149;6.01;34.558;-31.883;-79.253
1.68198E+12;2023-04-20T10:26:03.159;6.02;51.288;-35.061;-74.238
1.68198E+12;2023-04-20T10:26:03.169;6.03;35.457;-35.343;-54.123
1.68198E+12;2023-04-20T10:26:03.179;6.04;15.8;-50.671;-25.823
1.68198E+12;2023-04-20T10:26:03.189;6.05;62.34;-48.003;10.267
1.68198E+12;2023-04-20T10:26:03.199;6.06;84.017;-33.689;29.596
1.68198E+12;2023-04-20T10:26:03.209;6.07;75.686;-28.155;42.157
1.68198E+12;2023-04-20T10:26:03.219;6.08;81.242;-30.236;62.005
1.68198E+12;2023-04-20T10:26:03.229;6.09;68.811;-38.072;87.843
1.68198E+12;2023-04-20T10:26:03.239;6.1;47.614;-40.221;118.758
1.68198E+12;2023-04-20T10:26:03.249;6.11;53.758;-16.616;127.637
1.68198E+12;2023-04-20T10:26:03.259;6.12;75.724;42.561;74.901
1.68198E+12;2023-04-20T10:26:03.269;6.13;4.047;17.492;-10.122
1.68198E+12;2023-04-20T10:26:03.279;6.14;-78.331;-69.688;-35.015
1.68198E+12;2023-04-20T10:26:03.289;6.15;-119.512;-80.739;-0.587
1.68198E+12;2023-04-20T10:26:03.299;6.16;-189.078;-43.925;34.169
1.68198E+12;2023-04-20T10:26:03.309;6.17;-229.931;-3.659;56.12
1.68198E+12;2023-04-20T10:26:03.319;6.18;-161.052;1.082;71.951
1.68198E+12;2023-04-20T10:26:03.329;6.19;-62.515;-10.869;77.294
1.68198E+12;2023-04-20T10:26:03.339;6.2;23.994;-22.241;66.784
1.68198E+12;2023-04-20T10:26:03.349;6.21;50.175;-31.433;55.465
1.68198E+12;2023-04-20T10:26:03.359;6.22;35.64;-39.367;53.178
1.68198E+12;2023-04-20T10:26:03.369;6.23;16.883;-39.566;54.108
1.68198E+12;2023-04-20T10:26:03.379;6.24;17.416;-41.57;59.116
1.68198E+12;2023-04-20T10:26:03.389;6.25;23.514;-45.541;66.875
1.68198E+12;2023-04-20T10:26:03.399;6.26;29.558;-43.712;73.003
1.68198E+12;2023-04-20T10:26:03.409;6.27;41.486;-38.948;77.515
1.68198E+12;2023-04-20T10:26:03.419;6.28;52.188;-31.837;80.389
1.68198E+12;2023-04-20T10:26:03.429;6.29;58.476;-26.22;81.547
1.68198E+12;2023-04-20T10:26:03.439;6.3;59.802;-25.739;81.189
1.68198E+12;2023-04-20T10:26:03.449;6.31;50.412;-25.503;79.97
1.68198E+12;2023-04-20T10:26:03.459;6.32;35.724;-25.137;78.316
1.68198E+12;2023-04-20T10:26:03.469;6.33;21.738;-28.681;78.186
1.68198E+12;2023-04-20T10:26:03.479;6.34;15.32;-35.64;79.024
1.68198E+12;2023-04-20T10:26:03.489;6.35;11.593;-38.529;79.748
1.68198E+12;2023-04-20T10:26:03.499;6.36;10.892;-38.392;80.777
1.68198E+12;2023-04-20T10:26:03.509;6.37;14.657;-37.508;82.027
1.68198E+12;2023-04-20T10:26:03.519;6.38;19.489;-34.588;82.805
1.68198E+12;2023-04-20T10:26:03.529;6.39;21.098;-30.351;82.614
1.68198E+12;2023-04-20T10:26:03.539;6.4;18.727;-28.567;81.822
1.68198E+12;2023-04-20T10:26:03.549;6.41;11.212;-29.322;80.968
1.68198E+12;2023-04-20T10:26:03.559;6.42;1.989;-30.854;80.671
1.68198E+12;2023-04-20T10:26:03.569;6.43;-4.101;-33.255;81.738
1.68198E+12;2023-04-20T10:26:03.579;6.44;-6.075;-35.381;84.093
1.68198E+12;2023-04-20T10:26:03.589;6.45;-5.137;-35.526;87.073
1.68198E+12;2023-04-20T10:26:03.599;6.46;0.396;-35.29;90.434
1.68198E+12;2023-04-20T10:26:03.609;6.47;10.084;-34.985;93.331
1.68198E+12;2023-04-20T10:26:03.619;6.48;24.184;-35.084;94.992
1.68198E+12;2023-04-20T10:26:03.629;6.49;38.895;-35.29;95.175
1.68198E+12;2023-04-20T10:26:03.639;6.5;49.771;-33.62;92.805
1.68198E+12;2023-04-20T10:26:03.649;6.51;54.215;-31.479;88.308
1.68198E+12;2023-04-20T10:26:03.659;6.52;52.721;-31.441;84.123
1.68198E+12;2023-04-20T10:26:03.669;6.53;46.197;-30.564;81.806
1.68198E+12;2023-04-20T10:26:03.679;6.54;34.794;-29.352;80.29
1.68198E+12;2023-04-20T10:26:03.689;6.55;26.09;-27.515;80.099
1.68198E+12;2023-04-20T10:26:03.699;6.56;22.188;-25.373;80.03
1.68198E+12;2023-04-20T10:26:03.709;6.57;21.829;-23.262;80.534
1.68198E+12;2023-04-20T10:26:03.719;6.58;19.047;-18.46;80.236
1.68198E+12;2023-04-20T10:26:03.729;6.59;13.247;-12.805;77.477
1.68198E+12;2023-04-20T10:26:03.739;6.6;6.029;-5.869;71.662
1.68198E+12;2023-04-20T10:26:03.749;6.61;-3.377;1.715;62.973
1.68198E+12;2023-04-20T10:26:03.759;6.62;-15.29;10.084;53.034
1.68198E+12;2023-04-20T10:26:03.769;6.63;-25.861;18.064;43.415
1.68198E+12;2023-04-20T10:26:03.779;6.64;-29.459;23.262;35.45
1.68198E+12;2023-04-20T10:26:03.789;6.65;-17.752;25.694;30.755
1.68198E+12;2023-04-20T10:26:03.799;6.66;15.991;31.646;28.91
1.68198E+12;2023-04-20T10:26:03.809;6.67;46.242;35.473;23.239
1.68198E+12;2023-04-20T10:26:03.819;6.68;71.684;36.936;12.896
1.68198E+12;2023-04-20T10:26:03.829;6.69;95.747;46.738;0.869
1.68198E+12;2023-04-20T10:26:03.839;6.7;103.59;54.512;-14.169
1.68198E+12;2023-04-20T10:26:03.849;6.71;95.061;56.021;-33.963
1.68198E+12;2023-04-20T10:26:03.859;6.72;76.494;59.512;-51.784
1.68198E+12;2023-04-20T10:26:03.869;6.73;62.271;62.858;-65.625
1.68198E+12;2023-04-20T10:26:03.879;6.74;54.802;56.806;-75.16
1.68198E+12;2023-04-20T10:26:03.889;6.75;59.733;46.059;-79.665
1.68198E+12;2023-04-20T10:26:03.899;6.76;71.806;36.059;-84.154
1.68198E+12;2023-04-20T10:26:03.909;6.77;77.485;32.752;-91.654
1.68198E+12;2023-04-20T10:26:03.919;6.78;70.899;36.944;-104.939
1.68198E+12;2023-04-20T10:26:03.929;6.79;53.338;44.436;-121.692
1.68198E+12;2023-04-20T10:26:03.939;6.8;32.416;52.843;-131.174
1.68198E+12;2023-04-20T10:26:03.949;6.81;15.976;52.66;-129.413
1.68198E+12;2023-04-20T10:26:03.959;6.82;10.191;44.009;-123.666
1.68198E+12;2023-04-20T10:26:03.969;6.83;0.602;32.401;-123.285
1.68198E+12;2023-04-20T10:26:03.979;6.84;-15.259;26.28;-130.252
1.68198E+12;2023-04-20T10:26:03.989;6.85;-28.049;21.456;-141.006
1.68198E+12;2023-04-20T10:26:03.999;6.86;-37.873;16.136;-150.495
1.68198E+12;2023-04-20T10:26:04.009;6.87;-51.113;14.832;-156.181
1.68198E+12;2023-04-20T10:26:04.019;6.88;-67.576;17.119;-158.438
1.68198E+12;2023-04-20T10:26:04.029;6.89;-77.409;17.172;-157.591
1.68198E+12;2023-04-20T10:26:04.039;6.9;-79.07;14.398;-153.453
1.68198E+12;2023-04-20T10:26:04.049;6.91;-76.982;13.209;-147.622
1.68198E+12;2023-04-20T10:26:04.059;6.92;-69.604;14.863;-141.517
1.68198E+12;2023-04-20T10:26:04.069;6.93;-59.665;18.148;-134.497
1.68198E+12;2023-04-20T10:26:04.079;6.94;-52.302;20.008;-127.355
1.68198E+12;2023-04-20T10:26:04.089;6.95;-48.095;19.566;-120.694
1.68198E+12;2023-04-20T10:26:04.099;6.96;-50.076;19.2;-115.03
1.68198E+12;2023-04-20T10:26:04.109;6.97;-53.377;19.291;-109.329
1.68198E+12;2023-04-20T10:26:04.119;6.98;-56.73;18.758;-102.713
1.68198E+12;2023-04-20T10:26:04.129;6.99;-56.982;16.181;-95.053
1.68198E+12;2023-04-20T10:26:04.139;7;-57.591;14.238;-86.928
1.68198E+12;2023-04-20T10:26:04.149;7.01;-59.322;13.59;-78.918
1.68198E+12;2023-04-20T10:26:04.159;7.02;-61.349;14.489;-70.511
1.68198E+12;2023-04-20T10:26:04.169;7.03;-64.748;15.93;-63.628
1.68198E+12;2023-04-20T10:26:04.179;7.04;-66.174;19.162;-58.567
1.68198E+12;2023-04-20T10:26:04.189;7.05;-61.875;24.032;-54.505
1.68198E+12;2023-04-20T10:26:04.199;7.06;-52.668;28.575;-51.288
1.68198E+12;2023-04-20T10:26:04.209;7.07;-43.483;31.837;-50.008
1.68198E+12;2023-04-20T10:26:04.219;7.08;-28.712;27.866;-52.973
1.68198E+12;2023-04-20T10:26:04.229;7.09;-3.27;13.643;-60.297
1.68198E+12;2023-04-20T10:26:04.239;7.1;35.884;-4.398;-70.854
1.68198E+12;2023-04-20T10:26:04.249;7.11;69.245;-20.488;-82.088
1.68198E+12;2023-04-20T10:26:04.259;7.12;85.358;-34.192;-82.995
1.68198E+12;2023-04-20T10:26:04.269;7.13;85.084;-41.12;-61.799
1.68198E+12;2023-04-20T10:26:04.279;7.14;64.84;-52.873;-35.541
1.68198E+12;2023-04-20T10:26:04.289;7.15;63.072;-60.587;-14.36
1.68198E+12;2023-04-20T10:26:04.299;7.16;78.255;-44.367;4.573
1.68198E+12;2023-04-20T10:26:04.309;7.17;84.002;-28.11;18.171
1.68198E+12;2023-04-20T10:26:04.319;7.18;71.959;-20.816;36.623
1.68198E+12;2023-04-20T10:26:04.329;7.19;42.21;-28.041;60.191
1.68198E+12;2023-04-20T10:26:04.339;7.2;17.424;-39.87;88.765
1.68198E+12;2023-04-20T10:26:04.349;7.21;31.829;-19.947;96.326
1.68198E+12;2023-04-20T10:26:04.359;7.22;35.709;24.261;57.736
1.68198E+12;2023-04-20T10:26:04.369;7.23;-19.794;11.151;9.162
1.68198E+12;2023-04-20T10:26:04.379;7.24;-72.439;-44.939;1.692
1.68198E+12;2023-04-20T10:26:04.389;7.25;-105.945;-51.326;22.652
1.68198E+12;2023-04-20T10:26:04.399;7.26;-126.951;-28.537;36.357
1.68198E+12;2023-04-20T10:26:04.409;7.27;-114.901;-16.829;42.431
1.68198E+12;2023-04-20T10:26:04.419;7.28;-70.724;-16.41;50.328
1.68198E+12;2023-04-20T10:26:04.429;7.29;-19.924;-20.053;58.056
1.68198E+12;2023-04-20T10:26:04.439;7.3;20.328;-19.604;63.918
1.68198E+12;2023-04-20T10:26:04.449;7.31;44.825;-16.913;68.445
1.68198E+12;2023-04-20T10:26:04.459;7.32;51.273;-22.706;69.306
1.68198E+12;2023-04-20T10:26:04.469;7.33;48.232;-36.067;64.825
1.68198E+12;2023-04-20T10:26:04.479;7.34;50.053;-47.104;59.245
1.68198E+12;2023-04-20T10:26:04.489;7.35;65.053;-52.111;62.729
1.68198E+12;2023-04-20T10:26:04.499;7.36;77.5;-50.099;73.529
1.68198E+12;2023-04-20T10:26:04.509;7.37;81.341;-41.372;82.767
1.68198E+12;2023-04-20T10:26:04.519;7.38;77.538;-33.361;87.066
1.68198E+12;2023-04-20T10:26:04.529;7.39;68.857;-30.655;86.966
1.68198E+12;2023-04-20T10:26:04.539;7.4;54.192;-29.024;85.114
1.68198E+12;2023-04-20T10:26:04.549;7.41;34.771;-27.424;83.979
1.68198E+12;2023-04-20T10:26:04.559;7.42;14.558;-27.096;84.901
1.68198E+12;2023-04-20T10:26:04.569;7.43;5.206;-30.282;87.47
1.68198E+12;2023-04-20T10:26:04.579;7.44;8.003;-34.611;87.843
1.68198E+12;2023-04-20T10:26:04.589;7.45;14.771;-35.854;88.064
1.68198E+12;2023-04-20T10:26:04.599;7.46;20.785;-32.889;88.857
1.68198E+12;2023-04-20T10:26:04.609;7.47;21.875;-28.133;89.588
1.68198E+12;2023-04-20T10:26:04.619;7.48;18.041;-24.87;88.674
1.68198E+12;2023-04-20T10:26:04.629;7.49;9.245;-23.537;86.052
1.68198E+12;2023-04-20T10:26:04.639;7.5;-1.441;-23.255;83.43
1.68198E+12;2023-04-20T10:26:04.649;7.51;-7.348;-23.765;81.662
1.68198E+12;2023-04-20T10:26:04.659;7.52;-6.959;-24.611;79.535
1.68198E+12;2023-04-20T10:26:04.669;7.53;-1.006;-24.848;76.425
1.68198E+12;2023-04-20T10:26:04.679;7.54;7.614;-23.415;73.102
1.68198E+12;2023-04-20T10:26:04.689;7.55;12.348;-20.122;69.703
1.68198E+12;2023-04-20T10:26:04.699;7.56;9.375;-16.189;66.28
1.68198E+12;2023-04-20T10:26:04.709;7.57;1.791;-14.924;64.909
1.68198E+12;2023-04-20T10:26:04.719;7.58;-3.316;-15.015;65.442
1.68198E+12;2023-04-20T10:26:04.729;7.59;-1.555;-16.006;65.93
1.68198E+12;2023-04-20T10:26:04.739;7.6;6.227;-18.925;67.21
1.68198E+12;2023-04-20T10:26:04.749;7.61;16.28;-20.831;69.893
1.68198E+12;2023-04-20T10:26:04.759;7.62;25.747;-20.305;71.509
1.68198E+12;2023-04-20T10:26:04.769;7.63;35.175;-18.803;71.181
1.68198E+12;2023-04-20T10:26:04.779;7.64;44.703;-17.431;69.139
1.68198E+12;2023-04-20T10:26:04.789;7.65;51.585;-15.694;66.143
1.68198E+12;2023-04-20T10:26:04.799;7.66;53.224;-14.177;63.636
1.68198E+12;2023-04-20T10:26:04.809;7.67;48.034;-13.331;62.584
1.68198E+12;2023-04-20T10:26:04.819;7.68;38.384;-11.242;62.576
1.68198E+12;2023-04-20T10:26:04.829;7.69;30.183;-8.567;61.563
1.68198E+12;2023-04-20T10:26:04.839;7.7;24.588;-7.127;59.954
1.68198E+12;2023-04-20T10:26:04.849;7.71;19.436;-6.402;59.284
1.68198E+12;2023-04-20T10:26:04.859;7.72;12.332;-6.227;59.916
1.68198E+12;2023-04-20T10:26:04.869;7.73;3.864;-6.014;62.622
1.68198E+12;2023-04-20T10:26:04.879;7.74;-5.617;-2.66;64.299
1.68198E+12;2023-04-20T10:26:04.889;7.75;-12.37;2.5;60.991
1.68198E+12;2023-04-20T10:26:04.899;7.76;-15.084;8.338;53.148
1.68198E+12;2023-04-20T10:26:04.909;7.77;-14.985;15.351;44.97
1.68198E+12;2023-04-20T10:26:04.919;7.78;-11.669;21.837;40.107
1.68198E+12;2023-04-20T10:26:04.929;7.79;5.145;21.357;39.162
1.68198E+12;2023-04-20T10:26:04.939;7.8;35.915;18.277;41.845
1.68198E+12;2023-04-20T10:26:04.949;7.81;59.535;22.332;42.142
1.68198E+12;2023-04-20T10:26:04.959;7.82;67.012;26.22;33.308
1.68198E+12;2023-04-20T10:26:04.969;7.83;67.302;29.04;18.849
1.68198E+12;2023-04-20T10:26:04.979;7.84;61.418;36.128;3.506
1.68198E+12;2023-04-20T10:26:04.989;7.85;52.706;44.535;-14.078
1.68198E+12;2023-04-20T10:26:04.999;7.86;45.175;52.485;-32.34
1.68198E+12;2023-04-20T10:26:05.009;7.87;31.73;58.041;-50.343
1.68198E+12;2023-04-20T10:26:05.019;7.88;13.354;60.595;-66.89
1.68198E+12;2023-04-20T10:26:05.029;7.89;-1.631;59.367;-79.893
1.68198E+12;2023-04-20T10:26:05.039;7.9;-3.026;57.508;-89.162
1.68198E+12;2023-04-20T10:26:05.049;7.91;6.898;53.72;-94.985
1.68198E+12;2023-04-20T10:26:05.059;7.92;30.175;47.233;-100.282
1.68198E+12;2023-04-20T10:26:05.069;7.93;56.395;43.133;-104.505
1.68198E+12;2023-04-20T10:26:05.079;7.94;71.395;40.328;-110.221
1.68198E+12;2023-04-20T10:26:05.089;7.95;69.162;42.53;-119.901
1.68198E+12;2023-04-20T10:26:05.099;7.96;53.178;46.067;-129.977
1.68198E+12;2023-04-20T10:26:05.109;7.97;34.787;44.726;-134.169
1.68198E+12;2023-04-20T10:26:05.119;7.98;24.154;38.316;-131.395
1.68198E+12;2023-04-20T10:26:05.129;7.99;16.753;29.832;-126.204
1.68198E+12;2023-04-20T10:26:05.139;8;5.549;19.337;-125.899
1.68198E+12;2023-04-20T10:26:05.149;8.01;-14.55;13.674;-132.614
1.68198E+12;2023-04-20T10:26:05.159;8.02;-28.316;11.654;-141.54
1.68198E+12;2023-04-20T10:26:05.169;8.03;-37.881;12.127;-148.072
1.68198E+12;2023-04-20T10:26:05.179;8.04;-40.991;13.178;-149.954
1.68198E+12;2023-04-20T10:26:05.189;8.05;-42.37;11.814;-149.482
1.68198E+12;2023-04-20T10:26:05.199;8.06;-46.128;10.183;-147.698
1.68198E+12;2023-04-20T10:26:05.209;8.07;-48.026;12.889;-145.831
1.68198E+12;2023-04-20T10:26:05.219;8.08;-44.146;14.741;-143.445
1.68198E+12;2023-04-20T10:26:05.229;8.09;-35.549;14.291;-137.416
1.68198E+12;2023-04-20T10:26:05.239;8.1;-22.005;13.887;-128.155
1.68198E+12;2023-04-20T10:26:05.249;8.11;-14.466;16.113;-120.29
1.68198E+12;2023-04-20T10:26:05.259;8.12;-14.733;18.277;-116.608
1.68198E+12;2023-04-20T10:26:05.269;8.13;-13.529;19.024;-111.73
1.68198E+12;2023-04-20T10:26:05.279;8.14;-7.035;19.405;-103.933
1.68198E+12;2023-04-20T10:26:05.289;8.15;-2.393;20.206;-95.816
1.68198E+12;2023-04-20T10:26:05.299;8.16;-1.974;20.038;-89.375
1.68198E+12;2023-04-20T10:26:05.309;8.17;-5.823;18.994;-83.902
1.68198E+12;2023-04-20T10:26:05.319;8.18;-9.299;17.546;-77.973
1.68198E+12;2023-04-20T10:26:05.329;8.19;-5.343;14.581;-71.113
1.68198E+12;2023-04-20T10:26:05.339;8.2;-2.21;9.245;-64.093
1.68198E+12;2023-04-20T10:26:05.349;8.21;-3.438;3.125;-58.155
1.68198E+12;2023-04-20T10:26:05.359;8.22;-7.066;0.244;-52.294
1.68198E+12;2023-04-20T10:26:05.369;8.23;-13.041;2.591;-46.723
1.68198E+12;2023-04-20T10:26:05.379;8.24;-25.991;9.169;-42.843
1.68198E+12;2023-04-20T10:26:05.389;8.25;-42.546;16.395;-41.105
1.68198E+12;2023-04-20T10:26:05.399;8.26;-58.133;22.439;-42.477
1.68198E+12;2023-04-20T10:26:05.409;8.27;-70.572;27.698;-45.732
1.68198E+12;2023-04-20T10:26:05.419;8.28;-70.305;27.721;-46.875
1.68198E+12;2023-04-20T10:26:05.429;8.29;-54.916;20.503;-45.023
1.68198E+12;2023-04-20T10:26:05.439;8.3;-22.828;10.213;-40.755
1.68198E+12;2023-04-20T10:26:05.449;8.31;4.817;6.433;-33.095
1.68198E+12;2023-04-20T10:26:05.459;8.32;17.127;6.128;-23.056
1.68198E+12;2023-04-20T10:26:05.469;8.33;33.643;4.527;-15.541
1.68198E+12;2023-04-20T10:26:05.479;8.34;59.52;0.701;-8.224
1.68198E+12;2023-04-20T10:26:05.489;8.35;90.069;-7.142;-0.168
1.68198E+12;2023-04-20T10:26:05.499;8.36;118.384;-17.53;7.439
1.68198E+12;2023-04-20T10:26:05.509;8.37;137.005;-27.599;17.53
1.68198E+12;2023-04-20T10:26:05.519;8.38;142.355;-34.085;29.078
1.68198E+12;2023-04-20T10:26:05.529;8.39;135.579;-37.759;38.445
1.68198E+12;2023-04-20T10:26:05.539;8.4;120.785;-43.902;47.957
1.68198E+12;2023-04-20T10:26:05.549;8.41;107.896;-49.177;61.966
1.68198E+12;2023-04-20T10:26:05.559;8.42;110.922;-39.665;70.122
1.68198E+12;2023-04-20T10:26:05.569;8.43;104.428;-10.488;54.055
1.68198E+12;2023-04-20T10:26:05.579;8.44;61.334;10.899;17.485
1.68198E+12;2023-04-20T10:26:05.589;8.45;-4.756;-1.258;-11.89
1.68198E+12;2023-04-20T10:26:05.599;8.46;-67.683;-24.55;-10.648
1.68198E+12;2023-04-20T10:26:05.609;8.47;-116.966;-25.587;11.334
1.68198E+12;2023-04-20T10:26:05.619;8.48;-142.759;-13.925;36.189
1.68198E+12;2023-04-20T10:26:05.629;8.49;-136.684;-10.053;51.265
1.68198E+12;2023-04-20T10:26:05.639;8.5;-100.046;-22.873;56.441
1.68198E+12;2023-04-20T10:26:05.649;8.51;-49.245;-34.642;54.748
