epoch (ms),time (01:00),elapsed (s),x-axis (deg/s),y-axis (deg/s),z-axis (deg/s)
1679821477667,2023-03-26T11:04:37.667,0.000,-0.404,-0.358,-0.015
1679821477677,2023-03-26T11:04:37.677,0.010,-0.846,0.633,1.433
1679821477687,2023-03-26T11:04:37.687,0.020,-0.213,-0.023,0.175
1679821477697,2023-03-26T11:04:37.697,0.030,-0.107,0.160,0.274
1679821477707,2023-03-26T11:04:37.707,0.040,-0.267,0.419,0.206
1679821477717,2023-03-26T11:04:37.717,0.050,-0.495,0.610,0.252
1679821477727,2023-03-26T11:04:37.727,0.060,-0.343,0.503,0.313
1679821477737,2023-03-26T11:04:37.737,0.070,-0.358,0.366,0.236
1679821477747,2023-03-26T11:04:37.747,0.080,-0.655,0.549,0.160
1679821477757,2023-03-26T11:04:37.757,0.090,-0.724,0.770,0.160
1679821477767,2023-03-26T11:04:37.767,0.100,-0.427,0.945,0.274
1679821477777,2023-03-26T11:04:37.777,0.110,-0.267,0.968,0.191
1679821477787,2023-03-26T11:04:37.787,0.120,-0.259,0.968,0.175
1679821477797,2023-03-26T11:04:37.797,0.130,-0.633,0.930,0.236
1679821477807,2023-03-26T11:04:37.807,0.140,-1.181,0.854,0.381
1679821477817,2023-03-26T11:04:37.817,0.150,-1.128,0.869,0.282
1679821477827,2023-03-26T11:04:37.827,0.160,-0.846,0.800,0.305
1679821477837,2023-03-26T11:04:37.837,0.170,-0.617,0.442,0.442
1679821477847,2023-03-26T11:04:37.847,0.180,-0.617,0.465,0.541
1679821477857,2023-03-26T11:04:37.857,0.190,0.114,0.633,0.602
1679821477867,2023-03-26T11:04:37.867,0.200,0.877,0.648,0.610
1679821477877,2023-03-26T11:04:37.877,0.210,1.418,0.511,0.610
1679821477887,2023-03-26T11:04:37.887,0.220,1.601,0.587,0.755
1679821477897,2023-03-26T11:04:37.897,0.230,1.456,0.793,0.747
1679821477907,2023-03-26T11:04:37.907,0.240,1.242,0.793,0.648
1679821477917,2023-03-26T11:04:37.917,0.250,1.021,0.686,0.610
1679821477927,2023-03-26T11:04:37.927,0.260,0.534,0.541,0.640
1679821477937,2023-03-26T11:04:37.937,0.270,-0.145,0.488,0.709
1679821477947,2023-03-26T11:04:37.947,0.280,-0.198,0.442,0.770
1679821477957,2023-03-26T11:04:37.957,0.290,-0.457,0.488,0.770
1679821477967,2023-03-26T11:04:37.967,0.300,-0.785,0.808,0.678
1679821477977,2023-03-26T11:04:37.977,0.310,-0.831,0.938,0.701
1679821477987,2023-03-26T11:04:37.987,0.320,-0.556,0.907,0.541
1679821477997,2023-03-26T11:04:37.997,0.330,-0.061,0.587,0.328
1679821478007,2023-03-26T11:04:38.007,0.340,-0.252,0.617,0.366
1679821478017,2023-03-26T11:04:38.017,0.350,-0.724,0.816,0.404
1679821478027,2023-03-26T11:04:38.027,0.360,-0.419,0.800,0.427
1679821478037,2023-03-26T11:04:38.037,0.370,0.160,0.899,0.526
1679821478047,2023-03-26T11:04:38.047,0.380,0.191,1.052,0.655
1679821478057,2023-03-26T11:04:38.057,0.390,0.297,1.288,0.732
1679821478067,2023-03-26T11:04:38.067,0.400,0.572,1.143,0.762
1679821478077,2023-03-26T11:04:38.077,0.410,0.556,0.945,0.640
1679821478087,2023-03-26T11:04:38.087,0.420,0.053,0.785,0.511
1679821478097,2023-03-26T11:04:38.097,0.430,-0.137,0.541,0.473
1679821478107,2023-03-26T11:04:38.107,0.440,-0.107,0.488,0.473
1679821478117,2023-03-26T11:04:38.117,0.450,0.282,0.732,0.480
1679821478127,2023-03-26T11:04:38.127,0.460,0.526,0.998,0.473
1679821478137,2023-03-26T11:04:38.137,0.470,0.473,1.128,0.404
1679821478147,2023-03-26T11:04:38.147,0.480,0.404,1.334,0.442
1679821478157,2023-03-26T11:04:38.157,0.490,0.701,1.242,0.572
1679821478167,2023-03-26T11:04:38.167,0.500,0.869,1.029,0.556
1679821478177,2023-03-26T11:04:38.177,0.510,0.694,0.976,0.564
1679821478187,2023-03-26T11:04:38.187,0.520,0.564,1.090,0.694
1679821478197,2023-03-26T11:04:38.197,0.530,0.366,1.120,0.762
1679821478207,2023-03-26T11:04:38.207,0.540,0.625,1.098,0.777
1679821478217,2023-03-26T11:04:38.217,0.550,0.793,1.189,0.732
1679821478227,2023-03-26T11:04:38.227,0.560,0.610,1.364,0.663
1679821478237,2023-03-26T11:04:38.237,0.570,0.381,1.303,0.579
1679821478247,2023-03-26T11:04:38.247,0.580,-0.023,1.334,0.556
1679821478257,2023-03-26T11:04:38.257,0.590,-0.213,1.349,0.518
1679821478267,2023-03-26T11:04:38.267,0.600,0.313,1.380,0.465
1679821478277,2023-03-26T11:04:38.277,0.610,0.564,1.593,0.335
1679821478287,2023-03-26T11:04:38.287,0.620,0.625,1.692,0.419
1679821478297,2023-03-26T11:04:38.297,0.630,0.511,1.692,0.526
1679821478307,2023-03-26T11:04:38.307,0.640,0.617,1.593,0.587
1679821478317,2023-03-26T11:04:38.317,0.650,0.412,1.616,0.625
1679821478327,2023-03-26T11:04:38.327,0.660,0.107,1.540,0.648
1679821478337,2023-03-26T11:04:38.337,0.670,0.175,1.341,0.640
1679821478347,2023-03-26T11:04:38.347,0.680,0.434,1.402,0.541
1679821478357,2023-03-26T11:04:38.357,0.690,0.503,1.242,0.572
1679821478367,2023-03-26T11:04:38.367,0.700,0.297,1.212,0.549
1679821478377,2023-03-26T11:04:38.377,0.710,0.099,1.319,0.495
1679821478387,2023-03-26T11:04:38.387,0.720,-0.328,1.296,0.602
1679821478397,2023-03-26T11:04:38.397,0.730,-0.366,1.242,0.572
1679821478407,2023-03-26T11:04:38.407,0.740,0.168,1.334,0.503
1679821478417,2023-03-26T11:04:38.417,0.750,0.328,1.341,0.511
1679821478427,2023-03-26T11:04:38.427,0.760,0.442,1.311,0.396
1679821478437,2023-03-26T11:04:38.437,0.770,0.671,1.037,0.297
1679821478447,2023-03-26T11:04:38.447,0.780,0.838,0.877,0.366
1679821478457,2023-03-26T11:04:38.457,0.790,1.037,0.739,0.457
1679821478467,2023-03-26T11:04:38.467,0.800,1.250,0.785,0.564
1679821478477,2023-03-26T11:04:38.477,0.810,1.235,0.968,0.694
1679821478487,2023-03-26T11:04:38.487,0.820,0.884,1.090,0.877
1679821478497,2023-03-26T11:04:38.497,0.830,0.587,1.075,0.846
1679821478507,2023-03-26T11:04:38.507,0.840,0.495,1.044,0.777
1679821478517,2023-03-26T11:04:38.517,0.850,0.854,0.785,0.785
1679821478527,2023-03-26T11:04:38.527,0.860,1.410,0.678,0.663
1679821478537,2023-03-26T11:04:38.537,0.870,1.570,0.877,0.633
1679821478547,2023-03-26T11:04:38.547,0.880,1.288,0.823,0.694
1679821478557,2023-03-26T11:04:38.557,0.890,0.816,0.816,0.709
1679821478567,2023-03-26T11:04:38.567,0.900,0.549,0.793,0.648
1679821478577,2023-03-26T11:04:38.577,0.910,0.450,0.564,0.518
1679821478587,2023-03-26T11:04:38.587,0.920,0.351,0.282,0.495
1679821478597,2023-03-26T11:04:38.597,0.930,0.328,0.252,0.595
1679821478607,2023-03-26T11:04:38.607,0.940,0.534,0.366,0.534
1679821478617,2023-03-26T11:04:38.617,0.950,0.313,0.465,0.587
1679821478627,2023-03-26T11:04:38.627,0.960,0.465,0.457,0.762
1679821478637,2023-03-26T11:04:38.637,0.970,0.671,0.335,0.716
1679821478647,2023-03-26T11:04:38.647,0.980,0.694,0.313,0.770
1679821478657,2023-03-26T11:04:38.657,0.990,0.465,0.442,0.770
1679821478667,2023-03-26T11:04:38.667,1.000,0.373,0.663,0.671
1679821478677,2023-03-26T11:04:38.677,1.010,0.236,0.777,0.549
1679821478687,2023-03-26T11:04:38.687,1.020,-0.015,0.610,0.511
1679821478697,2023-03-26T11:04:38.697,1.030,-0.145,0.564,0.373
1679821478707,2023-03-26T11:04:38.707,1.040,-0.655,0.663,0.267
1679821478717,2023-03-26T11:04:38.717,1.050,-0.762,0.678,0.267
1679821478727,2023-03-26T11:04:38.727,1.060,-0.709,0.541,0.137
1679821478737,2023-03-26T11:04:38.737,1.070,-1.128,0.434,0.069
1679821478747,2023-03-26T11:04:38.747,1.080,-1.387,0.313,-0.061
1679821478757,2023-03-26T11:04:38.757,1.090,-1.273,0.137,-0.091
1679821478767,2023-03-26T11:04:38.767,1.100,-1.120,0.221,-0.175
1679821478777,2023-03-26T11:04:38.777,1.110,-0.663,-0.061,-0.137
1679821478787,2023-03-26T11:04:38.787,1.120,-0.297,-0.130,0.099
1679821478797,2023-03-26T11:04:38.797,1.130,0.252,0.053,0.152
1679821478807,2023-03-26T11:04:38.807,1.140,0.892,0.107,0.206
1679821478817,2023-03-26T11:04:38.817,1.150,0.495,0.335,0.213
1679821478827,2023-03-26T11:04:38.827,1.160,0.198,0.534,0.396
1679821478837,2023-03-26T11:04:38.837,1.170,0.556,0.747,0.343
1679821478847,2023-03-26T11:04:38.847,1.180,0.259,0.579,0.305
1679821478857,2023-03-26T11:04:38.857,1.190,-0.091,0.313,0.191
1679821478867,2023-03-26T11:04:38.867,1.200,0.267,0.099,0.137
1679821478877,2023-03-26T11:04:38.877,1.210,0.457,0.000,0.107
1679821478887,2023-03-26T11:04:38.887,1.220,0.480,-0.053,0.183
1679821478897,2023-03-26T11:04:38.897,1.230,0.381,-0.023,0.274
1679821478907,2023-03-26T11:04:38.907,1.240,0.145,0.130,0.427
1679821478917,2023-03-26T11:04:38.917,1.250,0.000,0.305,0.488
1679821478927,2023-03-26T11:04:38.927,1.260,0.313,0.305,0.556
1679821478937,2023-03-26T11:04:38.937,1.270,0.160,0.450,0.564
1679821478947,2023-03-26T11:04:38.947,1.280,0.221,0.534,0.625
1679821478957,2023-03-26T11:04:38.957,1.290,0.495,0.229,0.572
1679821478967,2023-03-26T11:04:38.967,1.300,0.983,0.000,0.564
1679821478977,2023-03-26T11:04:38.977,1.310,1.509,-0.122,0.442
1679821478987,2023-03-26T11:04:38.987,1.320,1.921,-0.069,0.335
1679821478997,2023-03-26T11:04:38.997,1.330,1.852,0.252,0.335
1679821479007,2023-03-26T11:04:39.007,1.340,1.380,0.450,0.412
1679821479017,2023-03-26T11:04:39.017,1.350,0.953,0.465,0.473
1679821479027,2023-03-26T11:04:39.027,1.360,0.739,0.442,0.412
1679821479037,2023-03-26T11:04:39.037,1.370,0.434,0.633,0.305
1679821479047,2023-03-26T11:04:39.047,1.380,0.046,0.602,0.259
1679821479057,2023-03-26T11:04:39.057,1.390,0.290,0.313,0.213
1679821479067,2023-03-26T11:04:39.067,1.400,0.274,0.137,0.168
1679821479077,2023-03-26T11:04:39.077,1.410,-0.076,0.152,0.061
1679821479087,2023-03-26T11:04:39.087,1.420,-0.320,0.564,0.099
1679821479097,2023-03-26T11:04:39.097,1.430,-0.617,0.732,0.130
1679821479107,2023-03-26T11:04:39.107,1.440,-0.922,0.762,0.084
1679821479117,2023-03-26T11:04:39.117,1.450,-0.991,0.663,0.122
1679821479127,2023-03-26T11:04:39.127,1.460,-1.044,0.549,0.099
1679821479137,2023-03-26T11:04:39.137,1.470,-0.976,0.518,0.023
1679821479147,2023-03-26T11:04:39.147,1.480,-0.419,0.404,0.114
1679821479157,2023-03-26T11:04:39.157,1.490,-0.198,0.221,0.145
1679821479167,2023-03-26T11:04:39.167,1.500,-0.229,0.206,0.320
1679821479177,2023-03-26T11:04:39.177,1.510,0.084,0.320,0.381
1679821479187,2023-03-26T11:04:39.187,1.520,0.473,0.495,0.389
1679821479197,2023-03-26T11:04:39.197,1.530,0.297,0.724,0.282
1679821479207,2023-03-26T11:04:39.207,1.540,0.229,0.671,0.221
1679821479217,2023-03-26T11:04:39.217,1.550,-0.030,0.358,0.206
1679821479227,2023-03-26T11:04:39.227,1.560,0.015,0.244,0.183
1679821479237,2023-03-26T11:04:39.237,1.570,0.084,0.297,0.229
1679821479247,2023-03-26T11:04:39.247,1.580,0.366,0.236,0.305
1679821479257,2023-03-26T11:04:39.257,1.590,0.366,0.328,0.221
1679821479267,2023-03-26T11:04:39.267,1.600,0.290,0.457,0.206
1679821479277,2023-03-26T11:04:39.277,1.610,0.404,0.777,0.198
1679821479287,2023-03-26T11:04:39.287,1.620,0.480,0.655,0.061
1679821479297,2023-03-26T11:04:39.297,1.630,-0.114,0.419,-0.015
1679821479307,2023-03-26T11:04:39.307,1.640,-0.869,0.107,-0.046
1679821479317,2023-03-26T11:04:39.317,1.650,-1.418,0.122,-0.145
1679821479327,2023-03-26T11:04:39.327,1.660,-0.922,0.046,-0.130
1679821479337,2023-03-26T11:04:39.337,1.670,0.282,0.130,-0.396
1679821479347,2023-03-26T11:04:39.347,1.680,0.389,0.351,-0.800
1679821479357,2023-03-26T11:04:39.357,1.690,-0.274,0.755,-0.960
1679821479367,2023-03-26T11:04:39.367,1.700,-1.547,0.899,-1.380
1679821479377,2023-03-26T11:04:39.377,1.710,-1.662,0.899,-1.890
1679821479387,2023-03-26T11:04:39.387,1.720,-0.518,0.465,-2.233
1679821479397,2023-03-26T11:04:39.397,1.730,-1.273,0.053,-2.691
1679821479407,2023-03-26T11:04:39.407,1.740,-3.140,0.122,-3.011
1679821479417,2023-03-26T11:04:39.417,1.750,-3.742,0.450,-2.759
1679821479427,2023-03-26T11:04:39.427,1.760,-5.541,0.678,-2.797
1679821479437,2023-03-26T11:04:39.437,1.770,-6.974,1.311,-3.034
1679821479447,2023-03-26T11:04:39.447,1.780,-6.395,1.273,-3.407
1679821479457,2023-03-26T11:04:39.457,1.790,-5.434,1.044,-4.040
1679821479467,2023-03-26T11:04:39.467,1.800,-3.216,0.663,-3.948
1679821479477,2023-03-26T11:04:39.477,1.810,-2.188,0.015,-3.666
1679821479487,2023-03-26T11:04:39.487,1.820,-3.575,0.678,-3.422
1679821479497,2023-03-26T11:04:39.497,1.830,-3.727,2.591,-3.659
1679821479507,2023-03-26T11:04:39.507,1.840,-3.285,2.752,-3.803
1679821479517,2023-03-26T11:04:39.517,1.850,-3.567,2.294,-3.590
1679821479527,2023-03-26T11:04:39.527,1.860,-4.291,1.723,-3.377
1679821479537,2023-03-26T11:04:39.537,1.870,-3.841,1.707,-3.354
1679821479547,2023-03-26T11:04:39.547,1.880,-1.646,0.884,-3.072
1679821479557,2023-03-26T11:04:39.557,1.890,0.633,-0.373,-2.912
1679821479567,2023-03-26T11:04:39.567,1.900,2.073,-0.480,-2.584
1679821479577,2023-03-26T11:04:39.577,1.910,3.674,-0.046,-2.210
1679821479587,2023-03-26T11:04:39.587,1.920,4.665,-0.145,-1.700
1679821479597,2023-03-26T11:04:39.597,1.930,5.854,0.038,-1.395
1679821479607,2023-03-26T11:04:39.607,1.940,8.072,0.069,-1.258
1679821479617,2023-03-26T11:04:39.617,1.950,10.480,-0.739,-1.220
1679821479627,2023-03-26T11:04:39.627,1.960,11.715,-1.532,-1.380
1679821479637,2023-03-26T11:04:39.637,1.970,12.736,-1.837,-1.166
1679821479647,2023-03-26T11:04:39.647,1.980,13.704,-2.378,-0.762
1679821479657,2023-03-26T11:04:39.657,1.990,14.284,-2.645,-0.389
1679821479667,2023-03-26T11:04:39.667,2.000,15.053,-2.508,-0.122
1679821479677,2023-03-26T11:04:39.677,2.010,15.793,-2.233,-0.099
1679821479687,2023-03-26T11:04:39.687,2.020,16.143,-2.111,-0.168
1679821479697,2023-03-26T11:04:39.697,2.030,16.425,-2.066,-0.541
1679821479707,2023-03-26T11:04:39.707,2.040,16.463,-1.890,-0.861
1679821479717,2023-03-26T11:04:39.717,2.050,16.646,-1.303,-1.151
1679821479727,2023-03-26T11:04:39.727,2.060,16.006,-0.518,-1.524
1679821479737,2023-03-26T11:04:39.737,2.070,13.918,1.014,-1.822
1679821479747,2023-03-26T11:04:39.747,2.080,12.165,2.797,-1.959
1679821479757,2023-03-26T11:04:39.757,2.090,9.726,3.864,-2.317
1679821479767,2023-03-26T11:04:39.767,2.100,6.181,4.428,-2.477
1679821479777,2023-03-26T11:04:39.777,2.110,3.110,4.665,-2.393
1679821479787,2023-03-26T11:04:39.787,2.120,1.433,5.152,-2.317
1679821479797,2023-03-26T11:04:39.797,2.130,2.386,5.236,-2.401
1679821479807,2023-03-26T11:04:39.807,2.140,5.884,4.223,-1.738
1679821479817,2023-03-26T11:04:39.817,2.150,9.078,2.805,-0.137
1679821479827,2023-03-26T11:04:39.827,2.160,12.752,0.960,2.622
1679821479837,2023-03-26T11:04:39.837,2.170,18.003,-1.905,6.227
1679821479847,2023-03-26T11:04:39.847,2.180,25.107,-5.549,9.581
1679821479857,2023-03-26T11:04:39.857,2.190,36.646,-8.773,12.416
1679821479867,2023-03-26T11:04:39.867,2.200,47.241,-15.465,14.238
1679821479877,2023-03-26T11:04:39.877,2.210,54.390,-18.529,14.497
1679821479887,2023-03-26T11:04:39.887,2.220,60.145,-17.424,14.916
1679821479897,2023-03-26T11:04:39.897,2.230,60.686,-20.823,15.038
1679821479907,2023-03-26T11:04:39.907,2.240,62.942,-21.723,15.084
1679821479917,2023-03-26T11:04:39.917,2.250,60.229,-22.043,14.573
1679821479927,2023-03-26T11:04:39.927,2.260,47.675,-25.442,11.875
1679821479937,2023-03-26T11:04:39.937,2.270,31.623,-33.384,8.323
1679821479947,2023-03-26T11:04:39.947,2.280,16.601,-49.543,6.014
1679821479957,2023-03-26T11:04:39.957,2.290,9.413,-58.582,7.515
1679821479967,2023-03-26T11:04:39.967,2.300,9.413,-57.965,9.985
1679821479977,2023-03-26T11:04:39.977,2.310,8.979,-58.704,10.572
1679821479987,2023-03-26T11:04:39.987,2.320,6.883,-59.756,9.520
1679821479997,2023-03-26T11:04:39.997,2.330,4.825,-62.012,7.630
1679821480007,2023-03-26T11:04:40.007,2.340,2.454,-64.931,6.082
1679821480017,2023-03-26T11:04:40.017,2.350,-0.694,-68.102,5.091
1679821480027,2023-03-26T11:04:40.027,2.360,-5.450,-72.127,3.826
1679821480037,2023-03-26T11:04:40.037,2.370,-10.838,-77.713,2.508
1679821480047,2023-03-26T11:04:40.047,2.380,-15.412,-83.102,0.755
1679821480057,2023-03-26T11:04:40.057,2.390,-19.230,-86.898,-1.311
1679821480067,2023-03-26T11:04:40.067,2.400,-22.043,-89.291,-3.529
1679821480077,2023-03-26T11:04:40.077,2.410,-25.473,-91.723,-5.694
1679821480087,2023-03-26T11:04:40.087,2.420,-29.718,-93.971,-7.287
1679821480097,2023-03-26T11:04:40.097,2.430,-34.855,-95.152,-8.468
1679821480107,2023-03-26T11:04:40.107,2.440,-40.152,-95.869,-9.436
1679821480117,2023-03-26T11:04:40.117,2.450,-45.221,-96.494,-10.343
1679821480127,2023-03-26T11:04:40.127,2.460,-49.337,-94.771,-11.128
1679821480137,2023-03-26T11:04:40.137,2.470,-50.701,-92.134,-11.623
1679821480147,2023-03-26T11:04:40.147,2.480,-49.657,-89.878,-11.883
1679821480157,2023-03-26T11:04:40.157,2.490,-48.239,-88.117,-12.142
1679821480167,2023-03-26T11:04:40.167,2.500,-45.434,-85.069,-12.797
1679821480177,2023-03-26T11:04:40.177,2.510,-39.642,-82.668,-13.666
1679821480187,2023-03-26T11:04:40.187,2.520,-31.631,-81.006,-13.986
1679821480197,2023-03-26T11:04:40.197,2.530,-23.620,-76.776,-13.704
1679821480207,2023-03-26T11:04:40.207,2.540,-16.997,-73.872,-13.140
1679821480217,2023-03-26T11:04:40.217,2.550,-9.764,-71.723,-12.271
1679821480227,2023-03-26T11:04:40.227,2.560,-2.973,-69.123,-11.387
1679821480237,2023-03-26T11:04:40.237,2.570,3.636,-66.425,-10.335
1679821480247,2023-03-26T11:04:40.247,2.580,8.788,-64.718,-9.123
1679821480257,2023-03-26T11:04:40.257,2.590,13.178,-60.038,-7.210
1679821480267,2023-03-26T11:04:40.267,2.600,17.180,-54.901,-5.183
1679821480277,2023-03-26T11:04:40.277,2.610,20.396,-50.800,-4.268
1679821480287,2023-03-26T11:04:40.287,2.620,21.181,-46.883,-3.384
1679821480297,2023-03-26T11:04:40.297,2.630,21.837,-42.203,-2.424
1679821480307,2023-03-26T11:04:40.307,2.640,23.491,-37.409,-1.524
1679821480317,2023-03-26T11:04:40.317,2.650,25.145,-33.483,-0.655
1679821480327,2023-03-26T11:04:40.327,2.660,24.108,-30.762,-0.282
1679821480337,2023-03-26T11:04:40.337,2.670,19.306,-28.460,0.175
1679821480347,2023-03-26T11:04:40.347,2.680,15.053,-22.485,1.509
1679821480357,2023-03-26T11:04:40.357,2.690,11.532,-16.090,2.934
1679821480367,2023-03-26T11:04:40.367,2.700,6.006,-11.494,3.003
1679821480377,2023-03-26T11:04:40.377,2.710,-1.921,-5.663,2.043
1679821480387,2023-03-26T11:04:40.387,2.720,-9.024,1.951,1.220
1679821480397,2023-03-26T11:04:40.397,2.730,-12.637,8.620,1.029
1679821480407,2023-03-26T11:04:40.407,2.740,-15.915,13.003,1.303
1679821480417,2023-03-26T11:04:40.417,2.750,-22.149,16.707,1.738
1679821480427,2023-03-26T11:04:40.427,2.760,-27.409,21.197,2.172
1679821480437,2023-03-26T11:04:40.437,2.770,-28.369,26.928,2.508
1679821480447,2023-03-26T11:04:40.447,2.780,-28.819,33.399,2.988
1679821480457,2023-03-26T11:04:40.457,2.790,-33.750,39.398,2.858
1679821480467,2023-03-26T11:04:40.467,2.800,-41.677,45.434,2.500
1679821480477,2023-03-26T11:04:40.477,2.810,-48.087,52.005,2.691
1679821480487,2023-03-26T11:04:40.487,2.820,-50.595,59.101,3.537
1679821480497,2023-03-26T11:04:40.497,2.830,-48.979,66.784,4.848
1679821480507,2023-03-26T11:04:40.507,2.840,-42.622,74.466,6.761
1679821480517,2023-03-26T11:04:40.517,2.850,-34.695,81.646,8.521
1679821480527,2023-03-26T11:04:40.527,2.860,-30.221,89.024,8.880
1679821480537,2023-03-26T11:04:40.537,2.870,-20.206,92.607,6.456
1679821480547,2023-03-26T11:04:40.547,2.880,1.486,79.748,-0.236
1679821480557,2023-03-26T11:04:40.557,2.890,4.055,46.623,-4.451
1679821480567,2023-03-26T11:04:40.567,2.900,-51.433,5.213,9.085
1679821480577,2023-03-26T11:04:40.577,2.910,-174.169,-36.105,36.105
1679821480587,2023-03-26T11:04:40.587,2.920,-249.748,2.218,56.555
1679821480597,2023-03-26T11:04:40.597,2.930,-213.834,50.701,46.402
1679821480607,2023-03-26T11:04:40.607,2.940,-91.715,76.867,19.200
1679821480617,2023-03-26T11:04:40.617,2.950,26.296,108.575,11.189
1679821480627,2023-03-26T11:04:40.627,2.960,99.421,105.335,15.282
1679821480637,2023-03-26T11:04:40.637,2.970,122.828,69.352,20.457
1679821480647,2023-03-26T11:04:40.647,2.980,103.971,39.413,32.614
1679821480657,2023-03-26T11:04:40.657,2.990,67.081,28.956,47.774
1679821480667,2023-03-26T11:04:40.667,3.000,24.390,45.998,52.988
1679821480677,2023-03-26T11:04:40.677,3.010,8.034,63.392,44.954
1679821480687,2023-03-26T11:04:40.687,3.020,21.692,67.797,35.358
1679821480697,2023-03-26T11:04:40.697,3.030,31.197,65.732,27.005
1679821480707,2023-03-26T11:04:40.707,3.040,30.297,64.291,18.392
1679821480717,2023-03-26T11:04:40.717,3.050,24.017,62.904,9.558
1679821480727,2023-03-26T11:04:40.727,3.060,11.677,61.052,2.248
1679821480737,2023-03-26T11:04:40.737,3.070,-2.500,59.032,-1.402
1679821480747,2023-03-26T11:04:40.747,3.080,-10.008,57.652,-0.175
1679821480757,2023-03-26T11:04:40.757,3.090,-8.559,59.550,3.979
1679821480767,2023-03-26T11:04:40.767,3.100,0.587,62.622,9.573
1679821480777,2023-03-26T11:04:40.777,3.110,11.944,62.843,15.526
1679821480787,2023-03-26T11:04:40.787,3.120,19.809,60.846,18.590
1679821480797,2023-03-26T11:04:40.797,3.130,23.300,57.416,17.988
1679821480807,2023-03-26T11:04:40.807,3.140,25.709,53.125,16.494
1679821480817,2023-03-26T11:04:40.817,3.150,32.454,50.107,14.733
1679821480827,2023-03-26T11:04:40.827,3.160,43.018,48.956,12.729
1679821480837,2023-03-26T11:04:40.837,3.170,50.701,50.091,9.870
1679821480847,2023-03-26T11:04:40.847,3.180,54.017,52.424,7.485
1679821480857,2023-03-26T11:04:40.857,3.190,58.346,53.681,7.233
1679821480867,2023-03-26T11:04:40.867,3.200,69.116,55.122,8.880
1679821480877,2023-03-26T11:04:40.877,3.210,85.793,56.044,10.008
1679821480887,2023-03-26T11:04:40.887,3.220,103.201,56.075,9.718
1679821480897,2023-03-26T11:04:40.897,3.230,115.534,57.119,8.834
1679821480907,2023-03-26T11:04:40.907,3.240,115.160,54.383,8.620
1679821480917,2023-03-26T11:04:40.917,3.250,97.188,51.715,7.835
1679821480927,2023-03-26T11:04:40.927,3.260,68.117,49.421,7.134
1679821480937,2023-03-26T11:04:40.937,3.270,37.111,46.944,6.105
1679821480947,2023-03-26T11:04:40.947,3.280,11.997,44.802,4.329
1679821480957,2023-03-26T11:04:40.957,3.290,-3.460,43.323,2.470
1679821480967,2023-03-26T11:04:40.967,3.300,-8.422,42.973,0.960
1679821480977,2023-03-26T11:04:40.977,3.310,-4.924,44.123,-0.236
1679821480987,2023-03-26T11:04:40.987,3.320,1.860,46.303,-0.739
1679821480997,2023-03-26T11:04:40.997,3.330,6.905,47.294,-0.785
1679821481007,2023-03-26T11:04:41.007,3.340,9.756,45.541,0.213
1679821481017,2023-03-26T11:04:41.017,3.350,13.476,43.178,1.806
1679821481027,2023-03-26T11:04:41.027,3.360,18.216,42.210,2.965
1679821481037,2023-03-26T11:04:41.037,3.370,24.825,45.244,3.171
1679821481047,2023-03-26T11:04:41.047,3.380,30.831,48.735,2.508
1679821481057,2023-03-26T11:04:41.057,3.390,30.145,50.549,2.294
1679821481067,2023-03-26T11:04:41.067,3.400,25.221,54.139,3.300
1679821481077,2023-03-26T11:04:41.077,3.410,20.122,56.745,4.299
1679821481087,2023-03-26T11:04:41.087,3.420,14.375,56.997,5.114
1679821481097,2023-03-26T11:04:41.097,3.430,9.947,56.044,5.892
1679821481107,2023-03-26T11:04:41.107,3.440,9.215,54.451,5.732
1679821481117,2023-03-26T11:04:41.117,3.450,9.245,53.194,4.405
1679821481127,2023-03-26T11:04:41.127,3.460,12.348,53.072,3.049
1679821481137,2023-03-26T11:04:41.137,3.470,23.346,53.887,2.447
1679821481147,2023-03-26T11:04:41.147,3.480,40.389,56.540,2.431
1679821481157,2023-03-26T11:04:41.157,3.490,55.655,58.803,1.776
1679821481167,2023-03-26T11:04:41.167,3.500,62.088,60.236,0.930
1679821481177,2023-03-26T11:04:41.177,3.510,61.784,63.323,1.075
1679821481187,2023-03-26T11:04:41.187,3.520,57.005,66.418,1.395
1679821481197,2023-03-26T11:04:41.197,3.530,47.973,66.326,1.227
1679821481207,2023-03-26T11:04:41.207,3.540,38.361,64.078,1.540
1679821481217,2023-03-26T11:04:41.217,3.550,30.686,62.637,3.316
1679821481227,2023-03-26T11:04:41.227,3.560,28.575,62.813,5.854
1679821481237,2023-03-26T11:04:41.237,3.570,35.213,65.114,5.846
1679821481247,2023-03-26T11:04:41.247,3.580,42.782,65.762,1.700
1679821481257,2023-03-26T11:04:41.257,3.590,49.146,63.567,-2.889
1679821481267,2023-03-26T11:04:41.267,3.600,60.015,61.585,-4.291
1679821481277,2023-03-26T11:04:41.277,3.610,74.131,59.520,-2.721
1679821481287,2023-03-26T11:04:41.287,3.620,87.919,57.104,-0.739
1679821481297,2023-03-26T11:04:41.297,3.630,98.186,52.508,-0.793
1679821481307,2023-03-26T11:04:41.307,3.640,88.849,44.253,-2.599
1679821481317,2023-03-26T11:04:41.317,3.650,62.012,31.898,-3.559
1679821481327,2023-03-26T11:04:41.327,3.660,43.399,22.302,-1.753
1679821481337,2023-03-26T11:04:41.337,3.670,33.293,13.133,-0.892
1679821481347,2023-03-26T11:04:41.347,3.680,28.857,2.279,-3.575
1679821481357,2023-03-26T11:04:41.357,3.690,34.299,-5.046,-6.098
1679821481367,2023-03-26T11:04:41.367,3.700,44.878,-6.136,-6.136
1679821481377,2023-03-26T11:04:41.377,3.710,47.843,-6.829,-5.648
1679821481387,2023-03-26T11:04:41.387,3.720,31.616,-15.221,-9.413
1679821481397,2023-03-26T11:04:41.397,3.730,4.108,-19.634,-11.951
1679821481407,2023-03-26T11:04:41.407,3.740,-13.011,-18.666,-11.113
1679821481417,2023-03-26T11:04:41.417,3.750,-17.530,-24.741,-10.541
1679821481427,2023-03-26T11:04:41.427,3.760,-14.962,-30.450,-7.721
1679821481437,2023-03-26T11:04:41.437,3.770,-1.090,-40.229,-4.680
1679821481447,2023-03-26T11:04:41.447,3.780,20.968,-54.962,-1.639
1679821481457,2023-03-26T11:04:41.457,3.790,43.674,-67.660,3.087
1679821481467,2023-03-26T11:04:41.467,3.800,59.741,-80.320,9.040
1679821481477,2023-03-26T11:04:41.477,3.810,64.931,-92.317,14.825
1679821481487,2023-03-26T11:04:41.487,3.820,60.313,-101.486,20.549
1679821481497,2023-03-26T11:04:41.497,3.830,49.947,-109.299,25.709
1679821481507,2023-03-26T11:04:41.507,3.840,36.479,-116.311,29.230
1679821481517,2023-03-26T11:04:41.517,3.850,19.748,-121.014,30.854
1679821481527,2023-03-26T11:04:41.527,3.860,2.409,-124.352,31.524
1679821481537,2023-03-26T11:04:41.537,3.870,-11.021,-127.325,31.235
1679821481547,2023-03-26T11:04:41.547,3.880,-20.640,-129.733,31.098
1679821481557,2023-03-26T11:04:41.557,3.890,-28.750,-132.340,31.570
1679821481567,2023-03-26T11:04:41.567,3.900,-40.213,-135.206,31.593
1679821481577,2023-03-26T11:04:41.577,3.910,-56.098,-139.688,31.075
1679821481587,2023-03-26T11:04:41.587,3.920,-70.785,-141.905,30.221
1679821481597,2023-03-26T11:04:41.597,3.930,-80.747,-143.399,28.430
1679821481607,2023-03-26T11:04:41.607,3.940,-83.834,-146.296,25.648
1679821481617,2023-03-26T11:04:41.617,3.950,-82.104,-148.430,22.477
1679821481627,2023-03-26T11:04:41.627,3.960,-77.066,-148.941,19.619
1679821481637,2023-03-26T11:04:41.637,3.970,-70.175,-150.488,16.959
1679821481647,2023-03-26T11:04:41.647,3.980,-62.309,-153.994,14.611
1679821481657,2023-03-26T11:04:41.657,3.990,-55.434,-160.183,12.492
1679821481667,2023-03-26T11:04:41.667,4.000,-52.340,-166.113,10.861
1679821481677,2023-03-26T11:04:41.677,4.010,-50.998,-166.181,10.434
1679821481687,2023-03-26T11:04:41.687,4.020,-51.410,-162.805,10.998
1679821481697,2023-03-26T11:04:41.697,4.030,-57.005,-160.495,11.883
1679821481707,2023-03-26T11:04:41.707,4.040,-66.898,-156.677,12.058
1679821481717,2023-03-26T11:04:41.717,4.050,-75.404,-151.014,12.287
1679821481727,2023-03-26T11:04:41.727,4.060,-81.547,-143.224,13.049
1679821481737,2023-03-26T11:04:41.737,4.070,-82.172,-133.453,14.405
1679821481747,2023-03-26T11:04:41.747,4.080,-79.276,-128.994,14.954
1679821481757,2023-03-26T11:04:41.757,4.090,-76.822,-125.633,14.108
1679821481767,2023-03-26T11:04:41.767,4.100,-68.163,-111.814,12.843
1679821481777,2023-03-26T11:04:41.777,4.110,-54.405,-100.869,12.912
1679821481787,2023-03-26T11:04:41.787,4.120,-42.325,-93.308,13.125
1679821481797,2023-03-26T11:04:41.797,4.130,-33.666,-86.174,12.454
1679821481807,2023-03-26T11:04:41.807,4.140,-26.128,-77.195,11.631
1679821481817,2023-03-26T11:04:41.817,4.150,-16.616,-63.659,11.197
1679821481827,2023-03-26T11:04:41.827,4.160,-10.381,-53.064,10.960
1679821481837,2023-03-26T11:04:41.837,4.170,-9.870,-46.159,10.290
1679821481847,2023-03-26T11:04:41.847,4.180,-13.468,-38.697,9.939
1679821481857,2023-03-26T11:04:41.857,4.190,-17.912,-29.299,9.931
1679821481867,2023-03-26T11:04:41.867,4.200,-23.262,-21.273,9.154
1679821481877,2023-03-26T11:04:41.877,4.210,-26.250,-12.439,8.765
1679821481887,2023-03-26T11:04:41.887,4.220,-25.861,-3.796,8.819
1679821481897,2023-03-26T11:04:41.897,4.230,-24.581,3.712,8.559
1679821481907,2023-03-26T11:04:41.907,4.240,-23.887,11.105,8.270
1679821481917,2023-03-26T11:04:41.917,4.250,-22.142,19.184,8.011
1679821481927,2023-03-26T11:04:41.927,4.260,-19.649,26.646,7.637
1679821481937,2023-03-26T11:04:41.937,4.270,-16.181,34.207,7.317
1679821481947,2023-03-26T11:04:41.947,4.280,-10.671,42.973,7.340
1679821481957,2023-03-26T11:04:41.957,4.290,-6.410,52.012,7.599
1679821481967,2023-03-26T11:04:41.967,4.300,-3.178,61.715,7.873
1679821481977,2023-03-26T11:04:41.977,4.310,1.723,72.553,8.316
1679821481987,2023-03-26T11:04:41.987,4.320,4.116,86.646,9.017
1679821481997,2023-03-26T11:04:41.997,4.330,5.450,102.950,9.040
1679821482007,2023-03-26T11:04:42.007,4.340,9.787,122.096,6.547
1679821482017,2023-03-26T11:04:42.017,4.350,13.559,142.622,1.684
1679821482027,2023-03-26T11:04:42.027,4.360,13.194,150.160,-4.345
1679821482037,2023-03-26T11:04:42.037,4.370,30.960,118.841,-5.953
1679821482047,2023-03-26T11:04:42.047,4.380,7.515,11.425,0.663
1679821482057,2023-03-26T11:04:42.057,4.390,-199.741,-85.389,17.256
1679821482067,2023-03-26T11:04:42.067,4.400,-249.748,-35.655,52.218
1679821482077,2023-03-26T11:04:42.077,4.410,-247.393,65.968,62.988
1679821482087,2023-03-26T11:04:42.087,4.420,-130.892,51.639,55.137
1679821482097,2023-03-26T11:04:42.097,4.430,105.846,59.367,34.261
1679821482107,2023-03-26T11:04:42.107,4.440,246.570,102.683,11.982
1679821482117,2023-03-26T11:04:42.117,4.450,227.866,56.494,-15.785
1679821482127,2023-03-26T11:04:42.127,4.460,166.098,31.578,-15.617
1679821482137,2023-03-26T11:04:42.137,4.470,119.604,46.044,17.660
1679821482147,2023-03-26T11:04:42.147,4.480,76.433,51.357,47.843
1679821482157,2023-03-26T11:04:42.157,4.490,43.780,43.491,50.777
1679821482167,2023-03-26T11:04:42.167,4.500,33.780,56.425,37.416
1679821482177,2023-03-26T11:04:42.177,4.510,38.056,64.352,26.761
1679821482187,2023-03-26T11:04:42.187,4.520,50.213,53.933,18.979
1679821482197,2023-03-26T11:04:42.197,4.530,58.415,52.599,7.508
1679821482207,2023-03-26T11:04:42.207,4.540,55.785,55.526,-8.857
1679821482217,2023-03-26T11:04:42.217,4.550,35.998,58.102,-20.686
1679821482227,2023-03-26T11:04:42.227,4.560,12.576,61.822,-21.905
1679821482237,2023-03-26T11:04:42.237,4.570,0.290,62.470,-15.122
1679821482247,2023-03-26T11:04:42.247,4.580,-2.386,66.090,-6.707
1679821482257,2023-03-26T11:04:42.257,4.590,1.380,74.017,-1.280
1679821482267,2023-03-26T11:04:42.267,4.600,6.677,78.331,1.037
1679821482277,2023-03-26T11:04:42.277,4.610,8.605,77.942,0.938
1679821482287,2023-03-26T11:04:42.287,4.620,5.473,74.466,-1.288
1679821482297,2023-03-26T11:04:42.297,4.630,2.508,71.082,-4.505
1679821482307,2023-03-26T11:04:42.307,4.640,-4.634,67.553,-6.113
1679821482317,2023-03-26T11:04:42.317,4.650,-15.663,66.441,-5.473
1679821482327,2023-03-26T11:04:42.327,4.660,-29.063,70.861,-5.114
1679821482337,2023-03-26T11:04:42.337,4.670,-41.822,76.273,-5.998
1679821482347,2023-03-26T11:04:42.347,4.680,-52.622,79.748,-7.752
1679821482357,2023-03-26T11:04:42.357,4.690,-57.896,81.082,-8.895
1679821482367,2023-03-26T11:04:42.367,4.700,-51.418,81.486,-8.377
1679821482377,2023-03-26T11:04:42.377,4.710,-34.482,77.157,-6.204
1679821482387,2023-03-26T11:04:42.387,4.720,-14.680,71.860,-4.238
1679821482397,2023-03-26T11:04:42.397,4.730,7.645,73.567,-3.880
1679821482407,2023-03-26T11:04:42.407,4.740,31.204,76.540,-4.390
1679821482417,2023-03-26T11:04:42.417,4.750,43.498,78.460,-4.718
1679821482427,2023-03-26T11:04:42.427,4.760,43.491,80.213,-4.345
1679821482437,2023-03-26T11:04:42.437,4.770,37.736,79.421,-2.774
1679821482447,2023-03-26T11:04:42.447,4.780,31.166,77.630,-0.526
1679821482457,2023-03-26T11:04:42.457,4.790,31.059,77.767,1.197
1679821482467,2023-03-26T11:04:42.467,4.800,38.537,78.941,1.532
1679821482477,2023-03-26T11:04:42.477,4.810,50.724,79.245,1.090
1679821482487,2023-03-26T11:04:42.487,4.820,63.636,79.146,2.500
1679821482497,2023-03-26T11:04:42.497,4.830,70.107,78.834,4.855
1679821482507,2023-03-26T11:04:42.507,4.840,66.745,77.104,6.822
1679821482517,2023-03-26T11:04:42.517,4.850,51.402,70.114,9.047
1679821482527,2023-03-26T11:04:42.527,4.860,34.901,63.003,10.564
1679821482537,2023-03-26T11:04:42.537,4.870,27.073,60.191,10.145
1679821482547,2023-03-26T11:04:42.547,4.880,26.159,60.023,8.445
1679821482557,2023-03-26T11:04:42.557,4.890,26.067,59.939,6.197
1679821482567,2023-03-26T11:04:42.567,4.900,27.797,59.390,4.802
1679821482577,2023-03-26T11:04:42.577,4.910,32.409,59.634,5.229
1679821482587,2023-03-26T11:04:42.587,4.920,40.122,61.174,6.037
1679821482597,2023-03-26T11:04:42.597,4.930,49.421,62.813,6.456
1679821482607,2023-03-26T11:04:42.607,4.940,58.895,63.628,6.753
1679821482617,2023-03-26T11:04:42.617,4.950,68.117,64.230,6.852
1679821482627,2023-03-26T11:04:42.627,4.960,71.982,63.087,6.258
1679821482637,2023-03-26T11:04:42.637,4.970,74.870,61.799,5.747
1679821482647,2023-03-26T11:04:42.647,4.980,77.233,61.662,5.290
1679821482657,2023-03-26T11:04:42.657,4.990,77.820,61.296,3.872
1679821482667,2023-03-26T11:04:42.667,5.000,76.082,58.354,0.823
1679821482677,2023-03-26T11:04:42.677,5.010,66.502,52.630,-3.697
1679821482687,2023-03-26T11:04:42.687,5.020,53.956,45.579,-7.858
1679821482697,2023-03-26T11:04:42.697,5.030,42.736,41.608,-10.328
1679821482707,2023-03-26T11:04:42.707,5.040,38.163,41.090,-9.931
1679821482717,2023-03-26T11:04:42.717,5.050,48.178,45.023,-8.300
1679821482727,2023-03-26T11:04:42.727,5.060,74.619,54.573,-9.436
1679821482737,2023-03-26T11:04:42.737,5.070,88.841,57.782,-15.038
1679821482747,2023-03-26T11:04:42.747,5.080,72.332,42.027,-20.473
1679821482757,2023-03-26T11:04:42.757,5.090,47.439,18.918,-19.512
1679821482767,2023-03-26T11:04:42.767,5.100,42.439,6.715,-15.023
1679821482777,2023-03-26T11:04:42.777,5.110,47.927,-1.989,-14.756
1679821482787,2023-03-26T11:04:42.787,5.120,47.896,-10.160,-19.543
1679821482797,2023-03-26T11:04:42.797,5.130,54.146,-13.933,-21.448
1679821482807,2023-03-26T11:04:42.807,5.140,61.684,-18.072,-18.643
1679821482817,2023-03-26T11:04:42.817,5.150,49.779,-4.893,-17.378
1679821482827,2023-03-26T11:04:42.827,5.160,23.369,1.631,-16.448
1679821482837,2023-03-26T11:04:42.837,5.170,-2.424,-17.058,-13.529
1679821482847,2023-03-26T11:04:42.847,5.180,-24.093,-29.017,-9.337
1679821482857,2023-03-26T11:04:42.857,5.190,-44.703,-40.625,-6.364
1679821482867,2023-03-26T11:04:42.867,5.200,-40.869,-55.084,-2.927
1679821482877,2023-03-26T11:04:42.877,5.210,-16.692,-72.477,2.248
1679821482887,2023-03-26T11:04:42.887,5.220,6.029,-83.415,9.245
1679821482897,2023-03-26T11:04:42.897,5.230,16.136,-94.108,15.579
1679821482907,2023-03-26T11:04:42.907,5.240,16.486,-104.604,21.593
1679821482917,2023-03-26T11:04:42.917,5.250,10.709,-111.928,27.058
1679821482927,2023-03-26T11:04:42.927,5.260,4.977,-118.971,31.669
1679821482937,2023-03-26T11:04:42.937,5.270,1.524,-124.047,35.358
1679821482947,2023-03-26T11:04:42.947,5.280,-2.820,-126.913,37.386
1679821482957,2023-03-26T11:04:42.957,5.290,-8.491,-131.585,39.146
1679821482967,2023-03-26T11:04:42.967,5.300,-15.892,-135.800,40.724
1679821482977,2023-03-26T11:04:42.977,5.310,-24.162,-139.360,40.663
1679821482987,2023-03-26T11:04:42.987,5.320,-32.995,-143.194,38.194
1679821482997,2023-03-26T11:04:42.997,5.330,-42.934,-146.387,34.588
1679821483007,2023-03-26T11:04:43.007,5.340,-54.055,-147.919,31.052
1679821483017,2023-03-26T11:04:43.017,5.350,-65.061,-147.637,27.470
1679821483027,2023-03-26T11:04:43.027,5.360,-74.428,-147.660,24.085
1679821483037,2023-03-26T11:04:43.037,5.370,-78.178,-147.607,20.541
1679821483047,2023-03-26T11:04:43.047,5.380,-78.232,-147.393,17.927
1679821483057,2023-03-26T11:04:43.057,5.390,-81.090,-147.934,16.220
1679821483067,2023-03-26T11:04:43.067,5.400,-86.997,-150.572,15.602
1679821483077,2023-03-26T11:04:43.077,5.410,-92.500,-153.803,15.610
1679821483087,2023-03-26T11:04:43.087,5.420,-96.936,-156.280,14.649
1679821483097,2023-03-26T11:04:43.097,5.430,-98.880,-158.407,12.279
1679821483107,2023-03-26T11:04:43.107,5.440,-96.441,-161.776,9.329
1679821483117,2023-03-26T11:04:43.117,5.450,-87.881,-164.139,6.852
1679821483127,2023-03-26T11:04:43.127,5.460,-76.540,-162.386,5.038
1679821483137,2023-03-26T11:04:43.137,5.470,-64.764,-157.790,3.697
1679821483147,2023-03-26T11:04:43.147,5.480,-54.695,-148.704,3.148
1679821483157,2023-03-26T11:04:43.157,5.490,-46.860,-135.313,3.910
1679821483167,2023-03-26T11:04:43.167,5.500,-38.758,-121.601,5.793
1679821483177,2023-03-26T11:04:43.177,5.510,-29.771,-111.433,8.796
1679821483187,2023-03-26T11:04:43.187,5.520,-22.005,-106.966,12.005
1679821483197,2023-03-26T11:04:43.197,5.530,-15.168,-104.047,14.055
1679821483207,2023-03-26T11:04:43.207,5.540,-6.677,-99.497,16.227
1679821483217,2023-03-26T11:04:43.217,5.550,0.770,-95.755,19.444
1679821483227,2023-03-26T11:04:43.227,5.560,5.274,-92.675,22.813
1679821483237,2023-03-26T11:04:43.237,5.570,6.479,-85.747,24.680
1679821483247,2023-03-26T11:04:43.247,5.580,7.683,-74.954,24.809
1679821483257,2023-03-26T11:04:43.257,5.590,7.370,-67.058,24.489
1679821483267,2023-03-26T11:04:43.267,5.600,3.918,-60.869,23.361
1679821483277,2023-03-26T11:04:43.277,5.610,0.823,-48.430,22.302
1679821483287,2023-03-26T11:04:43.287,5.620,-0.694,-33.750,21.623
1679821483297,2023-03-26T11:04:43.297,5.630,-3.552,-21.387,20.015
1679821483307,2023-03-26T11:04:43.307,5.640,-2.386,-5.930,18.735
1679821483317,2023-03-26T11:04:43.317,5.650,-0.198,7.813,18.270
1679821483327,2023-03-26T11:04:43.327,5.660,-2.881,18.712,16.989
1679821483337,2023-03-26T11:04:43.337,5.670,-6.608,30.267,14.550
1679821483347,2023-03-26T11:04:43.347,5.680,-9.070,44.520,12.127
1679821483357,2023-03-26T11:04:43.357,5.690,-14.855,58.834,9.764
1679821483367,2023-03-26T11:04:43.367,5.700,-25.091,71.059,6.745
1679821483377,2023-03-26T11:04:43.377,5.710,-37.744,82.431,2.942
1679821483387,2023-03-26T11:04:43.387,5.720,-50.587,95.564,-1.486
1679821483397,2023-03-26T11:04:43.397,5.730,-56.143,114.024,-5.526
1679821483407,2023-03-26T11:04:43.407,5.740,-49.360,133.575,-9.817
1679821483417,2023-03-26T11:04:43.417,5.750,-36.524,148.758,-15.213
1679821483427,2023-03-26T11:04:43.427,5.760,-22.942,140.899,-17.073
1679821483437,2023-03-26T11:04:43.437,5.770,11.334,79.482,-10.206
1679821483447,2023-03-26T11:04:43.447,5.780,-52.203,-44.909,3.857
1679821483457,2023-03-26T11:04:43.457,5.790,-249.748,-48.697,14.200
1679821483467,2023-03-26T11:04:43.467,5.800,-249.748,51.799,46.578
1679821483477,2023-03-26T11:04:43.477,5.810,-228.369,73.506,54.093
1679821483487,2023-03-26T11:04:43.487,5.820,-76.006,43.750,51.296
1679821483497,2023-03-26T11:04:43.497,5.830,109.817,69.299,48.643
1679821483507,2023-03-26T11:04:43.507,5.840,212.873,122.805,30.008
1679821483517,2023-03-26T11:04:43.517,5.850,179.596,72.744,-4.596
1679821483527,2023-03-26T11:04:43.527,5.860,151.875,48.270,-7.020
1679821483537,2023-03-26T11:04:43.537,5.870,121.402,34.390,14.787
1679821483547,2023-03-26T11:04:43.547,5.880,102.645,49.520,35.518
1679821483557,2023-03-26T11:04:43.557,5.890,96.753,67.858,38.765
1679821483567,2023-03-26T11:04:43.567,5.900,79.931,66.326,25.541
1679821483577,2023-03-26T11:04:43.577,5.910,70.297,60.114,9.924
1679821483587,2023-03-26T11:04:43.587,5.920,61.448,56.723,-0.648
1679821483597,2023-03-26T11:04:43.597,5.930,46.822,60.328,-9.482
1679821483607,2023-03-26T11:04:43.607,5.940,36.227,66.052,-18.216
1679821483617,2023-03-26T11:04:43.617,5.950,36.059,64.741,-20.678
1679821483627,2023-03-26T11:04:43.627,5.960,38.979,59.139,-14.573
1679821483637,2023-03-26T11:04:43.637,5.970,38.887,59.863,-5.755
1679821483647,2023-03-26T11:04:43.647,5.980,39.421,66.151,-1.951
1679821483657,2023-03-26T11:04:43.657,5.990,37.508,70.290,-3.377
1679821483667,2023-03-26T11:04:43.667,6.000,30.366,71.090,-5.549
1679821483677,2023-03-26T11:04:43.677,6.010,20.579,68.323,-6.585
1679821483687,2023-03-26T11:04:43.687,6.020,11.273,64.710,-7.088
1679821483697,2023-03-26T11:04:43.697,6.030,7.157,61.067,-7.546
1679821483707,2023-03-26T11:04:43.707,6.040,8.438,58.453,-7.942
1679821483717,2023-03-26T11:04:43.717,6.050,9.550,56.799,-7.614
1679821483727,2023-03-26T11:04:43.727,6.060,8.445,57.409,-6.387
1679821483737,2023-03-26T11:04:43.737,6.070,7.454,60.976,-5.526
1679821483747,2023-03-26T11:04:43.747,6.080,9.177,65.495,-5.465
1679821483757,2023-03-26T11:04:43.757,6.090,11.456,66.715,-5.183
1679821483767,2023-03-26T11:04:43.767,6.100,12.035,65.419,-3.979
1679821483777,2023-03-26T11:04:43.777,6.110,10.343,61.265,-3.163
1679821483787,2023-03-26T11:04:43.787,6.120,6.136,53.803,-4.390
1679821483797,2023-03-26T11:04:43.797,6.130,4.108,52.515,-7.294
1679821483807,2023-03-26T11:04:43.807,6.140,5.655,53.620,-9.322
1679821483817,2023-03-26T11:04:43.817,6.150,6.563,55.838,-9.413
1679821483827,2023-03-26T11:04:43.827,6.160,5.884,57.820,-8.125
1679821483837,2023-03-26T11:04:43.837,6.170,4.970,55.373,-5.983
1679821483847,2023-03-26T11:04:43.847,6.180,5.732,53.956,-3.910
1679821483857,2023-03-26T11:04:43.857,6.190,13.887,56.616,-2.873
1679821483867,2023-03-26T11:04:43.867,6.200,29.024,60.030,-2.774
1679821483877,2023-03-26T11:04:43.877,6.210,44.748,66.067,-2.325
1679821483887,2023-03-26T11:04:43.887,6.220,51.730,73.354,-1.593
1679821483897,2023-03-26T11:04:43.897,6.230,45.998,77.843,-2.142
1679821483907,2023-03-26T11:04:43.907,6.240,26.059,76.867,-4.238
1679821483917,2023-03-26T11:04:43.917,6.250,0.465,72.515,-6.227
1679821483927,2023-03-26T11:04:43.927,6.260,-15.541,68.803,-6.883
1679821483937,2023-03-26T11:04:43.937,6.270,-19.809,66.303,-6.799
1679821483947,2023-03-26T11:04:43.947,6.280,-16.136,67.492,-5.846
1679821483957,2023-03-26T11:04:43.957,6.290,-7.698,70.831,-4.146
1679821483967,2023-03-26T11:04:43.967,6.300,1.479,73.171,-2.538
1679821483977,2023-03-26T11:04:43.977,6.310,9.787,73.910,-1.822
1679821483987,2023-03-26T11:04:43.987,6.320,17.180,72.561,-2.401
1679821483997,2023-03-26T11:04:43.997,6.330,23.925,69.741,-2.934
1679821484007,2023-03-26T11:04:44.007,6.340,32.210,67.988,-2.210
1679821484017,2023-03-26T11:04:44.017,6.350,43.224,67.302,-0.572
1679821484027,2023-03-26T11:04:44.027,6.360,55.442,67.858,0.556
1679821484037,2023-03-26T11:04:44.037,6.370,64.009,68.811,-0.968
1679821484047,2023-03-26T11:04:44.047,6.380,66.646,66.966,-3.598
1679821484057,2023-03-26T11:04:44.057,6.390,65.831,64.055,-4.992
1679821484067,2023-03-26T11:04:44.067,6.400,64.314,61.387,-6.021
1679821484077,2023-03-26T11:04:44.077,6.410,60.701,59.352,-7.256
1679821484087,2023-03-26T11:04:44.087,6.420,55.663,59.223,-8.742
1679821484097,2023-03-26T11:04:44.097,6.430,52.416,57.973,-9.870
1679821484107,2023-03-26T11:04:44.107,6.440,56.288,57.416,-10.633
1679821484117,2023-03-26T11:04:44.117,6.450,64.756,57.241,-12.073
1679821484127,2023-03-26T11:04:44.127,6.460,56.235,51.021,-14.573
1679821484137,2023-03-26T11:04:44.137,6.470,29.474,30.396,-15.290
1679821484147,2023-03-26T11:04:44.147,6.480,12.965,10.282,-15.366
1679821484157,2023-03-26T11:04:44.157,6.490,24.939,4.909,-17.652
1679821484167,2023-03-26T11:04:44.167,6.500,47.005,-0.244,-22.188
1679821484177,2023-03-26T11:04:44.177,6.510,70.152,-10.899,-23.773
1679821484187,2023-03-26T11:04:44.187,6.520,96.532,-17.088,-20.816
1679821484197,2023-03-26T11:04:44.197,6.530,112.462,-16.806,-17.721
1679821484207,2023-03-26T11:04:44.207,6.540,101.037,-18.918,-15.785
1679821484217,2023-03-26T11:04:44.217,6.550,65.480,-25.991,-12.675
1679821484227,2023-03-26T11:04:44.227,6.560,17.965,-42.195,-7.995
1679821484237,2023-03-26T11:04:44.237,6.570,-24.177,-50.114,-3.979
1679821484247,2023-03-26T11:04:44.247,6.580,-60.160,-62.934,-0.213
1679821484257,2023-03-26T11:04:44.257,6.590,-65.168,-76.456,3.110
1679821484267,2023-03-26T11:04:44.267,6.600,-37.752,-84.558,7.157
1679821484277,2023-03-26T11:04:44.277,6.610,-7.889,-92.599,12.012
1679821484287,2023-03-26T11:04:44.287,6.620,13.034,-99.985,17.767
1679821484297,2023-03-26T11:04:44.297,6.630,22.553,-105.877,23.948
1679821484307,2023-03-26T11:04:44.307,6.640,19.367,-112.546,29.207
1679821484317,2023-03-26T11:04:44.317,6.650,11.944,-119.482,32.942
1679821484327,2023-03-26T11:04:44.327,6.660,4.931,-125.381,34.855
1679821484337,2023-03-26T11:04:44.337,6.670,-3.643,-128.841,35.777
1679821484347,2023-03-26T11:04:44.347,6.680,-14.840,-132.348,36.280
1679821484357,2023-03-26T11:04:44.357,6.690,-25.328,-135.793,36.326
1679821484367,2023-03-26T11:04:44.367,6.700,-33.948,-139.695,35.412
1679821484377,2023-03-26T11:04:44.377,6.710,-41.585,-143.544,33.491
1679821484387,2023-03-26T11:04:44.387,6.720,-49.268,-145.625,31.341
1679821484397,2023-03-26T11:04:44.397,6.730,-58.598,-144.070,30.404
1679821484407,2023-03-26T11:04:44.407,6.740,-66.014,-140.800,29.985
1679821484417,2023-03-26T11:04:44.417,6.750,-69.840,-138.430,29.040
1679821484427,2023-03-26T11:04:44.427,6.760,-70.427,-138.552,26.745
1679821484437,2023-03-26T11:04:44.437,6.770,-66.822,-139.939,22.805
1679821484447,2023-03-26T11:04:44.447,6.780,-57.843,-141.479,18.925
1679821484457,2023-03-26T11:04:44.457,6.790,-48.483,-142.645,15.854
1679821484467,2023-03-26T11:04:44.467,6.800,-44.390,-145.617,14.131
1679821484477,2023-03-26T11:04:44.477,6.810,-44.329,-149.459,13.910
1679821484487,2023-03-26T11:04:44.487,6.820,-54.947,-154.962,13.110
1679821484497,2023-03-26T11:04:44.497,6.830,-73.224,-150.724,9.573
1679821484507,2023-03-26T11:04:44.507,6.840,-83.803,-135.991,6.494
1679821484517,2023-03-26T11:04:44.517,6.850,-94.802,-128.498,5.259
1679821484527,2023-03-26T11:04:44.527,6.860,-107.873,-121.890,3.163
1679821484537,2023-03-26T11:04:44.537,6.870,-111.555,-108.247,1.258
1679821484547,2023-03-26T11:04:44.547,6.880,-108.041,-99.604,0.854
1679821484557,2023-03-26T11:04:44.557,6.890,-106.601,-100.541,1.471
1679821484567,2023-03-26T11:04:44.567,6.900,-103.293,-100.938,2.538
1679821484577,2023-03-26T11:04:44.577,6.910,-96.486,-98.796,3.567
1679821484587,2023-03-26T11:04:44.587,6.920,-86.753,-94.588,4.207
1679821484597,2023-03-26T11:04:44.597,6.930,-73.194,-88.750,4.779
1679821484607,2023-03-26T11:04:44.607,6.940,-60.907,-87.386,5.518
1679821484617,2023-03-26T11:04:44.617,6.950,-48.941,-83.095,7.546
1679821484627,2023-03-26T11:04:44.627,6.960,-34.863,-74.215,11.212
1679821484637,2023-03-26T11:04:44.637,6.970,-23.803,-63.697,13.529
1679821484647,2023-03-26T11:04:44.647,6.980,-9.619,-47.172,14.482
1679821484657,2023-03-26T11:04:44.657,6.990,7.508,-34.703,15.107
1679821484667,2023-03-26T11:04:44.667,7.000,20.488,-32.020,15.008
1679821484677,2023-03-26T11:04:44.677,7.010,23.323,-30.152,14.909
1679821484687,2023-03-26T11:04:44.687,7.020,20.625,-20.610,16.090
1679821484697,2023-03-26T11:04:44.697,7.030,14.771,-9.223,17.188
1679821484707,2023-03-26T11:04:44.707,7.040,5.854,2.431,17.157
1679821484717,2023-03-26T11:04:44.717,7.050,-3.064,15.328,16.410
1679821484727,2023-03-26T11:04:44.727,7.060,-8.834,28.316,15.412
1679821484737,2023-03-26T11:04:44.737,7.070,-12.896,39.718,13.613
1679821484747,2023-03-26T11:04:44.747,7.080,-15.556,51.578,11.044
1679821484757,2023-03-26T11:04:44.757,7.090,-16.928,64.123,8.079
1679821484767,2023-03-26T11:04:44.767,7.100,-15.945,77.332,6.890
1679821484777,2023-03-26T11:04:44.777,7.110,-14.215,88.415,8.247
1679821484787,2023-03-26T11:04:44.787,7.120,-12.561,96.280,9.268
1679821484797,2023-03-26T11:04:44.797,7.130,-4.909,107.409,9.337
1679821484807,2023-03-26T11:04:44.807,7.140,2.172,113.819,7.591
1679821484817,2023-03-26T11:04:44.817,7.150,11.273,104.398,7.134
1679821484827,2023-03-26T11:04:44.827,7.160,-1.143,60.899,9.101
1679821484837,2023-03-26T11:04:44.837,7.170,-97.485,8.125,13.133
1679821484847,2023-03-26T11:04:44.847,7.180,-239.139,2.020,23.354
1679821484857,2023-03-26T11:04:44.857,7.190,-249.748,47.706,28.826
1679821484867,2023-03-26T11:04:44.867,7.200,-237.431,74.604,21.662
1679821484877,2023-03-26T11:04:44.877,7.210,-148.041,77.317,6.502
1679821484887,2023-03-26T11:04:44.887,7.220,-65.434,81.326,-1.723
1679821484897,2023-03-26T11:04:44.897,7.230,-40.274,91.029,-1.829
1679821484907,2023-03-26T11:04:44.907,7.240,-32.759,84.512,-3.117
1679821484917,2023-03-26T11:04:44.917,7.250,-21.524,65.015,6.372
1679821484927,2023-03-26T11:04:44.927,7.260,-10.008,52.912,25.396
1679821484937,2023-03-26T11:04:44.937,7.270,-0.945,43.834,38.521
1679821484947,2023-03-26T11:04:44.947,7.280,22.622,54.101,42.325
1679821484957,2023-03-26T11:04:44.957,7.290,61.578,65.755,41.822
1679821484967,2023-03-26T11:04:44.967,7.300,93.567,61.669,42.630
1679821484977,2023-03-26T11:04:44.977,7.310,111.288,60.046,40.480
1679821484987,2023-03-26T11:04:44.987,7.320,119.756,62.530,32.309
1679821484997,2023-03-26T11:04:44.997,7.330,111.753,65.808,18.948
1679821485007,2023-03-26T11:04:45.007,7.340,82.683,65.259,6.037
1679821485017,2023-03-26T11:04:45.017,7.350,42.111,64.238,-1.075
1679821485027,2023-03-26T11:04:45.027,7.360,5.473,65.168,-0.366
1679821485037,2023-03-26T11:04:45.037,7.370,-15.313,64.962,6.639
1679821485047,2023-03-26T11:04:45.047,7.380,-19.146,64.649,13.262
1679821485057,2023-03-26T11:04:45.057,7.390,-14.268,64.474,15.892
1679821485067,2023-03-26T11:04:45.067,7.400,-8.895,64.878,14.703
1679821485077,2023-03-26T11:04:45.077,7.410,-3.491,66.258,10.831
1679821485087,2023-03-26T11:04:45.087,7.420,0.633,64.825,7.317
1679821485097,2023-03-26T11:04:45.097,7.430,6.982,60.861,6.380
1679821485107,2023-03-26T11:04:45.107,7.440,18.727,60.709,6.623
1679821485117,2023-03-26T11:04:45.117,7.450,33.476,64.893,5.907
1679821485127,2023-03-26T11:04:45.127,7.460,44.230,69.748,4.192
1679821485137,2023-03-26T11:04:45.137,7.470,49.886,73.521,3.857
1679821485147,2023-03-26T11:04:45.147,7.480,54.337,73.704,5.861
1679821485157,2023-03-26T11:04:45.157,7.490,60.610,71.905,8.826
1679821485167,2023-03-26T11:04:45.167,7.500,62.119,69.573,11.250
1679821485177,2023-03-26T11:04:45.177,7.510,58.216,66.288,12.043
1679821485187,2023-03-26T11:04:45.187,7.520,51.563,64.268,11.730
1679821485197,2023-03-26T11:04:45.197,7.530,41.204,62.165,9.886
1679821485207,2023-03-26T11:04:45.207,7.540,29.032,60.335,6.989
1679821485217,2023-03-26T11:04:45.217,7.550,20.861,56.928,5.023
1679821485227,2023-03-26T11:04:45.227,7.560,19.101,53.331,5.053
1679821485237,2023-03-26T11:04:45.237,7.570,25.899,53.483,6.418
1679821485247,2023-03-26T11:04:45.247,7.580,38.232,56.288,7.355
1679821485257,2023-03-26T11:04:45.257,7.590,49.398,59.169,7.104
1679821485267,2023-03-26T11:04:45.267,7.600,52.797,61.014,7.546
1679821485277,2023-03-26T11:04:45.277,7.610,46.212,61.860,8.643
1679821485287,2023-03-26T11:04:45.287,7.620,32.584,62.668,8.963
1679821485297,2023-03-26T11:04:45.297,7.630,17.409,62.797,8.521
1679821485307,2023-03-26T11:04:45.307,7.640,7.294,63.506,8.087
1679821485317,2023-03-26T11:04:45.317,7.650,3.841,64.245,8.232
1679821485327,2023-03-26T11:04:45.327,7.660,4.169,64.436,8.819
1679821485337,2023-03-26T11:04:45.337,7.670,7.591,63.773,9.649
1679821485347,2023-03-26T11:04:45.347,7.680,13.178,62.157,11.204
1679821485357,2023-03-26T11:04:45.357,7.690,21.799,62.614,13.994
1679821485367,2023-03-26T11:04:45.367,7.700,32.302,64.962,15.938
1679821485377,2023-03-26T11:04:45.377,7.710,42.813,67.431,14.695
1679821485387,2023-03-26T11:04:45.387,7.720,48.788,66.280,11.631
1679821485397,2023-03-26T11:04:45.397,7.730,49.840,61.563,9.101
1679821485407,2023-03-26T11:04:45.407,7.740,52.530,56.593,7.721
1679821485417,2023-03-26T11:04:45.417,7.750,59.596,55.404,6.623
1679821485427,2023-03-26T11:04:45.427,7.760,63.087,57.683,4.093
1679821485437,2023-03-26T11:04:45.437,7.770,58.415,59.855,0.709
1679821485447,2023-03-26T11:04:45.447,7.780,49.787,64.002,-1.311
1679821485457,2023-03-26T11:04:45.457,7.790,41.989,68.567,-3.201
1679821485467,2023-03-26T11:04:45.467,7.800,35.511,70.724,-5.503
1679821485477,2023-03-26T11:04:45.477,7.810,30.358,69.040,-6.418
1679821485487,2023-03-26T11:04:45.487,7.820,30.160,64.543,-4.962
1679821485497,2023-03-26T11:04:45.497,7.830,39.954,57.721,-1.456
1679821485507,2023-03-26T11:04:45.507,7.840,60.755,50.305,1.608
1679821485517,2023-03-26T11:04:45.517,7.850,85.625,44.101,1.730
1679821485527,2023-03-26T11:04:45.527,7.860,102.210,31.738,-0.023
1679821485537,2023-03-26T11:04:45.537,7.870,114.695,18.887,-1.021
1679821485547,2023-03-26T11:04:45.547,7.880,127.591,8.323,-2.683
1679821485557,2023-03-26T11:04:45.557,7.890,133.590,-1.852,-5.899
1679821485567,2023-03-26T11:04:45.567,7.900,133.773,-15.213,-8.803
1679821485577,2023-03-26T11:04:45.577,7.910,136.601,-19.748,-7.020
1679821485587,2023-03-26T11:04:45.587,7.920,132.591,-17.973,-1.555
1679821485597,2023-03-26T11:04:45.597,7.930,106.220,-21.692,1.341
1679821485607,2023-03-26T11:04:45.607,7.940,63.941,-37.995,4.497
1679821485617,2023-03-26T11:04:45.617,7.950,20.023,-60.122,9.909
1679821485627,2023-03-26T11:04:45.627,7.960,-16.479,-74.977,12.797
1679821485637,2023-03-26T11:04:45.637,7.970,-27.584,-84.764,12.317
1679821485647,2023-03-26T11:04:45.647,7.980,-8.689,-94.116,12.165
1679821485657,2023-03-26T11:04:45.657,7.990,19.634,-105.831,15.991
1679821485667,2023-03-26T11:04:45.667,8.000,42.584,-114.223,21.471
1679821485677,2023-03-26T11:04:45.677,8.010,54.291,-120.777,25.137
1679821485687,2023-03-26T11:04:45.687,8.020,53.666,-125.968,27.988
1679821485697,2023-03-26T11:04:45.697,8.030,40.313,-130.922,31.319
1679821485707,2023-03-26T11:04:45.707,8.040,22.165,-131.601,36.631
1679821485717,2023-03-26T11:04:45.717,8.050,-1.273,-133.864,41.075
1679821485727,2023-03-26T11:04:45.727,8.060,-20.762,-137.637,44.032
1679821485737,2023-03-26T11:04:45.737,8.070,-33.674,-142.157,45.030
1679821485747,2023-03-26T11:04:45.747,8.080,-44.924,-145.899,43.872
1679821485757,2023-03-26T11:04:45.757,8.090,-55.747,-148.582,42.309
1679821485767,2023-03-26T11:04:45.767,8.100,-61.662,-150.290,41.456
1679821485777,2023-03-26T11:04:45.777,8.110,-62.233,-151.806,39.710
1679821485787,2023-03-26T11:04:45.787,8.120,-58.399,-152.736,36.128
1679821485797,2023-03-26T11:04:45.797,8.130,-54.909,-154.154,30.183
1679821485807,2023-03-26T11:04:45.807,8.140,-53.537,-155.290,23.575
1679821485817,2023-03-26T11:04:45.817,8.150,-55.000,-155.381,17.607
1679821485827,2023-03-26T11:04:45.827,8.160,-57.431,-154.192,13.674
1679821485837,2023-03-26T11:04:45.837,8.170,-58.773,-152.317,12.210
1679821485847,2023-03-26T11:04:45.847,8.180,-61.707,-151.380,12.134
1679821485857,2023-03-26T11:04:45.857,8.190,-64.223,-152.378,12.729
1679821485867,2023-03-26T11:04:45.867,8.200,-65.465,-155.518,13.072
1679821485877,2023-03-26T11:04:45.877,8.210,-68.849,-157.401,12.530
1679821485887,2023-03-26T11:04:45.887,8.220,-72.294,-158.659,10.831
1679821485897,2023-03-26T11:04:45.897,8.230,-71.410,-154.200,8.316
1679821485907,2023-03-26T11:04:45.907,8.240,-66.684,-143.155,4.939
1679821485917,2023-03-26T11:04:45.917,8.250,-60.313,-129.398,1.776
1679821485927,2023-03-26T11:04:45.927,8.260,-53.590,-113.643,-0.739
1679821485937,2023-03-26T11:04:45.937,8.270,-47.515,-97.447,-2.835
1679821485947,2023-03-26T11:04:45.947,8.280,-42.447,-87.645,-2.774
1679821485957,2023-03-26T11:04:45.957,8.290,-43.697,-81.966,-1.181
1679821485967,2023-03-26T11:04:45.967,8.300,-47.995,-73.422,0.137
1679821485977,2023-03-26T11:04:45.977,8.310,-52.165,-64.855,0.069
1679821485987,2023-03-26T11:04:45.987,8.320,-56.387,-58.514,-1.700
1679821485997,2023-03-26T11:04:45.997,8.330,-62.835,-52.790,-4.078
1679821486007,2023-03-26T11:04:46.007,8.340,-70.069,-47.973,-6.829
1679821486017,2023-03-26T11:04:46.017,8.350,-77.546,-44.634,-9.688
1679821486027,2023-03-26T11:04:46.027,8.360,-88.971,-44.024,-12.904
1679821486037,2023-03-26T11:04:46.037,8.370,-100.076,-42.630,-14.924
1679821486047,2023-03-26T11:04:46.047,8.380,-99.032,-36.776,-14.748
1679821486057,2023-03-26T11:04:46.057,8.390,-90.427,-23.468,-13.277
1679821486267,2023-03-26T11:04:46.267,8.600,12.988,69.383,-1.456
1679821486277,2023-03-26T11:04:46.277,8.610,17.203,72.020,-5.320
1679821486377,2023-03-26T11:04:46.377,8.710,13.994,73.003,6.006
1679821486387,2023-03-26T11:04:46.387,8.720,8.590,73.468,4.855
1679821486397,2023-03-26T11:04:46.397,8.730,9.207,74.962,4.032
1679821486407,2023-03-26T11:04:46.407,8.740,15.762,76.662,3.072
1679821486417,2023-03-26T11:04:46.417,8.750,24.085,77.729,2.355
1679821486427,2023-03-26T11:04:46.427,8.760,30.534,77.660,2.317
1679821486497,2023-03-26T11:04:46.497,8.830,139.002,54.253,-11.898
1679821486507,2023-03-26T11:04:46.507,8.840,107.409,28.445,-14.459
1679821486517,2023-03-26T11:04:46.517,8.850,96.082,10.038,-11.296
1679821486527,2023-03-26T11:04:46.527,8.860,97.561,7.104,-12.835
1679821486537,2023-03-26T11:04:46.537,8.870,84.809,0.244,-18.079
1679821486547,2023-03-26T11:04:46.547,8.880,59.322,-14.909,-20.465
1679821486607,2023-03-26T11:04:46.607,8.940,36.014,-119.756,17.370
1679821486617,2023-03-26T11:04:46.617,8.950,28.247,-124.017,24.375
1679821486627,2023-03-26T11:04:46.627,8.960,17.553,-126.936,31.326
1679821486637,2023-03-26T11:04:46.637,8.970,4.878,-129.748,37.569
1679821486647,2023-03-26T11:04:46.647,8.980,-6.052,-132.698,41.974
1679821486657,2023-03-26T11:04:46.657,8.990,-15.335,-136.563,43.529
1679821486667,2023-03-26T11:04:46.667,9.000,-23.620,-140.457,43.034
1679821486677,2023-03-26T11:04:46.677,9.010,-30.450,-143.780,41.784
1679821486687,2023-03-26T11:04:46.687,9.020,-33.887,-146.578,40.503
1679821486697,2023-03-26T11:04:46.697,9.030,-32.142,-149.200,39.665
1679821486847,2023-03-26T11:04:46.847,9.180,-59.680,-11.677,-3.521
1679821486857,2023-03-26T11:04:46.857,9.190,-70.099,-5.899,-4.360
1679821486867,2023-03-26T11:04:46.867,9.200,-80.107,8.910,-5.267
1679821486877,2023-03-26T11:04:46.877,9.210,-75.732,41.502,-5.046
1679821486887,2023-03-26T11:04:46.887,9.220,-62.576,64.992,-5.290
1679821486897,2023-03-26T11:04:46.897,9.230,-44.954,77.340,-6.204
1679821486907,2023-03-26T11:04:46.907,9.240,-32.035,87.027,-6.265
1679821486917,2023-03-26T11:04:46.917,9.250,-22.713,108.514,-0.579
1679821486927,2023-03-26T11:04:46.927,9.260,-13.316,138.384,10.023
1679821486937,2023-03-26T11:04:46.937,9.270,7.226,160.252,18.674
1679821486947,2023-03-26T11:04:46.947,9.280,63.476,151.753,19.459
1679821486957,2023-03-26T11:04:46.957,9.290,97.736,79.078,6.166
1679821486967,2023-03-26T11:04:46.967,9.300,-19.710,-27.081,-9.665
1679821486977,2023-03-26T11:04:46.977,9.310,-223.895,-77.576,7.843
1679821486987,2023-03-26T11:04:46.987,9.320,-249.748,-38.575,47.340
1679821486997,2023-03-26T11:04:46.997,9.330,-141.761,51.204,53.887
1679821487067,2023-03-26T11:04:47.067,9.400,22.081,51.502,-1.532
1679821487077,2023-03-26T11:04:47.077,9.410,-8.864,53.049,-10.290
1679821487147,2023-03-26T11:04:47.147,9.480,-7.195,56.936,-0.541
1679821487157,2023-03-26T11:04:47.157,9.490,-0.930,58.575,0.152
1679821487167,2023-03-26T11:04:47.167,9.500,5.846,58.598,1.883
1679821487177,2023-03-26T11:04:47.177,9.510,11.159,55.838,4.489
1679821487187,2023-03-26T11:04:47.187,9.520,12.386,51.585,7.774
1679821487197,2023-03-26T11:04:47.197,9.530,11.479,49.939,10.130
1679821487207,2023-03-26T11:04:47.207,9.540,8.216,49.245,10.320
1679821487217,2023-03-26T11:04:47.217,9.550,0.114,49.474,8.681
1679821487267,2023-03-26T11:04:47.267,9.600,26.570,60.465,7.500
1679821487277,2023-03-26T11:04:47.277,9.610,18.834,58.125,7.881
1679821487287,2023-03-26T11:04:47.287,9.620,7.645,55.145,6.700
1679821487297,2023-03-26T11:04:47.297,9.630,-1.075,55.030,4.520
1679821487327,2023-03-26T11:04:47.327,9.660,10.084,61.204,-1.075
1679821487337,2023-03-26T11:04:47.337,9.670,16.547,58.155,-0.541
1679821487347,2023-03-26T11:04:47.347,9.680,31.486,58.445,-0.091
1679821487357,2023-03-26T11:04:47.357,9.690,44.954,59.909,-0.762
1679821487367,2023-03-26T11:04:47.367,9.700,52.165,61.860,-0.716
1679821487377,2023-03-26T11:04:47.377,9.710,56.509,64.032,-0.084
1679821487387,2023-03-26T11:04:47.387,9.720,58.941,65.373,0.343
1679821487397,2023-03-26T11:04:47.397,9.730,58.659,66.349,-0.434
1679821487407,2023-03-26T11:04:47.407,9.740,54.040,66.563,-2.950
1679821487417,2023-03-26T11:04:47.417,9.750,50.953,63.133,-5.274
1679821487427,2023-03-26T11:04:47.427,9.760,49.405,57.942,-4.863
1679821487437,2023-03-26T11:04:47.437,9.770,53.514,56.326,-3.681
1679821487447,2023-03-26T11:04:47.447,9.780,62.660,59.665,-4.291
1679821487457,2023-03-26T11:04:47.457,9.790,73.758,66.021,-5.122
1679821487467,2023-03-26T11:04:47.467,9.800,84.184,69.139,-7.630
1679821487477,2023-03-26T11:04:47.477,9.810,86.936,71.136,-11.784
1679821487487,2023-03-26T11:04:47.487,9.820,81.570,72.416,-16.341
1679821487497,2023-03-26T11:04:47.497,9.830,70.107,70.907,-21.402
1679821487507,2023-03-26T11:04:47.507,9.840,56.380,66.563,-25.793
1679821487517,2023-03-26T11:04:47.517,9.850,48.811,61.166,-28.902
1679821487527,2023-03-26T11:04:47.527,9.860,47.622,56.898,-29.794
1679821487537,2023-03-26T11:04:47.537,9.870,51.212,53.277,-28.819
1679821487547,2023-03-26T11:04:47.547,9.880,57.485,49.177,-27.370
1679821487557,2023-03-26T11:04:47.557,9.890,58.994,41.753,-27.005
1679821487567,2023-03-26T11:04:47.567,9.900,51.075,28.133,-25.084
1679821487577,2023-03-26T11:04:47.577,9.910,42.889,13.102,-21.349
1679821487587,2023-03-26T11:04:47.587,9.920,44.954,7.569,-18.750
1679821487597,2023-03-26T11:04:47.597,9.930,55.503,6.341,-18.247
1679821487607,2023-03-26T11:04:47.607,9.940,67.942,1.524,-17.759
1679821487617,2023-03-26T11:04:47.617,9.950,80.145,-6.128,-15.549
1679821487627,2023-03-26T11:04:47.627,9.960,79.101,-14.779,-12.309
1679821487637,2023-03-26T11:04:47.637,9.970,64.009,-19.634,-9.466
1679821487647,2023-03-26T11:04:47.647,9.980,44.322,-21.349,-7.088
1679821487657,2023-03-26T11:04:47.657,9.990,31.768,-23.720,-4.245
1679821487667,2023-03-26T11:04:47.667,10.000,25.236,-28.239,0.816
1679821487677,2023-03-26T11:04:47.677,10.010,18.346,-37.508,6.860
1679821487687,2023-03-26T11:04:47.687,10.020,17.096,-46.319,11.296
1679821487697,2023-03-26T11:04:47.697,10.030,23.567,-52.332,16.296
1679821487707,2023-03-26T11:04:47.707,10.040,26.616,-58.018,23.826
1679821487717,2023-03-26T11:04:47.717,10.050,22.409,-65.617,31.623
1679821487727,2023-03-26T11:04:47.727,10.060,18.826,-72.111,37.904
1679821487737,2023-03-26T11:04:47.737,10.070,21.387,-76.639,43.125
1679821487747,2023-03-26T11:04:47.747,10.080,30.922,-80.305,47.950
1679821487757,2023-03-26T11:04:47.757,10.090,41.966,-86.715,52.637
1679821487767,2023-03-26T11:04:47.767,10.100,48.643,-93.941,57.066
1679821487777,2023-03-26T11:04:47.777,10.110,45.617,-99.444,61.021
1679821487787,2023-03-26T11:04:47.787,10.120,31.166,-101.227,65.282
1679821487797,2023-03-26T11:04:47.797,10.130,15.229,-101.395,70.572
1679821487807,2023-03-26T11:04:47.807,10.140,7.477,-102.066,76.082
1679821487817,2023-03-26T11:04:47.817,10.150,7.561,-102.790,80.686
1679821487827,2023-03-26T11:04:47.827,10.160,8.948,-101.944,84.367
1679821487837,2023-03-26T11:04:47.837,10.170,8.925,-98.651,86.814
1679821487847,2023-03-26T11:04:47.847,10.180,10.450,-96.745,86.387
1679821487857,2023-03-26T11:04:47.857,10.190,15.091,-96.212,82.637
1679821487867,2023-03-26T11:04:47.867,10.200,18.796,-95.305,77.256
1679821487877,2023-03-26T11:04:47.877,10.210,13.506,-94.047,71.563
1679821487887,2023-03-26T11:04:47.887,10.220,-0.678,-90.122,66.159
1679821487897,2023-03-26T11:04:47.897,10.230,-18.369,-83.491,59.931
1679821487907,2023-03-26T11:04:47.907,10.240,-32.889,-76.905,53.003
1679821487917,2023-03-26T11:04:47.917,10.250,-44.489,-71.875,45.960
1679821487927,2023-03-26T11:04:47.927,10.260,-56.456,-65.655,38.239
1679821487937,2023-03-26T11:04:47.937,10.270,-70.640,-56.875,30.473
1679821487947,2023-03-26T11:04:47.947,10.280,-83.636,-47.561,23.377
1679821487957,2023-03-26T11:04:47.957,10.290,-89.985,-42.797,16.524
1679821487967,2023-03-26T11:04:47.967,10.300,-88.392,-43.102,9.931
1679821487977,2023-03-26T11:04:47.977,10.310,-86.471,-41.715,2.576
1679821487987,2023-03-26T11:04:47.987,10.320,-84.063,-35.335,-5.213
1679821487997,2023-03-26T11:04:47.997,10.330,-80.526,-30.297,-11.692
1679821488007,2023-03-26T11:04:48.007,10.340,-77.043,-26.532,-16.326
1679821488017,2023-03-26T11:04:48.017,10.350,-77.828,-26.212,-21.570
1679821488027,2023-03-26T11:04:48.027,10.360,-77.645,-24.588,-24.505
1679821488037,2023-03-26T11:04:48.037,10.370,-84.101,-18.323,-25.008
1679821488047,2023-03-26T11:04:48.047,10.380,-89.489,-8.918,-24.733
1679821488057,2023-03-26T11:04:48.057,10.390,-84.809,-1.860,-24.162
1679821488067,2023-03-26T11:04:48.067,10.400,-71.639,2.790,-23.117
1679821488077,2023-03-26T11:04:48.077,10.410,-56.319,8.712,-22.188
1679821488087,2023-03-26T11:04:48.087,10.420,-44.131,14.916,-21.479
1679821488097,2023-03-26T11:04:48.097,10.430,-37.729,19.360,-21.181
1679821488107,2023-03-26T11:04:48.107,10.440,-38.605,19.337,-21.143
1679821488117,2023-03-26T11:04:48.117,10.450,-39.611,15.229,-20.023
1679821488127,2023-03-26T11:04:48.127,10.460,-31.799,10.320,-17.782
1679821488137,2023-03-26T11:04:48.137,10.470,-19.032,0.290,-11.433
1679821488147,2023-03-26T11:04:48.147,10.480,-23.750,-18.049,-0.488
1679821488157,2023-03-26T11:04:48.157,10.490,-46.227,-3.826,4.992
1679821488167,2023-03-26T11:04:48.167,10.500,-25.724,38.620,6.951
1679821488177,2023-03-26T11:04:48.177,10.510,15.694,42.675,9.230
1679821488187,2023-03-26T11:04:48.187,10.520,50.175,30.046,11.631
1679821488197,2023-03-26T11:04:48.197,10.530,64.909,29.337,11.608
1679821488207,2023-03-26T11:04:48.207,10.540,59.588,28.026,9.840
1679821488217,2023-03-26T11:04:48.217,10.550,44.848,20.945,8.811
1679821488227,2023-03-26T11:04:48.227,10.560,26.166,13.155,7.904
1679821488237,2023-03-26T11:04:48.237,10.570,13.498,12.149,5.960
1679821488247,2023-03-26T11:04:48.247,10.580,12.012,18.582,2.927
1679821488257,2023-03-26T11:04:48.257,10.590,12.386,25.549,-1.021
1679821488267,2023-03-26T11:04:48.267,10.600,7.492,27.561,-4.002
1679821488277,2023-03-26T11:04:48.277,10.610,0.183,24.497,-4.657
1679821488287,2023-03-26T11:04:48.287,10.620,-8.872,20.442,-3.270
1679821488297,2023-03-26T11:04:48.297,10.630,-15.808,18.209,-0.107
1679821488307,2023-03-26T11:04:48.307,10.640,-17.264,17.546,2.995
1679821488317,2023-03-26T11:04:48.317,10.650,-18.003,18.224,4.748
1679821488327,2023-03-26T11:04:48.327,10.660,-21.601,20.587,5.107
1679821488337,2023-03-26T11:04:48.337,10.670,-25.953,21.707,4.665
1679821488347,2023-03-26T11:04:48.347,10.680,-29.886,20.595,3.491
1679821488357,2023-03-26T11:04:48.357,10.690,-32.591,18.194,1.829
1679821488367,2023-03-26T11:04:48.367,10.700,-33.201,15.884,-0.168
1679821488377,2023-03-26T11:04:48.377,10.710,-31.662,14.070,-1.692
1679821488387,2023-03-26T11:04:48.387,10.720,-26.494,13.498,-2.393
1679821488397,2023-03-26T11:04:48.397,10.730,-17.782,15.457,-1.997
1679821488407,2023-03-26T11:04:48.407,10.740,-6.052,18.239,-0.938
1679821488417,2023-03-26T11:04:48.417,10.750,4.535,19.543,0.099
1679821488427,2023-03-26T11:04:48.427,10.760,11.509,19.002,1.265
1679821488437,2023-03-26T11:04:48.437,10.770,15.701,17.569,2.409
1679821488447,2023-03-26T11:04:48.447,10.780,16.067,14.901,2.767
1679821488457,2023-03-26T11:04:48.457,10.790,13.102,12.195,2.248
1679821488467,2023-03-26T11:04:48.467,10.800,7.851,10.351,1.623
1679821488477,2023-03-26T11:04:48.477,10.810,-0.503,10.221,0.899
1679821488487,2023-03-26T11:04:48.487,10.820,-9.992,11.258,0.229
1679821488497,2023-03-26T11:04:48.497,10.830,-16.372,12.416,-0.252
1679821488507,2023-03-26T11:04:48.507,10.840,-18.087,12.980,-0.290
1679821488517,2023-03-26T11:04:48.517,10.850,-16.433,13.003,-0.419
1679821488527,2023-03-26T11:04:48.527,10.860,-13.140,12.523,-0.404
1679821488537,2023-03-26T11:04:48.537,10.870,-10.358,11.319,-0.122
1679821488547,2023-03-26T11:04:48.547,10.880,-8.384,10.084,0.122
1679821488557,2023-03-26T11:04:48.557,10.890,-6.486,9.451,-0.114
1679821488567,2023-03-26T11:04:48.567,10.900,-4.108,8.125,-0.473
1679821488577,2023-03-26T11:04:48.577,10.910,-2.447,6.463,-0.648
1679821488587,2023-03-26T11:04:48.587,10.920,-1.349,5.671,-0.777
1679821488597,2023-03-26T11:04:48.597,10.930,1.059,5.655,-0.633
1679821488607,2023-03-26T11:04:48.607,10.940,4.230,5.610,-0.259
1679821488617,2023-03-26T11:04:48.617,10.950,4.375,5.816,-0.297
1679821488627,2023-03-26T11:04:48.627,10.960,2.691,6.425,-0.572
1679821488637,2023-03-26T11:04:48.637,10.970,0.998,6.433,-0.785
1679821488647,2023-03-26T11:04:48.647,10.980,-0.389,5.534,-0.617
1679821488657,2023-03-26T11:04:48.657,10.990,-1.303,4.832,-0.412
1679821488667,2023-03-26T11:04:48.667,11.000,-1.441,4.703,-0.694
1679821488677,2023-03-26T11:04:48.677,11.010,-1.075,4.611,-1.120
1679821488687,2023-03-26T11:04:48.687,11.020,-0.724,4.428,-1.532
1679821488697,2023-03-26T11:04:48.697,11.030,-1.471,3.979,-1.883
1679821488707,2023-03-26T11:04:48.707,11.040,-2.477,3.460,-1.585
1679821488717,2023-03-26T11:04:48.717,11.050,-3.262,2.782,-1.029
1679821488727,2023-03-26T11:04:48.727,11.060,-3.430,2.287,-0.694
1679821488737,2023-03-26T11:04:48.737,11.070,-2.858,2.142,-0.678
1679821488747,2023-03-26T11:04:48.747,11.080,-1.966,2.271,-1.128
1679821488757,2023-03-26T11:04:48.757,11.090,-0.572,2.287,-1.623
1679821488767,2023-03-26T11:04:48.767,11.100,0.518,2.477,-1.791
1679821488777,2023-03-26T11:04:48.777,11.110,0.556,2.713,-1.601
1679821488787,2023-03-26T11:04:48.787,11.120,-0.480,2.782,-1.441
1679821488797,2023-03-26T11:04:48.797,11.130,-1.486,2.980,-1.471
1679821488807,2023-03-26T11:04:48.807,11.140,-1.578,2.515,-1.486
1679821488817,2023-03-26T11:04:48.817,11.150,-2.104,1.532,-1.471
1679821488827,2023-03-26T11:04:48.827,11.160,-2.919,0.450,-1.052
1679821488837,2023-03-26T11:04:48.837,11.170,-2.203,-0.183,-0.549
1679821488847,2023-03-26T11:04:48.847,11.180,0.473,-0.221,-0.160
1679821488857,2023-03-26T11:04:48.857,11.190,2.462,-0.152,0.015
