elapsed (s);x-axis (g);y-axis (g);z-axis (g);x-axis (deg/s);y-axis (deg/s);z-axis (deg/s)
0;-1.03;0.232;-0.147;24.695;50.252;9.169
0.01;-1.078;0.272;-0.187;24.459;51.098;9.047
0.02;-1.156;0.371;-0.25;21.364;55.137;7.957
0.03;-1.291;0.394;-0.35;16.303;53.91;2.447
0.04;-1.354;0.32;-0.407;13.125;46.311;-0.808
0.05;-1.317;0.296;-0.397;8.59;38.392;-2.005
0.06;-1.272;0.303;-0.339;-0.694;31.486;-6.044
0.07;-1.229;0.244;-0.303;-9.748;25.282;-9.085
0.08;-1.18;0.185;-0.265;-16.631;19.893;-8.948
0.09;-1.155;0.147;-0.217;-21.113;14.024;-8.346
0.1;-1.138;0.099;-0.165;-19.07;7.759;-8.582
0.11;-1.1;0.042;-0.099;-11.349;2.386;-8.75
0.12;-1.062;0.005;-0.037;-4.436;-2.165;-8.133
0.13;-1.014;-0.046;0;2.424;-4.672;-7.744
0.14;-0.992;-0.117;0.029;12.416;-9.261;-7.325
0.15;-0.983;-0.171;0.049;26.578;-12.203;-7.104
0.16;-0.963;-0.201;0.028;43.956;-13.537;-7.63
0.17;-0.969;-0.196;-0.006;61.73;-14.535;-7.896
0.18;-0.987;-0.132;-0.056;74.009;-16.837;-7.492
0.19;-1.04;-0.024;-0.088;76.86;-19.97;-7.241
0.2;-1.039;0.075;-0.123;76.982;-20.915;-6.082
0.21;-1.03;0.159;-0.144;74.123;-21.311;-7.309
0.22;-0.988;0.166;-0.171;71.075;-21.181;-9.2
0.23;-0.977;0.143;-0.212;69.733;-24.497;-9.939
0.24;-0.965;0.143;-0.253;67.569;-25.732;-9.695
0.25;-0.986;0.142;-0.285;66.38;-25.373;-8.826
0.26;-1.063;0.134;-0.355;70.343;-28.59;-8.971
0.27;-1.149;0.15;-0.447;70.343;-36.829;-7.637
0.28;-1.2;0.212;-0.549;62.363;-46.57;-5.16
0.29;-1.26;0.279;-0.63;49.68;-59.04;-5.907
0.3;-1.287;0.302;-0.627;36.921;-72.264;-7.683
0.31;-1.271;0.305;-0.566;24.002;-83.628;-8.125
0.32;-1.228;0.326;-0.501;8.369;-91.715;-7.355
0.33;-1.199;0.345;-0.455;-8.994;-96.852;-6.89
0.34;-1.198;0.331;-0.418;-23.049;-99.97;-6.547
0.35;-1.194;0.29;-0.398;-31.372;-102.096;-5.915
0.36;-1.195;0.244;-0.389;-35.366;-104.84;-5.655
0.37;-1.198;0.242;-0.396;-41.159;-106.181;-6.524
0.38;-1.201;0.241;-0.434;-49.085;-107.66;-8.605
0.39;-1.208;0.227;-0.467;-53.308;-110.556;-11.273
0.4;-1.213;0.241;-0.472;-57.393;-114.886;-13.407
0.41;-1.189;0.242;-0.467;-61.997;-119.009;-13.872
0.42;-1.166;0.224;-0.442;-67.043;-121.692;-14.261
0.43;-1.173;0.206;-0.43;-69.97;-125.495;-15.633
0.44;-1.178;0.169;-0.447;-67.309;-130.358;-16.989
0.45;-1.149;0.138;-0.456;-60.305;-134.703;-17.812
0.46;-1.114;0.148;-0.445;-55.48;-137.95;-18.659
0.47;-1.061;0.173;-0.433;-54.672;-138.674;-19.581
0.48;-1.015;0.184;-0.426;-54.771;-137.645;-20.755
0.49;-0.98;0.173;-0.419;-52.828;-136.067;-22.462
0.5;-0.95;0.149;-0.413;-49.87;-134.345;-24.108
0.51;-0.922;0.129;-0.4;-48.468;-132.553;-25.114
0.52;-0.896;0.121;-0.397;-47.927;-130.633;-26.075
0.53;-0.863;0.109;-0.39;-46.341;-128.133;-27.332
0.54;-0.837;0.094;-0.383;-43.422;-125.328;-28.956
0.55;-0.815;0.076;-0.373;-39.535;-122.79;-30.069
0.56;-0.797;0.051;-0.361;-34.68;-120.488;-30.998
0.57;-0.77;0.04;-0.343;-28.323;-118.643;-31.006
0.58;-0.755;0.072;-0.319;-26.113;-117.447;-29.047
0.59;-0.736;0.119;-0.299;-31.014;-113.643;-26.997
0.6;-0.711;0.145;-0.282;-36.502;-108.62;-25.488
0.61;-0.714;0.17;-0.262;-41.905;-105.861;-23.941
0.62;-0.7;0.187;-0.232;-45.846;-101.57;-22.317
0.63;-0.728;0.182;-0.191;-47.774;-99.84;-21.562
0.64;-0.799;0.194;-0.132;-53.018;-97.637;-21.593
0.65;-0.821;0.183;-0.038;-55.785;-92.591;-22.904
0.66;-0.837;0.123;0.113;-55.099;-89.87;-25.823
0.67;-0.812;0.013;0.29;-50.32;-84.299;-28.567
0.68;-0.713;-0.135;0.431;-38.308;-66.143;-27.058
0.69;-0.646;-0.269;0.561;-24.367;-39.909;-20.32
0.7;-0.697;-0.351;0.743;-17.477;-15.434;-10.099
0.71;-0.805;-0.389;0.922;-12.226;4.878;0.655
0.72;-0.926;-0.373;0.944;-1.776;17.439;10.755
0.73;-1.007;-0.301;0.862;11.029;22.248;20.572
0.74;-1.014;-0.17;0.796;17.454;27.492;30.724
0.75;-0.951;-0.029;0.669;15.488;44.665;40.473
0.76;-1.062;0.133;0.445;0.907;68.552;45.579
0.77;-1.573;0.342;0.155;-34.809;74.284;41.951
0.78;-2.016;0.464;-0.065;-97.942;51.052;33.91
0.79;-1.848;0.258;-0.068;-144.276;15.755;29.817
0.8;-1.459;-0.061;0.208;-158.148;3.529;32.759
0.81;-1.051;-0.352;0.312;-124.634;30.709;37.805
0.82;-0.903;-0.462;0.137;-61.204;53.819;46.151
0.83;-0.916;-0.301;-0.115;-4.009;63.697;53.102
0.84;-0.931;-0.039;-0.351;39.97;60.694;48.758
0.85;-0.988;0.142;-0.393;67.774;49.2;38.765
0.86;-0.967;0.224;-0.364;72.805;44.924;36.806
0.87;-0.949;0.322;-0.312;57.614;46.905;40.061
0.88;-0.953;0.351;-0.211;44.832;51.684;41.067
0.89;-0.994;0.272;-0.119;46.837;54.398;39.657
0.9;-1.023;0.19;-0.032;56.54;54.23;38.003
0.91;-1.008;0.152;0.034;65.473;53.239;35.892
0.92;-0.975;0.172;0.084;69.306;54.512;32.995
0.93;-0.932;0.245;0.085;66.974;61.082;30.282
0.94;-0.951;0.327;0.045;59.215;65.8;27.569
0.95;-0.997;0.404;0.034;43.681;65.747;25.03
0.96;-1.009;0.447;0.071;24.756;65.053;24.284
0.97;-0.964;0.409;0.068;13.643;67.248;24.855
0.98;-0.946;0.322;0.018;13.011;68.483;25.518
0.99;-0.953;0.235;-0.023;18.727;69.451;25.229
1;-0.973;0.175;-0.065;26.364;70.046;24.306
1.01;-1.005;0.15;-0.096;32.104;69.909;23.689
1.02;-1.015;0.159;-0.115;35.884;70.869;23.559
1.03;-1.023;0.201;-0.134;36.791;73.224;23.521
1.04;-1.023;0.248;-0.141;33.003;76.57;23.567
1.05;-1.013;0.262;-0.154;29.184;81.258;23.003
1.06;-0.995;0.247;-0.178;30.412;86.799;22.957
1.07;-0.986;0.257;-0.209;31.258;91.608;24.779
1.08;-0.996;0.291;-0.222;27.5;93.445;26.197
1.09;-1.01;0.31;-0.225;23.712;93.338;25.122
1.1;-1.004;0.297;-0.205;23.209;94.322;22.165
1.11;-0.996;0.256;-0.192;25.884;97.149;19.131
1.12;-0.999;0.204;-0.194;29.055;100.259;16.738
1.13;-1.022;0.148;-0.187;32.309;100.991;15.709
1.14;-1.044;0.114;-0.17;34.718;100.183;16.273
1.15;-1.05;0.117;-0.146;33.369;97.973;17.988
1.16;-1.044;0.145;-0.126;30.716;95.259;19.825
1.17;-1.029;0.185;-0.112;27.95;93.689;21.006
1.18;-1.031;0.218;-0.101;26.136;93.14;21.723
1.19;-1.062;0.229;-0.087;25.709;92.294;22.088
1.2;-1.102;0.229;-0.062;24.436;89.718;22.05
1.21;-1.137;0.214;-0.036;21.73;84.238;21.326
1.22;-1.147;0.183;0.014;20.084;76.311;20.419
1.23;-1.114;0.158;0.099;19.116;70.305;20.556
1.24;-1.063;0.152;0.181;18.003;69.329;21.227
1.25;-1.038;0.153;0.208;17.37;72.645;21.707
1.26;-1.056;0.156;0.181;17.485;76.616;22.683
1.27;-1.085;0.162;0.109;20.747;78.201;23.415
1.28;-1.108;0.18;0.038;25.793;76.944;23.346
1.29;-1.137;0.218;-0.013;29.642;72.927;22.431
1.3;-1.138;0.254;-0.049;31.959;68.46;20.03
1.31;-1.113;0.257;-0.085;33.483;65.114;17.812
1.32;-1.094;0.249;-0.1;34.253;63.369;16.761
1.33;-1.11;0.245;-0.117;35.053;61.044;16.059
1.34;-1.145;0.239;-0.152;37.043;56.166;14.535
1.35;-1.176;0.221;-0.191;40.625;48.567;12.287
1.36;-1.203;0.201;-0.204;46.311;38.666;9.931
1.37;-1.216;0.234;-0.156;50.084;29.268;8.742
1.38;-1.263;0.363;-0.095;43.59;25.48;8.392
1.39;-1.481;0.405;-0.073;35.671;13.384;-0.518
1.4;-1.643;0.232;-0.022;27.599;-12.111;-16.791
1.41;-1.582;-0.028;0.15;16.608;-32.005;-32.774
1.42;-1.423;-0.314;0.303;9.169;-33.765;-45.747
1.43;-1.251;-0.622;0.315;18.971;-29.787;-47.264
1.44;-1.196;-0.726;0.343;42.332;-30.686;-40.404
1.45;-1.094;-0.59;0.294;82.02;-27.104;-33.476
1.46;-1.171;-0.338;0.205;119.139;-38.407;-28.445
1.47;-1.137;-0.032;0.149;139.085;-44.718;-21.601
1.48;-0.984;0.216;0.017;140.13;-32.851;-15.709
1.49;-1.057;0.364;-0.233;116.669;-24.39;-11.875
1.5;-1.337;0.451;-0.503;77.691;-36.098;-10.32
1.51;-1.503;0.503;-0.658;44.23;-59.253;-9.68
1.52;-1.397;0.555;-0.604;20.709;-71.166;-13.483
1.53;-1.263;0.516;-0.555;8.918;-70.838;-24.085
1.54;-1.239;0.396;-0.586;8.948;-69.992;-30.602
1.55;-1.269;0.311;-0.66;6.7;-76.052;-29.253
1.56;-1.307;0.289;-0.677;-3.803;-90.434;-25.32
1.57;-1.222;0.326;-0.602;-17.843;-97.599;-23.918
1.58;-1.183;0.408;-0.57;-33.712;-102.912;-22.843
1.59;-1.187;0.459;-0.601;-46.517;-108.994;-19.238
1.6;-1.16;0.512;-0.643;-61.997;-112.569;-15.366
1.61;-1.15;0.539;-0.653;-80.648;-116.052;-13.704
1.62;-1.143;0.505;-0.627;-96.654;-118.75;-13.872
1.63;-1.152;0.434;-0.636;-103.659;-122.195;-14.924
1.64;-1.139;0.373;-0.647;-102.149;-125.915;-16.806
1.65;-1.095;0.316;-0.602;-96.296;-128.27;-18.742
1.66;-1.062;0.293;-0.583;-92.302;-130.023;-20.534
1.67;-1.032;0.288;-0.583;-89.566;-131.806;-23.178
1.68;-1;0.297;-0.558;-89.505;-132.896;-25.915
1.69;-0.969;0.291;-0.547;-92.309;-132.851;-27.706
1.7;-0.941;0.271;-0.516;-97.431;-132.233;-28.765
1.71;-0.907;0.252;-0.486;-99.802;-131.479;-30.076
1.72;-0.871;0.224;-0.466;-98.468;-130.168;-31.204
1.73;-0.835;0.182;-0.445;-95.305;-128.247;-31.662
1.74;-0.81;0.145;-0.427;-91.562;-125.831;-31.669
1.75;-0.778;0.125;-0.404;-86.639;-122.111;-31.372
1.76;-0.745;0.119;-0.376;-81.471;-117.096;-30.747
1.77;-0.72;0.12;-0.361;-77.835;-111.364;-29.878
1.78;-0.698;0.118;-0.367;-76.037;-104.733;-29.261
1.79;-0.682;0.108;-0.375;-75.259;-98.62;-29.123
1.8;-0.676;0.089;-0.379;-74.345;-92.752;-28.758
1.81;-0.669;0.066;-0.376;-73.841;-87.736;-28.392
1.82;-0.672;0.023;-0.359;-70.854;-85.267;-27.736
1.83;-0.675;-0.035;-0.309;-64.101;-83.559;-26.273
1.84;-0.673;-0.069;-0.273;-57.233;-80.328;-24.284
1.85;-0.699;-0.094;-0.252;-49.322;-79.588;-21.928
1.86;-0.744;-0.12;-0.242;-38.75;-80.747;-19.329
1.87;-0.809;-0.133;-0.197;-22.607;-83.392;-15.29
1.88;-0.882;-0.104;-0.121;-2.264;-86.829;-9.901
1.89;-0.952;-0.063;-0.043;16.7;-87.134;-3.582
1.9;-1.004;-0.022;0.063;30.168;-84.855;3.613
1.91;-1.028;0.016;0.246;39.649;-82.797;10.114
1.92;-0.987;0.022;0.474;45.427;-75.77;14.055
1.93;-0.922;-0.047;0.683;48.826;-65.77;17.866
1.94;-0.806;-0.132;0.905;46.89;-47.401;26.387
1.95;-0.676;-0.211;1.099;39.611;-14.131;35.953
1.96;-0.692;-0.189;1.19;30.991;18.872;39.413
1.97;-0.819;-0.108;1.079;32.363;37.881;40.023
1.98;-0.888;-0.046;0.831;39.748;46.372;43.598
1.99;-0.826;0.041;0.621;39.383;57.378;48.895
2;-0.736;0.128;0.426;32.881;81.456;50.023
2.01;-0.739;0.258;0.021;10.808;133.415;38.186
2.02;-1.457;0.379;-0.423;-28.14;162.447;15.785
2.03;-2.687;0.355;-0.57;-70.694;101.463;-2.561
2.04;-2.854;0.368;-0.517;-157.591;10.617;-5.32
2.05;-1.873;0.238;0.094;-223.201;-13.178;16.265
2.06;-0.896;0.055;0.657;-216.662;29.352;31.395
2.07;-0.561;-0.144;0.622;-175.595;75.785;31.326
2.08;-0.648;-0.287;0.306;-124.405;102.409;34.985
2.09;-0.925;-0.234;-0.048;-77.942;107.622;47.523
2.1;-1.105;-0.091;-0.323;-36.837;98.27;57.165
2.11;-1.125;0.036;-0.464;8.194;80.922;55.579
2.12;-1.026;0.138;-0.484;53.552;62.828;46.745
2.13;-0.927;0.225;-0.406;74.512;50.412;41.265
2.14;-0.895;0.249;-0.29;74.977;45.412;41.037
2.15;-0.895;0.222;-0.193;72.53;46.974;41.303
2.16;-0.918;0.197;-0.115;72.386;52.355;40.983
2.17;-0.873;0.199;-0.084;72.828;65.488;40.755
2.18;-0.848;0.253;-0.117;65.793;83.872;38.872
2.19;-0.941;0.295;-0.168;51.364;97.088;36.364
2.2;-1.047;0.306;-0.198;35.526;99.863;36.593
2.21;-1.097;0.329;-0.183;21.334;95.747;40.465
2.22;-1.075;0.347;-0.135;13.788;91.677;43.544
2.23;-1.009;0.308;-0.098;18.887;89.611;43.445
2.24;-0.922;0.241;-0.115;33.811;90.678;40.427
2.25;-0.885;0.213;-0.166;48.399;92.47;35.633
2.26;-0.908;0.223;-0.223;55.404;92.515;30.762
2.27;-0.969;0.262;-0.25;49.954;90.274;27.37
2.28;-1.021;0.321;-0.258;35.023;87.172;25.503
2.29;-1.037;0.371;-0.243;16.959;84.901;24.169
2.3;-1.042;0.393;-0.204;0.869;83.277;22.729
2.31;-1.047;0.362;-0.155;-9.078;81.319;21.479
2.32;-1.05;0.297;-0.117;-11.029;78.864;20.739
2.33;-1.048;0.235;-0.082;-6.159;76.334;20.694
2.34;-1.047;0.187;-0.032;2.248;74.322;21.509
2.35;-1.065;0.154;0.019;11.029;72.614;22.82
2.36;-1.091;0.136;0.07;18.422;71.197;24.146
2.37;-1.101;0.124;0.102;23.765;69.405;25.16
2.38;-1.09;0.115;0.103;26.631;66.547;26.639
2.39;-1.07;0.131;0.083;27.5;63.765;28.643
2.4;-1.033;0.164;0.045;28.476;63.75;29.581
2.41;-1.01;0.196;-0.011;31.494;66.28;29.543
2.42;-1.026;0.227;-0.084;34.596;68.255;29.375
2.43;-1.041;0.248;-0.145;37.675;68.369;28.529
2.44;-1.054;0.244;-0.188;40.229;65.625;27.462
2.45;-1.065;0.255;-0.2;37.416;60.541;26.989
2.46;-1.059;0.27;-0.168;32.569;55.198;26.372
2.47;-1.044;0.267;-0.127;29.451;52.188;25.221
2.48;-1.047;0.252;-0.094;27.241;51.151;23.887
2.49;-1.077;0.222;-0.086;26.067;49.741;23.079
2.5;-1.094;0.183;-0.079;28.338;47.203;23.902
2.51;-1.054;0.156;-0.073;32.111;46.662;26.059
2.52;-0.999;0.167;-0.073;34.535;49.07;28.422
2.53;-0.976;0.189;-0.092;37.012;53.91;29.848
2.54;-1.042;0.208;-0.137;39.649;57.691;30.046
2.55;-1.137;0.211;-0.201;44.931;56.273;29.024
2.56;-1.146;0.212;-0.224;49.764;52.561;27.698
2.57;-1.127;0.242;-0.202;50.831;48.765;25.877
2.58;-1.125;0.276;-0.153;48.918;43.834;22.721
2.59;-1.133;0.277;-0.122;45.732;37.492;19.558
2.6;-1.135;0.261;-0.099;45.259;29.832;17.454
2.61;-1.154;0.274;-0.053;46.684;20.976;16.753
2.62;-1.224;0.375;0.005;43.056;11.059;17.553
2.63;-1.377;0.479;0.054;37.294;-1.502;15.061
2.64;-1.559;0.436;0.087;32.599;-22.05;3.902
2.65;-1.642;0.248;0.177;23.384;-50.518;-15.061
2.66;-1.496;-0.022;0.321;5.343;-62.927;-37.988
2.67;-1.211;-0.469;0.354;-4.253;-51.54;-46.974
2.68;-1.081;-0.865;0.278;18.178;-37.721;-35.922
2.69;-1.046;-0.887;0.184;62.599;-28.041;-29.512
2.7;-1.184;-0.758;0.063;120.747;-44.093;-29.505
2.71;-1.176;-0.488;0.102;166.242;-59.268;-22.797
2.72;-0.99;-0.219;0.079;199.619;-50.861;-14.215
2.73;-0.94;0.028;-0.119;204.68;-30.709;-6.684
2.74;-1.268;0.267;-0.406;177.05;-32.744;1.25
2.75;-1.609;0.529;-0.636;129.642;-53.117;5.351
2.76;-1.626;0.719;-0.74;77.995;-70.892;1.189
2.77;-1.481;0.724;-0.695;38.537;-80.655;-5.633
2.78;-1.339;0.641;-0.629;14.573;-84.992;-11.029
2.79;-1.27;0.585;-0.575;-1.288;-89.741;-14.893
2.8;-1.244;0.524;-0.539;-15.259;-92.325;-16.547
2.81;-1.247;0.441;-0.555;-29.238;-94.223;-15.915
2.82;-1.285;0.38;-0.591;-39.985;-100.32;-15.785
2.83;-1.286;0.331;-0.644;-43.034;-108.247;-16.448
2.84;-1.255;0.358;-0.669;-47.294;-117.325;-15.625
2.85;-1.187;0.394;-0.686;-56.334;-124.779;-13.811
2.86;-1.1;0.385;-0.693;-65.518;-127.523;-12.553
2.87;-1.067;0.408;-0.707;-79.017;-129.253;-14.52
2.88;-1.068;0.404;-0.717;-90.404;-132.134;-18.659
2.89;-1.055;0.317;-0.716;-90.587;-134.939;-21.418
2.9;-1.007;0.229;-0.701;-82.622;-136.585;-22.523
2.91;-0.953;0.192;-0.685;-73.872;-137.668;-23.384
2.92;-0.918;0.22;-0.668;-71.143;-138.59;-24.878
2.93;-0.862;0.233;-0.637;-71.227;-137.515;-26.723
2.94;-0.802;0.237;-0.584;-73.72;-133.087;-28.651
2.95;-0.769;0.259;-0.547;-78.072;-127.523;-31.075
2.96;-0.75;0.255;-0.527;-81.235;-122.591;-34.002
2.97;-0.729;0.208;-0.53;-83.483;-118.369;-36.646
2.98;-0.707;0.148;-0.526;-83.811;-115.015;-38.277
2.99;-0.685;0.093;-0.498;-78.034;-112.073;-38.925
3;-0.662;0.07;-0.464;-70.16;-108.803;-39.832
3.01;-0.634;0.061;-0.423;-64.466;-104.07;-41.433
3.02;-0.605;0.018;-0.405;-54.085;-97.271;-43.666
3.03;-0.597;-0.021;-0.393;-43.59;-90.488;-44.398
3.04;-0.579;-0.018;-0.328;-42.294;-83.491;-41.273
3.05;-0.565;-0.006;-0.265;-43.59;-75.816;-36.357
3.06;-0.589;0.049;-0.256;-45.434;-69.688;-32.378
3.07;-0.624;0.126;-0.238;-46.136;-67.485;-29.512
3.08;-0.701;0.182;-0.213;-44.009;-67.805;-27.073
3.09;-0.802;0.218;-0.152;-42.797;-68.651;-26.349
3.1;-0.973;0.234;-0.063;-37.127;-75.206;-31.029
3.11;-1.114;0.149;0.11;-26.387;-85.587;-38.948
3.12;-1.132;-0.04;0.334;-16.715;-90.404;-41.814
3.13;-1.049;-0.235;0.584;-13.659;-83.521;-36.905
3.14;-0.975;-0.412;0.881;-17.104;-70.587;-26.052
3.15;-0.859;-0.536;1.177;-17.5;-45.518;-10.724
3.16;-0.784;-0.545;1.319;-5.252;-9.764;1.791
3.17;-0.893;-0.436;1.277;16.944;13.636;8.62
3.18;-1.046;-0.287;1.087;34.588;21.692;16.814
3.19;-1.061;-0.071;0.852;31.578;29.588;28.605
3.2;-0.97;0.153;0.658;15.152;44.832;39.489
3.21;-0.873;0.313;0.441;-7.256;68.011;46.433
3.22;-0.871;0.439;0.113;-36.829;107.226;44.223
3.23;-1.577;0.559;-0.192;-78.537;113.849;30.465
3.24;-2.454;0.542;-0.332;-126.349;64.733;12.82
3.25;-2.359;0.298;-0.309;-172.927;17.767;10.663
3.26;-1.695;-0.021;0.036;-190.899;8.803;29.558
3.27;-1.012;-0.176;0.25;-168.857;31.669;42.279
3.28;-0.618;-0.294;0.18;-121.227;58.91;45.747
3.29;-0.542;-0.376;0.017;-61.372;71.54;46.951
3.3;-0.612;-0.299;-0.1;-3.285;73.064;47.409
3.31;-0.747;-0.085;-0.186;41.341;70.213;48.133
3.32;-0.875;0.169;-0.292;64.268;65.13;47.919
3.33;-0.945;0.358;-0.363;66.456;58.689;47.287
3.34;-0.998;0.428;-0.37;57.927;51.89;48.224
3.35;-1.022;0.43;-0.325;45.023;46.181;47.302
3.36;-0.983;0.406;-0.246;30.221;48.232;41.044
3.37;-0.899;0.324;-0.214;22.325;60.991;32.965
3.38;-0.918;0.213;-0.222;18.293;73.681;29.284
3.39;-0.99;0.158;-0.265;9.596;82.424;30.442
3.4;-1.025;0.165;-0.285;1.014;87.957;33.43
3.41;-1.056;0.162;-0.271;1.143;89.047;36.364
3.42;-1.089;0.119;-0.235;11.021;85.694;39.002
3.43;-1.09;0.068;-0.158;28.735;81.784;41.021
3.44;-1.049;0.059;-0.097;50.495;80.465;40.915
3.45;-0.983;0.11;-0.074;66.197;81.784;38.369
3.46;-0.938;0.182;-0.105;72.34;84.581;34.276
3.47;-0.949;0.245;-0.136;70.495;85.404;30.076
3.48;-0.982;0.285;-0.143;62.675;85.755;28.323
3.49;-1.02;0.322;-0.127;48.323;86.395;29.207
3.5;-1.044;0.338;-0.104;32.614;86.479;30.518
3.51;-1.039;0.322;-0.08;22.797;86.768;30.762
3.52;-1.022;0.281;-0.066;21.761;87.782;29.642
3.53;-1.012;0.248;-0.075;24.848;88.064;27.934
3.54;-1.01;0.228;-0.094;28.11;87.851;26.433
3.55;-1.015;0.224;-0.109;29.855;87.34;25.259
3.56;-1.023;0.229;-0.114;29.116;86.197;24.779
3.57;-1.024;0.232;-0.113;26.898;85.297;25.389
3.58;-1.008;0.223;-0.109;25.953;85.457;26.319
3.59;-0.996;0.21;-0.118;25.938;87.233;26.601
3.6;-1.009;0.193;-0.142;25.785;88.88;26.677
3.61;-1.033;0.19;-0.184;25.381;88.369;26.288
3.62;-1.048;0.199;-0.219;26.113;85.846;24.916
3.63;-1.049;0.216;-0.239;27.119;82.835;22.454
3.64;-1.049;0.232;-0.239;26.883;79.375;19.992
3.65;-1.056;0.23;-0.219;24.886;75.678;18.178
3.66;-1.067;0.217;-0.178;20.602;71.784;16.806
3.67;-1.081;0.195;-0.123;16.28;67.698;16.197
3.68;-1.095;0.173;-0.052;13.582;63.727;16.646
3.69;-1.112;0.158;0.009;13.361;59.84;17.02
3.7;-1.11;0.144;0.042;15.274;57.096;17.256
3.71;-1.099;0.137;0.057;16.105;56.433;18.041
3.72;-1.116;0.127;0.057;18.163;55.495;19.436
3.73;-1.132;0.104;0.061;23.979;53.506;20.556
3.74;-1.137;0.089;0.073;32.576;52.005;21.555
3.75;-1.119;0.105;0.07;42.546;50.869;22.431
3.76;-1.036;0.142;0.043;50.595;52.058;22.706
3.77;-0.98;0.212;-0.001;53.628;54.97;22.256
3.78;-1.014;0.289;-0.046;52.02;55.412;20.755
3.79;-1.099;0.36;-0.073;47.424;51.898;18.537
3.8;-1.223;0.471;-0.071;39.154;42.188;16.037
3.81;-1.362;0.634;-0.042;25.023;29.604;11.54
3.82;-1.507;0.716;-0.042;6.951;15.846;0.107
3.83;-1.607;0.583;-0.062;-8.194;-2.454;-17.515
3.84;-1.646;0.353;0.005;-23.415;-30.762;-37.553
3.85;-1.579;0.116;0.147;-44.588;-54.375;-59.085
3.86;-1.352;-0.254;0.236;-64.131;-56.067;-69.032
3.87;-1.181;-0.669;0.218;-59.695;-41.242;-57.447
3.88;-1.12;-0.899;0.158;-21.044;-26.273;-43.895
3.89;-1.243;-0.905;0.134;47.462;-39.436;-33.613
3.9;-1.13;-0.673;0.206;118.544;-48.834;-21.806
3.91;-0.863;-0.437;0.122;185.015;-34.543;-9.062
3.92;-0.819;-0.121;-0.122;212.752;-19.787;8.041
3.93;-1.163;0.299;-0.342;191.12;-30.259;24.276
3.94;-1.51;0.755;-0.507;124.322;-41.677;23.697
3.95;-1.709;0.912;-0.775;54.924;-48.087;7.896
3.96;-1.779;0.677;-1.047;26.623;-69.131;-2.599
3.97;-1.625;0.491;-1.046;18.407;-96.014;-4.97
3.98;-1.325;0.494;-0.79;2.431;-109.337;-9.573
3.99;-1.143;0.489;-0.536;-21.387;-111.562;-14.512
4;-1.099;0.434;-0.46;-45.084;-111.814;-13.613
4.01;-1.122;0.445;-0.505;-63.491;-114.566;-11.319
4.02;-1.142;0.51;-0.551;-72.927;-118.041;-11.433
4.03;-1.164;0.529;-0.605;-77.264;-124.55;-12.431
4.04;-1.162;0.503;-0.63;-83.361;-131.387;-11.646
4.05;-1.127;0.503;-0.633;-92.599;-135.297;-10.709
4.06;-1.087;0.503;-0.639;-101.349;-136.448;-11.54
4.07;-1.063;0.491;-0.649;-107.774;-137.21;-14.665
4.08;-1.024;0.452;-0.664;-108.239;-138.216;-18.476
4.09;-0.956;0.416;-0.664;-109.649;-137.485;-22.127
4.1;-0.898;0.392;-0.651;-115.175;-135.465;-25.541
4.11;-0.844;0.351;-0.641;-120.084;-132.752;-28.811
4.12;-0.792;0.304;-0.61;-123.155;-128.803;-32.188
4.13;-0.756;0.261;-0.57;-125.221;-124.062;-35.724
4.14;-0.738;0.202;-0.54;-124.474;-120.008;-39.939
4.15;-0.725;0.124;-0.509;-120.511;-116.517;-43.864
4.16;-0.708;0.067;-0.474;-115.122;-112.439;-46.616
4.17;-0.693;0.028;-0.444;-107.378;-108.232;-48.354
4.18;-0.671;0.006;-0.42;-99.405;-103.331;-50.084
4.19;-0.657;-0.023;-0.398;-92.271;-97.782;-52.066
4.2;-0.648;-0.063;-0.384;-83.811;-92.454;-53.155
4.21;-0.645;-0.1;-0.366;-75.526;-87.98;-52.569
4.22;-0.654;-0.125;-0.314;-69.261;-85.015;-50.64
4.23;-0.66;-0.112;-0.264;-67.858;-80.968;-48.575
4.24;-0.654;-0.114;-0.22;-60.046;-75.488;-45.816
4.25;-0.684;-0.135;-0.202;-46.623;-72.317;-42.127
4.26;-0.742;-0.138;-0.199;-35.198;-70.473;-37.805
4.27;-0.806;-0.121;-0.181;-26.265;-70.427;-33.43
4.28;-0.899;-0.106;-0.126;-15.846;-75.648;-29.085
4.29;-0.984;-0.115;-0.034;-2.302;-82.675;-24.017
4.3;-1.038;-0.107;0.123;9.718;-90.32;-18.643
4.31;-1.037;-0.1;0.333;21.921;-96.433;-14.604
4.32;-0.942;-0.11;0.519;35.678;-90.32;-11.212
4.33;-0.823;-0.11;0.68;39.062;-72.119;-6.562
4.34;-0.81;-0.126;0.847;31.761;-54.649;0.13
4.35;-0.783;-0.174;0.966;27.995;-33.392;8.171
4.36;-0.766;-0.197;1.008;31.532;-10.534;14.36
4.37;-0.85;-0.153;1.014;38.46;4.817;18.049
4.38;-0.934;-0.108;0.923;48.056;16.471;23.582
4.39;-0.942;-0.074;0.765;55.099;29.596;32.309
4.4;-0.875;-0.016;0.58;55.175;46.562;40.625
4.41;-0.798;0.054;0.373;50.549;66.555;46.418
4.42;-0.743;0.155;0.1;44.68;94.36;47.988
4.43;-0.839;0.291;-0.328;28.468;139.139;37.431
4.44;-1.701;0.354;-0.709;3.468;142.599;14.787
4.45;-2.884;0.302;-0.695;-22.759;68.323;-1.608
4.46;-2.868;0.345;-0.432;-103.483;-14.032;3.803
4.47;-1.801;0.245;0.222;-168.384;-20.938;26.723
4.48;-0.837;0.155;0.604;-180.183;26.959;34.566
4.49;-0.459;-0.066;0.464;-151.189;73.331;32.02
4.51;-0.911;-0.115;-0.261;37.058;82.454;38.171
4.52;-1.057;0.15;-0.407;46.509;86.723;39.901
4.55;-0.994;0.19;-0.152;57.127;90.892;38.498
4.56;-0.961;0.076;-0.136;62.538;92.005;35.808
4.61;-0.929;0.228;-0.106;59.444;89.756;33.338
4.62;-0.965;0.225;-0.122;49.276;86.715;31.151
4.63;-1.016;0.241;-0.132;34.771;84.39;29.787
4.64;-1.047;0.273;-0.123;17.294;81.395;29.383
4.65;-1.056;0.309;-0.085;1.814;77.599;29.108
4.66;-1.059;0.346;-0.044;-5.93;74.726;28.643
4.67;-1.051;0.363;-0.004;-7.439;72.805;27.995
4.68;-1.035;0.347;0.031;-6.677;70.595;26.616
4.69;-1.038;0.32;0.066;-4.352;68.735;24.428
4.7;-1.072;0.283;0.099;1.258;67.218;22.561
4.71;-1.095;0.234;0.119;7.782;67.134;21.883
4.72;-1.101;0.182;0.125;12.767;69.497;22.683
4.73;-1.081;0.152;0.113;16.357;73.026;24.581
4.74;-1.044;0.153;0.073;18.544;76.204;26.662
4.75;-1.008;0.164;0.008;22.363;77.226;27.706
4.76;-0.998;0.185;-0.08;26.852;76.441;28.293
4.77;-1.005;0.201;-0.165;30.023;73.407;29.024
4.78;-1.011;0.205;-0.226;33.575;68.963;29.604
4.79;-1.018;0.206;-0.254;35.838;66.311;29.878
4.8;-1.031;0.198;-0.252;37.63;65.808;29.756
4.81;-1.036;0.201;-0.227;39.901;64.764;29.451
4.82;-1.048;0.199;-0.208;42.767;61.479;28.986
4.84;-1.147;0.179;-0.16;44.657;57.058;28.155
4.85;-1.114;0.209;-0.112;43.712;53.72;27.149
4.86;-1.069;0.25;-0.063;40.076;53.293;26.09
4.87;-1.037;0.261;-0.032;36.41;55.45;23.742
4.88;-1.02;0.218;-0.037;35.076;58.453;21.654
4.89;-1.02;0.151;-0.04;36.288;60.671;21.905
4.9;-1.041;0.129;-0.046;38.186;61.204;23.407
4.91;-1.088;0.139;-0.061;41.28;58.178;23.902
4.92;-1.101;0.165;-0.078;43.956;53.399;23.666
4.93;-1.096;0.211;-0.097;44.764;48.354;22.37
4.94;-1.112;0.258;-0.113;44.992;42.942;19.428
4.95;-1.138;0.318;-0.104;43.796;36.936;16.745
4.96;-1.21;0.439;-0.059;36.242;27.896;16.242
4.97;-1.407;0.605;-0.006;21.951;12.081;13.811
4.98;-1.607;0.605;0.031;11.258;-9.97;1.623
4.99;-1.664;0.375;0.086;-0.465;-42.02;-18.346
5;-1.491;0.123;0.28;-20.373;-57.66;-37.424
5.01;-1.184;-0.24;0.356;-29.329;-42.683;-44.985
5.02;-1.194;-0.597;0.266;-18.369;-36.875;-41.12
5.03;-1.23;-0.747;0.217;12.858;-36.235;-37.591
5.04;-1.303;-0.74;0.177;68.948;-48.354;-33.483
5.05;-1.162;-0.551;0.18;134.779;-51.707;-21.845
5.06;-1.048;-0.281;0.021;189.459;-45.358;-8.735
5.07;-1.129;-0.032;-0.282;203.674;-34.2;2.515
5.08;-1.573;0.218;-0.64;171.181;-47.447;11.189
5.09;-1.79;0.504;-0.853;110.213;-66.845;12.881
5.1;-1.709;0.633;-0.922;56.098;-87.767;5.701
5.11;-1.537;0.499;-0.839;32.393;-108.803;-3.857
5.12;-1.287;0.308;-0.69;25.252;-117.005;-11.418
5.13;-1.155;0.164;-0.562;22.248;-119.101;-12.759
5.14;-1.108;0.14;-0.492;15.015;-116.159;-9.832
5.15;-1.127;0.176;-0.49;4.573;-114.093;-6.28
5.16;-1.185;0.214;-0.508;-4.276;-113.819;-5.785
5.17;-1.206;0.188;-0.594;-2.919;-112.965;-4.954
5.18;-1.254;0.188;-0.676;3.011;-118.445;-1.12
5.19;-1.262;0.276;-0.725;1.578;-125.96;1.875
5.2;-1.224;0.367;-0.771;-9.611;-131.852;2.332
5.21;-1.18;0.448;-0.792;-27.34;-138.079;-0.884
5.22;-1.101;0.451;-0.775;-41.997;-143.598;-3.651
5.23;-0.973;0.391;-0.736;-49.139;-144.901;-3.918
5.24;-0.899;0.403;-0.705;-58.986;-144.71;-6.517
5.25;-0.873;0.426;-0.719;-70.602;-145.892;-13.963
5.26;-0.843;0.36;-0.707;-78.415;-145.709;-22.698
5.27;-0.825;0.241;-0.679;-80.008;-144.017;-27.53
5.28;-0.812;0.141;-0.655;-75.412;-142.271;-28.361
5.29;-0.782;0.081;-0.609;-65.137;-140.556;-28.102
5.3;-0.738;0.084;-0.577;-53.78;-138.605;-28.819
5.31;-0.68;0.114;-0.55;-42.744;-134.527;-30.564
5.32;-0.634;0.138;-0.529;-35.183;-129.101;-32.79
5.33;-0.602;0.13;-0.511;-31.601;-122.973;-34.055
5.34;-0.594;0.105;-0.513;-31.029;-116.837;-34.177
5.35;-0.589;0.104;-0.507;-31.905;-110.549;-34.123
5.36;-0.58;0.128;-0.464;-34.444;-103.369;-34.139
5.37;-0.581;0.128;-0.438;-35.983;-97.561;-33.697
5.38;-0.573;0.123;-0.415;-36.997;-93.415;-32.302
5.39;-0.558;0.155;-0.308;-43.582;-87.881;-30.907
5.4;-0.574;0.193;-0.197;-33.308;-79.108;-47.127
5.41;-0.617;0.197;-0.169;-30.861;-72.843;-42.508
5.44;-1;-0.115;0.319;-35.816;-54.649;-30.671
5.45;-1.024;-0.296;0.619;-38.239;-21.159;-14.108
5.46;-0.927;-0.464;1.028;-34.611;12.774;-0.869
5.47;-0.754;-0.583;1.347;-21.616;27.53;7.713
5.48;-0.696;-0.578;1.454;0.191;32.233;18.948
5.49;-0.851;-0.465;1.377;19.268;45.534;32.591
5.5;-0.956;-0.341;1.124;29.215;74.748;44.893
5.51;-0.864;-0.198;0.844;32.82;139.154;52.576
5.52;-0.695;-0.045;0.561;19.085;202.652;43.72
5.53;-0.562;0.093;0.083;20.008;141.677;28.049
5.54;-1.145;0.251;-0.566;-56.784;13.201;15.953
5.55;-2.901;0.296;-0.907;-150.663;-53.704;23.887
5.56;-3.423;0.561;-0.979;-146.326;-13.209;35.274
5.57;-2.386;0.563;-0.413;-99.062;41.479;37.149
5.58;-1.074;0.137;0.405;-58.323;72.82;38.087
5.59;-0.599;-0.18;0.56;-29.466;89.268;41.852
5.6;-0.527;-0.314;0.334;-5.206;95.183;47.881
5.61;-0.622;-0.211;0.073;13.285;88.293;51.052
5.62;-0.817;-0.048;-0.208;30.206;72.378;48.727
5.63;-0.964;0.145;-0.459;37.012;56.951;45.503
5.64;-1.01;0.294;-0.548;56.334;49.085;45.069
5.65;-0.978;0.364;-0.452;70.694;63.941;40.755
5.67;-0.897;0.127;0.059;20.412;70.229;34.832
5.68;-0.859;0.102;0.074;16.433;76.326;36.258
5.71;-0.995;0.383;0.097;20.343;80.587;36.387
5.72;-0.926;0.335;0.058;30.404;80.488;34.062
5.73;-0.904;0.259;-0.038;40.305;77.896;30.13
5.74;-0.921;0.208;-0.146;43.75;76.082;27.142
5.75;-0.946;0.183;-0.217;31.73;78.216;30.907
5.76;-0.971;0.184;-0.244;25.938;76.296;34.619
5.77;-0.991;0.193;-0.256;30.457;75.473;27.927
5.78;-1.012;0.185;-0.275;33.087;75.495;24.192
5.8;-1.016;0.29;-0.245;33.102;75.381;21.707
5.81;-0.99;0.319;-0.219;31.288;74.825;20.785
5.83;-0.987;0.258;-0.206;28.514;74.207;21.364
5.84;-1.011;0.226;-0.188;27.828;74.108;22.416
5.85;-1.035;0.202;-0.165;29.52;73.239;23.445
5.86;-1.043;0.183;-0.151;33.857;70.389;24.451
5.87;-1.045;0.16;-0.148;40.206;66.593;25.32
5.88;-1.069;0.135;-0.147;46.692;62.553;26.547
5.89;-1.088;0.13;-0.14;52.576;58.872;27.774
5.9;-1.103;0.143;-0.125;57.485;56.418;27.904
5.91;-1.097;0.167;-0.11;61.082;54.017;26.944
5.92;-1.086;0.198;-0.086;63.026;50.457;26.067
5.93;-1.098;0.214;-0.069;64.116;46.989;25.96
5.94;-1.126;0.205;-0.041;65.381;45.152;26.037
5.95;-1.137;0.192;0.006;65.046;45.831;25.122
5.96;-1.11;0.194;0.049;64.352;47.401;22.218
5.97;-1.065;0.203;0.084;20.03;-36.509;-45.259
5.98;-1.052;0.204;0.105;9.238;-43.75;-52.889
5.99;-1.067;0.19;0.117;-46.349;-71.57;-21.639
6;-1.075;0.182;0.128;-63.605;-86.608;-31.761
6.11;-1.664;0.916;-0.827;-58.62;-92.348;-36.928
6.12;-1.531;0.662;-0.814;-47.096;-89.535;-36.974
6.13;-1.339;0.37;-0.713;-44.55;-88.407;-35.457
6.14;-1.187;0.183;-0.592;-53.232;-88.506;-30.069
6.15;-1.145;0.159;-0.516;-70.572;-95.473;-20.076
6.16;-1.14;0.177;-0.461;-70.694;-99.337;-20.229
6.31;-0.964;0.022;-0.072;-37.066;-91.768;-15.03
6.32;-1.046;0.002;-0.015;-32.561;-87.896;-12.393
6.38;-0.778;-0.016;0.63;-19.703;-90.694;-11.791
6.39;-0.66;0.093;0.417;-2.576;-94.611;-13.681
6.43;-1.102;-0.509;0.656;-19.383;15.945;26.334
6.44;-0.727;-0.704;0.438;-10.244;32.858;32.759
6.47;-1.016;0.615;-0.426;65.861;38.209;44.924
6.48;-0.954;0.722;-0.352;63.605;41.898;37.508
6.51;-1.016;0.148;-0.186;54.627;68.773;19.306
6.52;-1.164;0.151;-0.139;45.023;62.637;16.623
6.53;-1.177;0.194;-0.008;33.186;58.3;17.691
6.54;-1.098;0.244;0.119;19.146;59.985;21.547
6.55;-0.992;0.253;0.195;12.5;66.098;26.052
6.56;-0.92;0.245;0.159;18.377;72.843;28.849
6.57;-0.899;0.246;0.066;28.209;76.517;28.91
6.58;-0.922;0.238;-0.023;37.165;75.473;26.593
6.63;-0.963;0.212;-0.106;25.694;51.014;21.471
6.64;-0.981;0.211;-0.135;32.294;55.686;20.922
6.68;-1.038;0.201;-0.228;43.575;65.534;16.014
6.69;-1.069;0.172;-0.201;44.489;57.027;14.916
6.7;-1.074;0.186;-0.13;43.529;49.581;15.777
6.71;-1.052;0.223;-0.035;40.739;44.451;16.425
6.72;-1.019;0.253;0.04;37.691;43.079;15.739
6.73;-1.009;0.274;0.061;35.823;44.352;14.482
6.74;-1.016;0.278;0.041;35.389;46.433;13.034
6.75;-1.024;0.274;0.002;33.415;47.82;12.431
6.76;-1.049;0.261;-0.022;29.642;47.614;11.997
6.77;-1.088;0.248;-0.027;25.816;45.61;10.976
6.78;-1.1;0.231;-0.02;24.345;42.79;9.497
6.79;-1.064;0.215;0;24.718;41.242;7.698
6.8;-1.023;0.197;0.011;27.027;41.639;4.657
6.81;-1.035;0.163;0.005;30.038;39.085;0.93
6.82;-1.106;0.134;0.01;31.021;27.149;-2.271
6.83;-1.196;0.143;0.041;27.637;9.223;-4.794
6.84;-1.208;0.146;0.075;19.802;-3.796;-6.837
6.85;-1.134;0.095;0.144;5.991;-8.544;-8.857
6.86;-1.011;0;0.248;-8.049;-3.27;-9.146
6.87;-0.955;-0.072;0.284;-10.366;4.162;-7.706
6.88;-1.059;-0.07;0.252;4.184;3.666;-3.887
6.89;-1.174;0.073;0.215;25.373;5.473;-2.188
6.9;-1.301;0.195;0.128;41.037;6.25;-13.864
6.91;-1.453;0.154;0.087;44.726;-0.526;-28.765
6.92;-1.529;0.063;0.172;44.863;-8.803;-39.154
6.93;-1.547;-0.03;0.267;49.68;-18.537;-48.681
6.94;-1.531;-0.148;0.351;58.133;-26.768;-51.753
6.95;-1.413;-0.209;0.392;74.756;-26.867;-45.541
6.96;-1.188;-0.108;0.282;99.131;-17.134;-32.142
6.97;-1.043;0.133;-0.062;120.351;-9.177;-17.05
6.98;-1.121;0.393;-0.453;116.814;-16.12;-6.387
6.99;-1.391;0.589;-0.683;83.224;-39.977;-3.026
7;-1.602;0.715;-0.771;32.515;-65.373;-5.869
7.01;-1.619;0.71;-0.804;-12.05;-82.348;-9.878
7.02;-1.545;0.618;-0.769;-43.194;-95.732;-23.064
7.03;-1.432;0.562;-0.726;-51.006;-94.055;-22.63
7.04;-1.282;0.45;-0.622;-62.088;-90.16;-20.465
7.05;-1.164;0.328;-0.513;-74.893;-86.341;-20.343
7.06;-1.109;0.264;-0.492;-74.078;-89.123;-20.915
7.07;-1.112;0.28;-0.538;-61.837;-98.613;-18.285
7.08;-1.135;0.211;-0.675;-70.465;-100.709;-18.537
7.09;-1.183;0.163;-0.686;-78.46;-101.738;-15.183
7.1;-1.187;0.344;-0.66;-112.668;-109.535;-26.197
7.11;-1.123;0.335;-0.755;-107.919;-109.977;-30.473
7.14;-0.828;0.207;-0.799;-114.291;-107.934;-32.706
7.15;-0.755;0.242;-0.735;-114.581;-104.848;-31.067
7.17;-0.69;0.017;-0.554;-100.678;-101.608;-27.279
7.18;-0.695;-0.027;-0.523;-76.25;-98.407;-24.55
7.19;-0.71;0.008;-0.479;-50.038;-95.274;-23.537
7.2;-0.714;0.092;-0.455;-31.867;-91.913;-22.767
7.21;-0.694;0.185;-0.452;-28.285;-88.056;-22.424
7.22;-0.671;0.252;-0.444;-37.63;-83.773;-23.636
7.23;-0.665;0.259;-0.439;-74.726;-57.294;-24.116
7.24;-0.679;0.211;-0.454;-76.684;-55.091;-24.947
7.28;-1.011;-0.034;0.008;-36.433;-63.605;-16.768
7.29;-1.152;-0.08;0.096;-17.256;-72.858;-17.904
7.3;-1.223;-0.187;0.231;-2.363;-81.73;-18.735
7.31;-1.196;-0.283;0.397;8.399;-82.988;-15.93
7.32;-1.08;-0.29;0.561;15.396;-73.384;-7.934
7.33;-0.932;-0.232;0.776;10.008;-57.492;3.849
7.62;-1.036;0.272;0.008;7.073;30.64;5.038
7.63;-1.042;0.246;0.009;0.755;30.267;4.291
7.75;-1.015;0.367;-0.049;-1.776;30.808;4.192
7.76;-1.03;0.364;-0.054;-0.899;31.57;4.505
7.77;-1.044;0.328;-0.046;51.28;51.471;5.701
7.78;-1.064;0.277;-0.011;55.892;54.2;5.633
7.79;-1.083;0.227;0.035;41.806;64.093;-0.32
7.8;-1.096;0.169;0.077;31.174;64.383;-2.05
7.82;-1.132;0.015;0.11;20.48;64.36;-3.3
7.83;-1.133;-0.048;0.085;10.069;63.544;-4.954
7.86;-1.187;-0.124;-0.207;1.662;61.029;-6.845
7.87;-1.181;-0.122;-0.245;-6.197;56.189;-8.285
7.88;-1.187;-0.094;-0.262;-11.951;51.646;-8.918
7.89;-1.179;-0.05;-0.261;-13.529;47.218;-9.062
7.9;-1.148;-0.01;-0.259;68.636;6.349;-8.239
7.91;-1.105;0.007;-0.244;77.218;1.707;-7.729
7.92;-1.067;-0.003;-0.223;83.262;-3.59;-7.424
7.93;-1.034;-0.003;-0.201;86.768;-7.851;-7.973
7.95;-1.068;0.005;-0.142;86.616;-12.47;-10.107
7.96;-1.091;0.042;-0.138;82.759;-16.166;-13.994
7.97;-1.138;0.069;-0.148;67.462;-20.305;-24.375
7.98;-1.222;0.131;-0.155;62.858;-21.113;-26.059
7.99;-1.155;0.04;-0.197;59.162;-21.09;-26.441
8;-1.151;0.067;-0.215;54.322;-20.648;-27.294
8.01;-1.175;0.108;-0.245;48.544;-22.919;-26.22
8.02;-1.2;0.144;-0.289;37.355;-27.172;-29.367
8.03;-1.182;0.16;-0.318;35.678;-25.427;-27.988
8.04;-1.154;0.172;-0.356;33.956;-25.244;-23.262
8.05;-1.129;0.182;-0.397;31.288;-25.96;-19.581
8.06;-1.1;0.178;-0.424;25.526;-27.576;-16.799
8.07;-1.109;0.201;-0.462;21.898;-27.873;-14.36
8.08;-1.098;0.211;-0.48;17.881;-28.155;-12.226
8.09;-1.069;0.207;-0.484;13.034;-28.986;-9.817
8.1;-1.067;0.213;-0.494;9.657;-29.688;-7.218
8.11;-1.066;0.205;-0.487;3.498;-34.123;-7.355
8.12;-1.046;0.174;-0.466;-4.825;-38.864;-8.148
8.13;-1.038;0.126;-0.442;-13.095;-41.486;-7.149
8.14;-1.021;0.091;-0.413;-20.434;-44.688;-5.8
;;;;-24.962;-48.232;-5.785
;;;;-29.398;-50.77;-5.793
