epoc (ms),timestamp (+0200),elapsed (s),x-axis (g),y-axis (g),z-axis (g)
1681555605725,2023-04-15T12.46.45.725,0.000,-1.030,0.232,-0.147
1681555605735,2023-04-15T12.46.45.735,0.010,-1.078,0.272,-0.187
1681555605745,2023-04-15T12.46.45.745,0.020,-1.156,0.371,-0.250
1681555605755,2023-04-15T12.46.45.755,0.030,-1.291,0.394,-0.350
1681555605765,2023-04-15T12.46.45.765,0.040,-1.354,0.320,-0.407
1681555605775,2023-04-15T12.46.45.775,0.050,-1.317,0.296,-0.397
1681555605785,2023-04-15T12.46.45.785,0.060,-1.272,0.303,-0.339
1681555605795,2023-04-15T12.46.45.795,0.070,-1.229,0.244,-0.303
1681555605805,2023-04-15T12.46.45.805,0.080,-1.180,0.185,-0.265
1681555605815,2023-04-15T12.46.45.815,0.090,-1.155,0.147,-0.217
1681555605825,2023-04-15T12.46.45.825,0.100,-1.138,0.099,-0.165
1681555605835,2023-04-15T12.46.45.835,0.110,-1.100,0.042,-0.099
1681555605845,2023-04-15T12.46.45.845,0.120,-1.062,0.005,-0.037
1681555605855,2023-04-15T12.46.45.855,0.130,-1.014,-0.046,0.000
1681555605865,2023-04-15T12.46.45.865,0.140,-0.992,-0.117,0.029
1681555605875,2023-04-15T12.46.45.875,0.150,-0.983,-0.171,0.049
1681555605885,2023-04-15T12.46.45.885,0.160,-0.963,-0.201,0.028
1681555605895,2023-04-15T12.46.45.895,0.170,-0.969,-0.196,-0.006
1681555605905,2023-04-15T12.46.45.905,0.180,-0.987,-0.132,-0.056
1681555605915,2023-04-15T12.46.45.915,0.190,-1.040,-0.024,-0.088
1681555605925,2023-04-15T12.46.45.925,0.200,-1.039,0.075,-0.123
1681555605935,2023-04-15T12.46.45.935,0.210,-1.030,0.159,-0.144
1681555605945,2023-04-15T12.46.45.945,0.220,-0.988,0.166,-0.171
1681555605955,2023-04-15T12.46.45.955,0.230,-0.977,0.143,-0.212
1681555605965,2023-04-15T12.46.45.965,0.240,-0.965,0.143,-0.253
1681555605975,2023-04-15T12.46.45.975,0.250,-0.986,0.142,-0.285
1681555605985,2023-04-15T12.46.45.985,0.260,-1.063,0.134,-0.355
1681555605995,2023-04-15T12.46.45.995,0.270,-1.149,0.150,-0.447
1681555606005,2023-04-15T12.46.46.005,0.280,-1.200,0.212,-0.549
1681555606015,2023-04-15T12.46.46.015,0.290,-1.260,0.279,-0.630
1681555606025,2023-04-15T12.46.46.025,0.300,-1.287,0.302,-0.627
1681555606035,2023-04-15T12.46.46.035,0.310,-1.271,0.305,-0.566
1681555606045,2023-04-15T12.46.46.045,0.320,-1.228,0.326,-0.501
1681555606055,2023-04-15T12.46.46.055,0.330,-1.199,0.345,-0.455
1681555606065,2023-04-15T12.46.46.065,0.340,-1.198,0.331,-0.418
1681555606075,2023-04-15T12.46.46.075,0.350,-1.194,0.290,-0.398
1681555606085,2023-04-15T12.46.46.085,0.360,-1.195,0.244,-0.389
1681555606095,2023-04-15T12.46.46.095,0.370,-1.198,0.242,-0.396
1681555606105,2023-04-15T12.46.46.105,0.380,-1.201,0.241,-0.434
1681555606115,2023-04-15T12.46.46.115,0.390,-1.208,0.227,-0.467
1681555606125,2023-04-15T12.46.46.125,0.400,-1.213,0.241,-0.472
1681555606135,2023-04-15T12.46.46.135,0.410,-1.189,0.242,-0.467
1681555606145,2023-04-15T12.46.46.145,0.420,-1.166,0.224,-0.442
1681555606155,2023-04-15T12.46.46.155,0.430,-1.173,0.206,-0.430
1681555606165,2023-04-15T12.46.46.165,0.440,-1.178,0.169,-0.447
1681555606175,2023-04-15T12.46.46.175,0.450,-1.149,0.138,-0.456
1681555606185,2023-04-15T12.46.46.185,0.460,-1.114,0.148,-0.445
1681555606195,2023-04-15T12.46.46.195,0.470,-1.061,0.173,-0.433
1681555606205,2023-04-15T12.46.46.205,0.480,-1.015,0.184,-0.426
1681555606215,2023-04-15T12.46.46.215,0.490,-0.980,0.173,-0.419
1681555606225,2023-04-15T12.46.46.225,0.500,-0.950,0.149,-0.413
1681555606235,2023-04-15T12.46.46.235,0.510,-0.922,0.129,-0.400
1681555606245,2023-04-15T12.46.46.245,0.520,-0.896,0.121,-0.397
1681555606255,2023-04-15T12.46.46.255,0.530,-0.863,0.109,-0.390
1681555606265,2023-04-15T12.46.46.265,0.540,-0.837,0.094,-0.383
1681555606275,2023-04-15T12.46.46.275,0.550,-0.815,0.076,-0.373
1681555606285,2023-04-15T12.46.46.285,0.560,-0.797,0.051,-0.361
1681555606295,2023-04-15T12.46.46.295,0.570,-0.770,0.040,-0.343
1681555606305,2023-04-15T12.46.46.305,0.580,-0.755,0.072,-0.319
1681555606315,2023-04-15T12.46.46.315,0.590,-0.736,0.119,-0.299
1681555606325,2023-04-15T12.46.46.325,0.600,-0.711,0.145,-0.282
1681555606335,2023-04-15T12.46.46.335,0.610,-0.714,0.170,-0.262
1681555606345,2023-04-15T12.46.46.345,0.620,-0.700,0.187,-0.232
1681555606355,2023-04-15T12.46.46.355,0.630,-0.728,0.182,-0.191
1681555606365,2023-04-15T12.46.46.365,0.640,-0.799,0.194,-0.132
1681555606375,2023-04-15T12.46.46.375,0.650,-0.821,0.183,-0.038
1681555606385,2023-04-15T12.46.46.385,0.660,-0.837,0.123,0.113
1681555606395,2023-04-15T12.46.46.395,0.670,-0.812,0.013,0.290
1681555606405,2023-04-15T12.46.46.405,0.680,-0.713,-0.135,0.431
1681555606415,2023-04-15T12.46.46.415,0.690,-0.646,-0.269,0.561
1681555606425,2023-04-15T12.46.46.425,0.700,-0.697,-0.351,0.743
1681555606435,2023-04-15T12.46.46.435,0.710,-0.805,-0.389,0.922
1681555606445,2023-04-15T12.46.46.445,0.720,-0.926,-0.373,0.944
1681555606455,2023-04-15T12.46.46.455,0.730,-1.007,-0.301,0.862
1681555606465,2023-04-15T12.46.46.465,0.740,-1.014,-0.170,0.796
1681555606475,2023-04-15T12.46.46.475,0.750,-0.951,-0.029,0.669
1681555606485,2023-04-15T12.46.46.485,0.760,-1.062,0.133,0.445
1681555606495,2023-04-15T12.46.46.495,0.770,-1.573,0.342,0.155
1681555606505,2023-04-15T12.46.46.505,0.780,-2.016,0.464,-0.065
1681555606515,2023-04-15T12.46.46.515,0.790,-1.848,0.258,-0.068
1681555606525,2023-04-15T12.46.46.525,0.800,-1.459,-0.061,0.208
1681555606535,2023-04-15T12.46.46.535,0.810,-1.051,-0.352,0.312
1681555606545,2023-04-15T12.46.46.545,0.820,-0.903,-0.462,0.137
1681555606555,2023-04-15T12.46.46.555,0.830,-0.916,-0.301,-0.115
1681555606565,2023-04-15T12.46.46.565,0.840,-0.931,-0.039,-0.351
1681555606575,2023-04-15T12.46.46.575,0.850,-0.988,0.142,-0.393
1681555606585,2023-04-15T12.46.46.585,0.860,-0.967,0.224,-0.364
1681555606595,2023-04-15T12.46.46.595,0.870,-0.949,0.322,-0.312
1681555606605,2023-04-15T12.46.46.605,0.880,-0.953,0.351,-0.211
1681555606615,2023-04-15T12.46.46.615,0.890,-0.994,0.272,-0.119
1681555606625,2023-04-15T12.46.46.625,0.900,-1.023,0.190,-0.032
1681555606635,2023-04-15T12.46.46.635,0.910,-1.008,0.152,0.034
1681555606645,2023-04-15T12.46.46.645,0.920,-0.975,0.172,0.084
1681555606655,2023-04-15T12.46.46.655,0.930,-0.932,0.245,0.085
1681555606665,2023-04-15T12.46.46.665,0.940,-0.951,0.327,0.045
1681555606675,2023-04-15T12.46.46.675,0.950,-0.997,0.404,0.034
1681555606685,2023-04-15T12.46.46.685,0.960,-1.009,0.447,0.071
1681555606695,2023-04-15T12.46.46.695,0.970,-0.964,0.409,0.068
1681555606705,2023-04-15T12.46.46.705,0.980,-0.946,0.322,0.018
1681555606715,2023-04-15T12.46.46.715,0.990,-0.953,0.235,-0.023
1681555606725,2023-04-15T12.46.46.725,1.000,-0.973,0.175,-0.065
1681555606735,2023-04-15T12.46.46.735,1.010,-1.005,0.150,-0.096
1681555606745,2023-04-15T12.46.46.745,1.020,-1.015,0.159,-0.115
1681555606755,2023-04-15T12.46.46.755,1.030,-1.023,0.201,-0.134
1681555606765,2023-04-15T12.46.46.765,1.040,-1.023,0.248,-0.141
1681555606775,2023-04-15T12.46.46.775,1.050,-1.013,0.262,-0.154
1681555606785,2023-04-15T12.46.46.785,1.060,-0.995,0.247,-0.178
1681555606795,2023-04-15T12.46.46.795,1.070,-0.986,0.257,-0.209
1681555606805,2023-04-15T12.46.46.805,1.080,-0.996,0.291,-0.222
1681555606815,2023-04-15T12.46.46.815,1.090,-1.010,0.310,-0.225
1681555606825,2023-04-15T12.46.46.825,1.100,-1.004,0.297,-0.205
1681555606835,2023-04-15T12.46.46.835,1.110,-0.996,0.256,-0.192
1681555606845,2023-04-15T12.46.46.845,1.120,-0.999,0.204,-0.194
1681555606855,2023-04-15T12.46.46.855,1.130,-1.022,0.148,-0.187
1681555606865,2023-04-15T12.46.46.865,1.140,-1.044,0.114,-0.170
1681555606875,2023-04-15T12.46.46.875,1.150,-1.050,0.117,-0.146
1681555606885,2023-04-15T12.46.46.885,1.160,-1.044,0.145,-0.126
1681555606895,2023-04-15T12.46.46.895,1.170,-1.029,0.185,-0.112
1681555606905,2023-04-15T12.46.46.905,1.180,-1.031,0.218,-0.101
1681555606915,2023-04-15T12.46.46.915,1.190,-1.062,0.229,-0.087
1681555606925,2023-04-15T12.46.46.925,1.200,-1.102,0.229,-0.062
1681555606935,2023-04-15T12.46.46.935,1.210,-1.137,0.214,-0.036
1681555606945,2023-04-15T12.46.46.945,1.220,-1.147,0.183,0.014
1681555606955,2023-04-15T12.46.46.955,1.230,-1.114,0.158,0.099
1681555606965,2023-04-15T12.46.46.965,1.240,-1.063,0.152,0.181
1681555606975,2023-04-15T12.46.46.975,1.250,-1.038,0.153,0.208
1681555606985,2023-04-15T12.46.46.985,1.260,-1.056,0.156,0.181
1681555606995,2023-04-15T12.46.46.995,1.270,-1.085,0.162,0.109
1681555607005,2023-04-15T12.46.47.005,1.280,-1.108,0.180,0.038
1681555607015,2023-04-15T12.46.47.015,1.290,-1.137,0.218,-0.013
1681555607025,2023-04-15T12.46.47.025,1.300,-1.138,0.254,-0.049
1681555607035,2023-04-15T12.46.47.035,1.310,-1.113,0.257,-0.085
1681555607045,2023-04-15T12.46.47.045,1.320,-1.094,0.249,-0.100
1681555607055,2023-04-15T12.46.47.055,1.330,-1.110,0.245,-0.117
1681555607065,2023-04-15T12.46.47.065,1.340,-1.145,0.239,-0.152
1681555607075,2023-04-15T12.46.47.075,1.350,-1.176,0.221,-0.191
1681555607085,2023-04-15T12.46.47.085,1.360,-1.203,0.201,-0.204
1681555607095,2023-04-15T12.46.47.095,1.370,-1.216,0.234,-0.156
1681555607105,2023-04-15T12.46.47.105,1.380,-1.263,0.363,-0.095
1681555607115,2023-04-15T12.46.47.115,1.390,-1.481,0.405,-0.073
1681555607125,2023-04-15T12.46.47.125,1.400,-1.643,0.232,-0.022
1681555607135,2023-04-15T12.46.47.135,1.410,-1.582,-0.028,0.150
1681555607145,2023-04-15T12.46.47.145,1.420,-1.423,-0.314,0.303
1681555607155,2023-04-15T12.46.47.155,1.430,-1.251,-0.622,0.315
1681555607165,2023-04-15T12.46.47.165,1.440,-1.196,-0.726,0.343
1681555607175,2023-04-15T12.46.47.175,1.450,-1.094,-0.590,0.294
1681555607185,2023-04-15T12.46.47.185,1.460,-1.171,-0.338,0.205
1681555607195,2023-04-15T12.46.47.195,1.470,-1.137,-0.032,0.149
1681555607205,2023-04-15T12.46.47.205,1.480,-0.984,0.216,0.017
1681555607215,2023-04-15T12.46.47.215,1.490,-1.057,0.364,-0.233
1681555607225,2023-04-15T12.46.47.225,1.500,-1.337,0.451,-0.503
1681555607235,2023-04-15T12.46.47.235,1.510,-1.503,0.503,-0.658
1681555607245,2023-04-15T12.46.47.245,1.520,-1.397,0.555,-0.604
1681555607255,2023-04-15T12.46.47.255,1.530,-1.263,0.516,-0.555
1681555607265,2023-04-15T12.46.47.265,1.540,-1.239,0.396,-0.586
1681555607275,2023-04-15T12.46.47.275,1.550,-1.269,0.311,-0.660
1681555607285,2023-04-15T12.46.47.285,1.560,-1.307,0.289,-0.677
1681555607295,2023-04-15T12.46.47.295,1.570,-1.222,0.326,-0.602
1681555607305,2023-04-15T12.46.47.305,1.580,-1.183,0.408,-0.570
1681555607315,2023-04-15T12.46.47.315,1.590,-1.187,0.459,-0.601
1681555607325,2023-04-15T12.46.47.325,1.600,-1.160,0.512,-0.643
1681555607335,2023-04-15T12.46.47.335,1.610,-1.150,0.539,-0.653
1681555607345,2023-04-15T12.46.47.345,1.620,-1.143,0.505,-0.627
1681555607355,2023-04-15T12.46.47.355,1.630,-1.152,0.434,-0.636
1681555607365,2023-04-15T12.46.47.365,1.640,-1.139,0.373,-0.647
1681555607375,2023-04-15T12.46.47.375,1.650,-1.095,0.316,-0.602
1681555607385,2023-04-15T12.46.47.385,1.660,-1.062,0.293,-0.583
1681555607395,2023-04-15T12.46.47.395,1.670,-1.032,0.288,-0.583
1681555607405,2023-04-15T12.46.47.405,1.680,-1.000,0.297,-0.558
1681555607415,2023-04-15T12.46.47.415,1.690,-0.969,0.291,-0.547
1681555607425,2023-04-15T12.46.47.425,1.700,-0.941,0.271,-0.516
1681555607435,2023-04-15T12.46.47.435,1.710,-0.907,0.252,-0.486
1681555607445,2023-04-15T12.46.47.445,1.720,-0.871,0.224,-0.466
1681555607455,2023-04-15T12.46.47.455,1.730,-0.835,0.182,-0.445
1681555607465,2023-04-15T12.46.47.465,1.740,-0.810,0.145,-0.427
1681555607475,2023-04-15T12.46.47.475,1.750,-0.778,0.125,-0.404
1681555607485,2023-04-15T12.46.47.485,1.760,-0.745,0.119,-0.376
1681555607495,2023-04-15T12.46.47.495,1.770,-0.720,0.120,-0.361
1681555607505,2023-04-15T12.46.47.505,1.780,-0.698,0.118,-0.367
1681555607515,2023-04-15T12.46.47.515,1.790,-0.682,0.108,-0.375
1681555607525,2023-04-15T12.46.47.525,1.800,-0.676,0.089,-0.379
1681555607535,2023-04-15T12.46.47.535,1.810,-0.669,0.066,-0.376
1681555607545,2023-04-15T12.46.47.545,1.820,-0.672,0.023,-0.359
1681555607555,2023-04-15T12.46.47.555,1.830,-0.675,-0.035,-0.309
1681555607565,2023-04-15T12.46.47.565,1.840,-0.673,-0.069,-0.273
1681555607575,2023-04-15T12.46.47.575,1.850,-0.699,-0.094,-0.252
1681555607585,2023-04-15T12.46.47.585,1.860,-0.744,-0.120,-0.242
1681555607595,2023-04-15T12.46.47.595,1.870,-0.809,-0.133,-0.197
1681555607605,2023-04-15T12.46.47.605,1.880,-0.882,-0.104,-0.121
1681555607615,2023-04-15T12.46.47.615,1.890,-0.952,-0.063,-0.043
1681555607625,2023-04-15T12.46.47.625,1.900,-1.004,-0.022,0.063
1681555607635,2023-04-15T12.46.47.635,1.910,-1.028,0.016,0.246
1681555607645,2023-04-15T12.46.47.645,1.920,-0.987,0.022,0.474
1681555607655,2023-04-15T12.46.47.655,1.930,-0.922,-0.047,0.683
1681555607665,2023-04-15T12.46.47.665,1.940,-0.806,-0.132,0.905
1681555607675,2023-04-15T12.46.47.675,1.950,-0.676,-0.211,1.099
1681555607685,2023-04-15T12.46.47.685,1.960,-0.692,-0.189,1.190
1681555607695,2023-04-15T12.46.47.695,1.970,-0.819,-0.108,1.079
1681555607705,2023-04-15T12.46.47.705,1.980,-0.888,-0.046,0.831
1681555607715,2023-04-15T12.46.47.715,1.990,-0.826,0.041,0.621
1681555607725,2023-04-15T12.46.47.725,2.000,-0.736,0.128,0.426
1681555607735,2023-04-15T12.46.47.735,2.010,-0.739,0.258,0.021
1681555607745,2023-04-15T12.46.47.745,2.020,-1.457,0.379,-0.423
1681555607755,2023-04-15T12.46.47.755,2.030,-2.687,0.355,-0.570
1681555607765,2023-04-15T12.46.47.765,2.040,-2.854,0.368,-0.517
1681555607775,2023-04-15T12.46.47.775,2.050,-1.873,0.238,0.094
1681555607785,2023-04-15T12.46.47.785,2.060,-0.896,0.055,0.657
1681555607795,2023-04-15T12.46.47.795,2.070,-0.561,-0.144,0.622
1681555607805,2023-04-15T12.46.47.805,2.080,-0.648,-0.287,0.306
1681555607815,2023-04-15T12.46.47.815,2.090,-0.925,-0.234,-0.048
1681555607825,2023-04-15T12.46.47.825,2.100,-1.105,-0.091,-0.323
1681555607835,2023-04-15T12.46.47.835,2.110,-1.125,0.036,-0.464
1681555607845,2023-04-15T12.46.47.845,2.120,-1.026,0.138,-0.484
1681555607855,2023-04-15T12.46.47.855,2.130,-0.927,0.225,-0.406
1681555607865,2023-04-15T12.46.47.865,2.140,-0.895,0.249,-0.290
1681555607875,2023-04-15T12.46.47.875,2.150,-0.895,0.222,-0.193
1681555607885,2023-04-15T12.46.47.885,2.160,-0.918,0.197,-0.115
1681555607895,2023-04-15T12.46.47.895,2.170,-0.873,0.199,-0.084
1681555607905,2023-04-15T12.46.47.905,2.180,-0.848,0.253,-0.117
1681555607915,2023-04-15T12.46.47.915,2.190,-0.941,0.295,-0.168
1681555607925,2023-04-15T12.46.47.925,2.200,-1.047,0.306,-0.198
1681555607935,2023-04-15T12.46.47.935,2.210,-1.097,0.329,-0.183
1681555607945,2023-04-15T12.46.47.945,2.220,-1.075,0.347,-0.135
1681555607955,2023-04-15T12.46.47.955,2.230,-1.009,0.308,-0.098
1681555607965,2023-04-15T12.46.47.965,2.240,-0.922,0.241,-0.115
1681555607975,2023-04-15T12.46.47.975,2.250,-0.885,0.213,-0.166
1681555607985,2023-04-15T12.46.47.985,2.260,-0.908,0.223,-0.223
1681555607995,2023-04-15T12.46.47.995,2.270,-0.969,0.262,-0.250
1681555608005,2023-04-15T12.46.48.005,2.280,-1.021,0.321,-0.258
1681555608015,2023-04-15T12.46.48.015,2.290,-1.037,0.371,-0.243
1681555608025,2023-04-15T12.46.48.025,2.300,-1.042,0.393,-0.204
1681555608035,2023-04-15T12.46.48.035,2.310,-1.047,0.362,-0.155
1681555608045,2023-04-15T12.46.48.045,2.320,-1.050,0.297,-0.117
1681555608055,2023-04-15T12.46.48.055,2.330,-1.048,0.235,-0.082
1681555608065,2023-04-15T12.46.48.065,2.340,-1.047,0.187,-0.032
1681555608075,2023-04-15T12.46.48.075,2.350,-1.065,0.154,0.019
1681555608085,2023-04-15T12.46.48.085,2.360,-1.091,0.136,0.070
1681555608095,2023-04-15T12.46.48.095,2.370,-1.101,0.124,0.102
1681555608105,2023-04-15T12.46.48.105,2.380,-1.090,0.115,0.103
1681555608115,2023-04-15T12.46.48.115,2.390,-1.070,0.131,0.083
1681555608125,2023-04-15T12.46.48.125,2.400,-1.033,0.164,0.045
1681555608135,2023-04-15T12.46.48.135,2.410,-1.010,0.196,-0.011
1681555608145,2023-04-15T12.46.48.145,2.420,-1.026,0.227,-0.084
1681555608155,2023-04-15T12.46.48.155,2.430,-1.041,0.248,-0.145
1681555608165,2023-04-15T12.46.48.165,2.440,-1.054,0.244,-0.188
1681555608175,2023-04-15T12.46.48.175,2.450,-1.065,0.255,-0.200
1681555608185,2023-04-15T12.46.48.185,2.460,-1.059,0.270,-0.168
1681555608195,2023-04-15T12.46.48.195,2.470,-1.044,0.267,-0.127
1681555608205,2023-04-15T12.46.48.205,2.480,-1.047,0.252,-0.094
1681555608215,2023-04-15T12.46.48.215,2.490,-1.077,0.222,-0.086
1681555608225,2023-04-15T12.46.48.225,2.500,-1.094,0.183,-0.079
1681555608235,2023-04-15T12.46.48.235,2.510,-1.054,0.156,-0.073
1681555608245,2023-04-15T12.46.48.245,2.520,-0.999,0.167,-0.073
1681555608255,2023-04-15T12.46.48.255,2.530,-0.976,0.189,-0.092
1681555608265,2023-04-15T12.46.48.265,2.540,-1.042,0.208,-0.137
1681555608275,2023-04-15T12.46.48.275,2.550,-1.137,0.211,-0.201
1681555608285,2023-04-15T12.46.48.285,2.560,-1.146,0.212,-0.224
1681555608295,2023-04-15T12.46.48.295,2.570,-1.127,0.242,-0.202
1681555608305,2023-04-15T12.46.48.305,2.580,-1.125,0.276,-0.153
1681555608315,2023-04-15T12.46.48.315,2.590,-1.133,0.277,-0.122
1681555608325,2023-04-15T12.46.48.325,2.600,-1.135,0.261,-0.099
1681555608335,2023-04-15T12.46.48.335,2.610,-1.154,0.274,-0.053
1681555608345,2023-04-15T12.46.48.345,2.620,-1.224,0.375,0.005
1681555608355,2023-04-15T12.46.48.355,2.630,-1.377,0.479,0.054
1681555608365,2023-04-15T12.46.48.365,2.640,-1.559,0.436,0.087
1681555608375,2023-04-15T12.46.48.375,2.650,-1.642,0.248,0.177
1681555608385,2023-04-15T12.46.48.385,2.660,-1.496,-0.022,0.321
1681555608395,2023-04-15T12.46.48.395,2.670,-1.211,-0.469,0.354
1681555608405,2023-04-15T12.46.48.405,2.680,-1.081,-0.865,0.278
1681555608415,2023-04-15T12.46.48.415,2.690,-1.046,-0.887,0.184
1681555608425,2023-04-15T12.46.48.425,2.700,-1.184,-0.758,0.063
1681555608435,2023-04-15T12.46.48.435,2.710,-1.176,-0.488,0.102
1681555608445,2023-04-15T12.46.48.445,2.720,-0.990,-0.219,0.079
1681555608455,2023-04-15T12.46.48.455,2.730,-0.940,0.028,-0.119
1681555608465,2023-04-15T12.46.48.465,2.740,-1.268,0.267,-0.406
1681555608475,2023-04-15T12.46.48.475,2.750,-1.609,0.529,-0.636
1681555608485,2023-04-15T12.46.48.485,2.760,-1.626,0.719,-0.740
1681555608495,2023-04-15T12.46.48.495,2.770,-1.481,0.724,-0.695
1681555608505,2023-04-15T12.46.48.505,2.780,-1.339,0.641,-0.629
1681555608515,2023-04-15T12.46.48.515,2.790,-1.270,0.585,-0.575
1681555608525,2023-04-15T12.46.48.525,2.800,-1.244,0.524,-0.539
1681555608535,2023-04-15T12.46.48.535,2.810,-1.247,0.441,-0.555
1681555608545,2023-04-15T12.46.48.545,2.820,-1.285,0.380,-0.591
1681555608555,2023-04-15T12.46.48.555,2.830,-1.286,0.331,-0.644
1681555608565,2023-04-15T12.46.48.565,2.840,-1.255,0.358,-0.669
1681555608575,2023-04-15T12.46.48.575,2.850,-1.187,0.394,-0.686
1681555608585,2023-04-15T12.46.48.585,2.860,-1.100,0.385,-0.693
1681555608595,2023-04-15T12.46.48.595,2.870,-1.067,0.408,-0.707
1681555608605,2023-04-15T12.46.48.605,2.880,-1.068,0.404,-0.717
1681555608615,2023-04-15T12.46.48.615,2.890,-1.055,0.317,-0.716
1681555608625,2023-04-15T12.46.48.625,2.900,-1.007,0.229,-0.701
1681555608635,2023-04-15T12.46.48.635,2.910,-0.953,0.192,-0.685
1681555608645,2023-04-15T12.46.48.645,2.920,-0.918,0.220,-0.668
1681555608655,2023-04-15T12.46.48.655,2.930,-0.862,0.233,-0.637
1681555608665,2023-04-15T12.46.48.665,2.940,-0.802,0.237,-0.584
1681555608675,2023-04-15T12.46.48.675,2.950,-0.769,0.259,-0.547
1681555608685,2023-04-15T12.46.48.685,2.960,-0.750,0.255,-0.527
1681555608695,2023-04-15T12.46.48.695,2.970,-0.729,0.208,-0.530
1681555608705,2023-04-15T12.46.48.705,2.980,-0.707,0.148,-0.526
1681555608715,2023-04-15T12.46.48.715,2.990,-0.685,0.093,-0.498
1681555608725,2023-04-15T12.46.48.725,3.000,-0.662,0.070,-0.464
1681555608735,2023-04-15T12.46.48.735,3.010,-0.634,0.061,-0.423
1681555608745,2023-04-15T12.46.48.745,3.020,-0.605,0.018,-0.405
1681555608755,2023-04-15T12.46.48.755,3.030,-0.597,-0.021,-0.393
1681555608765,2023-04-15T12.46.48.765,3.040,-0.579,-0.018,-0.328
1681555608775,2023-04-15T12.46.48.775,3.050,-0.565,-0.006,-0.265
1681555608785,2023-04-15T12.46.48.785,3.060,-0.589,0.049,-0.256
1681555608795,2023-04-15T12.46.48.795,3.070,-0.624,0.126,-0.238
1681555608805,2023-04-15T12.46.48.805,3.080,-0.701,0.182,-0.213
1681555608815,2023-04-15T12.46.48.815,3.090,-0.802,0.218,-0.152
1681555608825,2023-04-15T12.46.48.825,3.100,-0.973,0.234,-0.063
1681555608835,2023-04-15T12.46.48.835,3.110,-1.114,0.149,0.110
1681555608845,2023-04-15T12.46.48.845,3.120,-1.132,-0.040,0.334
1681555608855,2023-04-15T12.46.48.855,3.130,-1.049,-0.235,0.584
1681555608865,2023-04-15T12.46.48.865,3.140,-0.975,-0.412,0.881
1681555608875,2023-04-15T12.46.48.875,3.150,-0.859,-0.536,1.177
1681555608885,2023-04-15T12.46.48.885,3.160,-0.784,-0.545,1.319
1681555608895,2023-04-15T12.46.48.895,3.170,-0.893,-0.436,1.277
1681555608905,2023-04-15T12.46.48.905,3.180,-1.046,-0.287,1.087
1681555608915,2023-04-15T12.46.48.915,3.190,-1.061,-0.071,0.852
1681555608925,2023-04-15T12.46.48.925,3.200,-0.970,0.153,0.658
1681555608935,2023-04-15T12.46.48.935,3.210,-0.873,0.313,0.441
1681555608945,2023-04-15T12.46.48.945,3.220,-0.871,0.439,0.113
1681555608955,2023-04-15T12.46.48.955,3.230,-1.577,0.559,-0.192
1681555608965,2023-04-15T12.46.48.965,3.240,-2.454,0.542,-0.332
1681555608975,2023-04-15T12.46.48.975,3.250,-2.359,0.298,-0.309
1681555608985,2023-04-15T12.46.48.985,3.260,-1.695,-0.021,0.036
1681555608995,2023-04-15T12.46.48.995,3.270,-1.012,-0.176,0.250
1681555609005,2023-04-15T12.46.49.005,3.280,-0.618,-0.294,0.180
1681555609015,2023-04-15T12.46.49.015,3.290,-0.542,-0.376,0.017
1681555609025,2023-04-15T12.46.49.025,3.300,-0.612,-0.299,-0.100
1681555609035,2023-04-15T12.46.49.035,3.310,-0.747,-0.085,-0.186
1681555609045,2023-04-15T12.46.49.045,3.320,-0.875,0.169,-0.292
1681555609055,2023-04-15T12.46.49.055,3.330,-0.945,0.358,-0.363
1681555609065,2023-04-15T12.46.49.065,3.340,-0.998,0.428,-0.370
1681555609075,2023-04-15T12.46.49.075,3.350,-1.022,0.430,-0.325
1681555609085,2023-04-15T12.46.49.085,3.360,-0.983,0.406,-0.246
1681555609095,2023-04-15T12.46.49.095,3.370,-0.899,0.324,-0.214
1681555609105,2023-04-15T12.46.49.105,3.380,-0.918,0.213,-0.222
1681555609115,2023-04-15T12.46.49.115,3.390,-0.990,0.158,-0.265
1681555609125,2023-04-15T12.46.49.125,3.400,-1.025,0.165,-0.285
1681555609135,2023-04-15T12.46.49.135,3.410,-1.056,0.162,-0.271
1681555609145,2023-04-15T12.46.49.145,3.420,-1.089,0.119,-0.235
1681555609155,2023-04-15T12.46.49.155,3.430,-1.090,0.068,-0.158
1681555609165,2023-04-15T12.46.49.165,3.440,-1.049,0.059,-0.097
1681555609175,2023-04-15T12.46.49.175,3.450,-0.983,0.110,-0.074
1681555609185,2023-04-15T12.46.49.185,3.460,-0.938,0.182,-0.105
1681555609195,2023-04-15T12.46.49.195,3.470,-0.949,0.245,-0.136
1681555609205,2023-04-15T12.46.49.205,3.480,-0.982,0.285,-0.143
1681555609215,2023-04-15T12.46.49.215,3.490,-1.020,0.322,-0.127
1681555609225,2023-04-15T12.46.49.225,3.500,-1.044,0.338,-0.104
1681555609235,2023-04-15T12.46.49.235,3.510,-1.039,0.322,-0.080
1681555609245,2023-04-15T12.46.49.245,3.520,-1.022,0.281,-0.066
1681555609255,2023-04-15T12.46.49.255,3.530,-1.012,0.248,-0.075
1681555609265,2023-04-15T12.46.49.265,3.540,-1.010,0.228,-0.094
1681555609275,2023-04-15T12.46.49.275,3.550,-1.015,0.224,-0.109
1681555609285,2023-04-15T12.46.49.285,3.560,-1.023,0.229,-0.114
1681555609295,2023-04-15T12.46.49.295,3.570,-1.024,0.232,-0.113
1681555609305,2023-04-15T12.46.49.305,3.580,-1.008,0.223,-0.109
1681555609315,2023-04-15T12.46.49.315,3.590,-0.996,0.210,-0.118
1681555609325,2023-04-15T12.46.49.325,3.600,-1.009,0.193,-0.142
1681555609335,2023-04-15T12.46.49.335,3.610,-1.033,0.190,-0.184
1681555609345,2023-04-15T12.46.49.345,3.620,-1.048,0.199,-0.219
1681555609355,2023-04-15T12.46.49.355,3.630,-1.049,0.216,-0.239
1681555609365,2023-04-15T12.46.49.365,3.640,-1.049,0.232,-0.239
1681555609375,2023-04-15T12.46.49.375,3.650,-1.056,0.230,-0.219
1681555609385,2023-04-15T12.46.49.385,3.660,-1.067,0.217,-0.178
1681555609395,2023-04-15T12.46.49.395,3.670,-1.081,0.195,-0.123
1681555609405,2023-04-15T12.46.49.405,3.680,-1.095,0.173,-0.052
1681555609415,2023-04-15T12.46.49.415,3.690,-1.112,0.158,0.009
1681555609425,2023-04-15T12.46.49.425,3.700,-1.110,0.144,0.042
1681555609435,2023-04-15T12.46.49.435,3.710,-1.099,0.137,0.057
1681555609445,2023-04-15T12.46.49.445,3.720,-1.116,0.127,0.057
1681555609455,2023-04-15T12.46.49.455,3.730,-1.132,0.104,0.061
1681555609465,2023-04-15T12.46.49.465,3.740,-1.137,0.089,0.073
1681555609475,2023-04-15T12.46.49.475,3.750,-1.119,0.105,0.070
1681555609485,2023-04-15T12.46.49.485,3.760,-1.036,0.142,0.043
1681555609495,2023-04-15T12.46.49.495,3.770,-0.980,0.212,-0.001
1681555609505,2023-04-15T12.46.49.505,3.780,-1.014,0.289,-0.046
1681555609515,2023-04-15T12.46.49.515,3.790,-1.099,0.360,-0.073
1681555609525,2023-04-15T12.46.49.525,3.800,-1.223,0.471,-0.071
1681555609535,2023-04-15T12.46.49.535,3.810,-1.362,0.634,-0.042
1681555609545,2023-04-15T12.46.49.545,3.820,-1.507,0.716,-0.042
1681555609555,2023-04-15T12.46.49.555,3.830,-1.607,0.583,-0.062
1681555609565,2023-04-15T12.46.49.565,3.840,-1.646,0.353,0.005
1681555609575,2023-04-15T12.46.49.575,3.850,-1.579,0.116,0.147
1681555609585,2023-04-15T12.46.49.585,3.860,-1.352,-0.254,0.236
1681555609595,2023-04-15T12.46.49.595,3.870,-1.181,-0.669,0.218
1681555609605,2023-04-15T12.46.49.605,3.880,-1.120,-0.899,0.158
1681555609615,2023-04-15T12.46.49.615,3.890,-1.243,-0.905,0.134
1681555609625,2023-04-15T12.46.49.625,3.900,-1.130,-0.673,0.206
1681555609635,2023-04-15T12.46.49.635,3.910,-0.863,-0.437,0.122
1681555609645,2023-04-15T12.46.49.645,3.920,-0.819,-0.121,-0.122
1681555609655,2023-04-15T12.46.49.655,3.930,-1.163,0.299,-0.342
1681555609665,2023-04-15T12.46.49.665,3.940,-1.510,0.755,-0.507
1681555609675,2023-04-15T12.46.49.675,3.950,-1.709,0.912,-0.775
1681555609685,2023-04-15T12.46.49.685,3.960,-1.779,0.677,-1.047
1681555609695,2023-04-15T12.46.49.695,3.970,-1.625,0.491,-1.046
1681555609705,2023-04-15T12.46.49.705,3.980,-1.325,0.494,-0.790
1681555609715,2023-04-15T12.46.49.715,3.990,-1.143,0.489,-0.536
1681555609725,2023-04-15T12.46.49.725,4.000,-1.099,0.434,-0.460
1681555609735,2023-04-15T12.46.49.735,4.010,-1.122,0.445,-0.505
1681555609745,2023-04-15T12.46.49.745,4.020,-1.142,0.510,-0.551
1681555609755,2023-04-15T12.46.49.755,4.030,-1.164,0.529,-0.605
1681555609765,2023-04-15T12.46.49.765,4.040,-1.162,0.503,-0.630
1681555609775,2023-04-15T12.46.49.775,4.050,-1.127,0.503,-0.633
1681555609785,2023-04-15T12.46.49.785,4.060,-1.087,0.503,-0.639
1681555609795,2023-04-15T12.46.49.795,4.070,-1.063,0.491,-0.649
1681555609805,2023-04-15T12.46.49.805,4.080,-1.024,0.452,-0.664
1681555609815,2023-04-15T12.46.49.815,4.090,-0.956,0.416,-0.664
1681555609825,2023-04-15T12.46.49.825,4.100,-0.898,0.392,-0.651
1681555609835,2023-04-15T12.46.49.835,4.110,-0.844,0.351,-0.641
1681555609845,2023-04-15T12.46.49.845,4.120,-0.792,0.304,-0.610
1681555609855,2023-04-15T12.46.49.855,4.130,-0.756,0.261,-0.570
1681555609865,2023-04-15T12.46.49.865,4.140,-0.738,0.202,-0.540
1681555609875,2023-04-15T12.46.49.875,4.150,-0.725,0.124,-0.509
1681555609885,2023-04-15T12.46.49.885,4.160,-0.708,0.067,-0.474
1681555609895,2023-04-15T12.46.49.895,4.170,-0.693,0.028,-0.444
1681555609905,2023-04-15T12.46.49.905,4.180,-0.671,0.006,-0.420
1681555609915,2023-04-15T12.46.49.915,4.190,-0.657,-0.023,-0.398
1681555609925,2023-04-15T12.46.49.925,4.200,-0.648,-0.063,-0.384
1681555609935,2023-04-15T12.46.49.935,4.210,-0.645,-0.100,-0.366
1681555609945,2023-04-15T12.46.49.945,4.220,-0.654,-0.125,-0.314
1681555609955,2023-04-15T12.46.49.955,4.230,-0.660,-0.112,-0.264
1681555609965,2023-04-15T12.46.49.965,4.240,-0.654,-0.114,-0.220
1681555609975,2023-04-15T12.46.49.975,4.250,-0.684,-0.135,-0.202
1681555609985,2023-04-15T12.46.49.985,4.260,-0.742,-0.138,-0.199
1681555609995,2023-04-15T12.46.49.995,4.270,-0.806,-0.121,-0.181
1681555610005,2023-04-15T12.46.50.005,4.280,-0.899,-0.106,-0.126
1681555610015,2023-04-15T12.46.50.015,4.290,-0.984,-0.115,-0.034
1681555610025,2023-04-15T12.46.50.025,4.300,-1.038,-0.107,0.123
1681555610035,2023-04-15T12.46.50.035,4.310,-1.037,-0.100,0.333
1681555610045,2023-04-15T12.46.50.045,4.320,-0.942,-0.110,0.519
1681555610055,2023-04-15T12.46.50.055,4.330,-0.823,-0.110,0.680
1681555610065,2023-04-15T12.46.50.065,4.340,-0.810,-0.126,0.847
1681555610075,2023-04-15T12.46.50.075,4.350,-0.783,-0.174,0.966
1681555610085,2023-04-15T12.46.50.085,4.360,-0.766,-0.197,1.008
1681555610095,2023-04-15T12.46.50.095,4.370,-0.850,-0.153,1.014
1681555610105,2023-04-15T12.46.50.105,4.380,-0.934,-0.108,0.923
1681555610115,2023-04-15T12.46.50.115,4.390,-0.942,-0.074,0.765
1681555610125,2023-04-15T12.46.50.125,4.400,-0.875,-0.016,0.580
1681555610135,2023-04-15T12.46.50.135,4.410,-0.798,0.054,0.373
1681555610145,2023-04-15T12.46.50.145,4.420,-0.743,0.155,0.100
1681555610155,2023-04-15T12.46.50.155,4.430,-0.839,0.291,-0.328
1681555610165,2023-04-15T12.46.50.165,4.440,-1.701,0.354,-0.709
1681555610175,2023-04-15T12.46.50.175,4.450,-2.884,0.302,-0.695
1681555610185,2023-04-15T12.46.50.185,4.460,-2.868,0.345,-0.432
1681555610195,2023-04-15T12.46.50.195,4.470,-1.801,0.245,0.222
1681555610205,2023-04-15T12.46.50.205,4.480,-0.837,0.155,0.604
1681555610215,2023-04-15T12.46.50.215,4.490,-0.459,-0.066,0.464
1681555610235,2023-04-15T12.46.50.235,4.510,-0.911,-0.115,-0.261
1681555610245,2023-04-15T12.46.50.245,4.520,-1.057,0.150,-0.407
1681555610275,2023-04-15T12.46.50.275,4.550,-0.994,0.190,-0.152
1681555610285,2023-04-15T12.46.50.285,4.560,-0.961,0.076,-0.136
1681555610335,2023-04-15T12.46.50.335,4.610,-0.929,0.228,-0.106
1681555610345,2023-04-15T12.46.50.345,4.620,-0.965,0.225,-0.122
1681555610355,2023-04-15T12.46.50.355,4.630,-1.016,0.241,-0.132
1681555610365,2023-04-15T12.46.50.365,4.640,-1.047,0.273,-0.123
1681555610375,2023-04-15T12.46.50.375,4.650,-1.056,0.309,-0.085
1681555610385,2023-04-15T12.46.50.385,4.660,-1.059,0.346,-0.044
1681555610395,2023-04-15T12.46.50.395,4.670,-1.051,0.363,-0.004
1681555610405,2023-04-15T12.46.50.405,4.680,-1.035,0.347,0.031
1681555610415,2023-04-15T12.46.50.415,4.690,-1.038,0.320,0.066
1681555610425,2023-04-15T12.46.50.425,4.700,-1.072,0.283,0.099
1681555610435,2023-04-15T12.46.50.435,4.710,-1.095,0.234,0.119
1681555610445,2023-04-15T12.46.50.445,4.720,-1.101,0.182,0.125
1681555610455,2023-04-15T12.46.50.455,4.730,-1.081,0.152,0.113
1681555610465,2023-04-15T12.46.50.465,4.740,-1.044,0.153,0.073
1681555610475,2023-04-15T12.46.50.475,4.750,-1.008,0.164,0.008
1681555610485,2023-04-15T12.46.50.485,4.760,-0.998,0.185,-0.080
1681555610495,2023-04-15T12.46.50.495,4.770,-1.005,0.201,-0.165
1681555610505,2023-04-15T12.46.50.505,4.780,-1.011,0.205,-0.226
1681555610515,2023-04-15T12.46.50.515,4.790,-1.018,0.206,-0.254
1681555610525,2023-04-15T12.46.50.525,4.800,-1.031,0.198,-0.252
1681555610535,2023-04-15T12.46.50.535,4.810,-1.036,0.201,-0.227
1681555610545,2023-04-15T12.46.50.545,4.820,-1.048,0.199,-0.208
1681555610565,2023-04-15T12.46.50.565,4.840,-1.147,0.179,-0.160
1681555610575,2023-04-15T12.46.50.575,4.850,-1.114,0.209,-0.112
1681555610585,2023-04-15T12.46.50.585,4.860,-1.069,0.250,-0.063
1681555610595,2023-04-15T12.46.50.595,4.870,-1.037,0.261,-0.032
1681555610605,2023-04-15T12.46.50.605,4.880,-1.020,0.218,-0.037
1681555610615,2023-04-15T12.46.50.615,4.890,-1.020,0.151,-0.040
1681555610625,2023-04-15T12.46.50.625,4.900,-1.041,0.129,-0.046
1681555610635,2023-04-15T12.46.50.635,4.910,-1.088,0.139,-0.061
1681555610645,2023-04-15T12.46.50.645,4.920,-1.101,0.165,-0.078
1681555610655,2023-04-15T12.46.50.655,4.930,-1.096,0.211,-0.097
1681555610665,2023-04-15T12.46.50.665,4.940,-1.112,0.258,-0.113
1681555610675,2023-04-15T12.46.50.675,4.950,-1.138,0.318,-0.104
1681555610685,2023-04-15T12.46.50.685,4.960,-1.210,0.439,-0.059
1681555610695,2023-04-15T12.46.50.695,4.970,-1.407,0.605,-0.006
1681555610705,2023-04-15T12.46.50.705,4.980,-1.607,0.605,0.031
1681555610715,2023-04-15T12.46.50.715,4.990,-1.664,0.375,0.086
1681555610725,2023-04-15T12.46.50.725,5.000,-1.491,0.123,0.280
1681555610735,2023-04-15T12.46.50.735,5.010,-1.184,-0.240,0.356
1681555610745,2023-04-15T12.46.50.745,5.020,-1.194,-0.597,0.266
1681555610755,2023-04-15T12.46.50.755,5.030,-1.230,-0.747,0.217
1681555610765,2023-04-15T12.46.50.765,5.040,-1.303,-0.740,0.177
1681555610775,2023-04-15T12.46.50.775,5.050,-1.162,-0.551,0.180
1681555610785,2023-04-15T12.46.50.785,5.060,-1.048,-0.281,0.021
1681555610795,2023-04-15T12.46.50.795,5.070,-1.129,-0.032,-0.282
1681555610805,2023-04-15T12.46.50.805,5.080,-1.573,0.218,-0.640
1681555610815,2023-04-15T12.46.50.815,5.090,-1.790,0.504,-0.853
1681555610825,2023-04-15T12.46.50.825,5.100,-1.709,0.633,-0.922
1681555610835,2023-04-15T12.46.50.835,5.110,-1.537,0.499,-0.839
1681555610845,2023-04-15T12.46.50.845,5.120,-1.287,0.308,-0.690
1681555610855,2023-04-15T12.46.50.855,5.130,-1.155,0.164,-0.562
1681555610865,2023-04-15T12.46.50.865,5.140,-1.108,0.140,-0.492
1681555610875,2023-04-15T12.46.50.875,5.150,-1.127,0.176,-0.490
1681555610885,2023-04-15T12.46.50.885,5.160,-1.185,0.214,-0.508
1681555610895,2023-04-15T12.46.50.895,5.170,-1.206,0.188,-0.594
1681555610905,2023-04-15T12.46.50.905,5.180,-1.254,0.188,-0.676
1681555610915,2023-04-15T12.46.50.915,5.190,-1.262,0.276,-0.725
1681555610925,2023-04-15T12.46.50.925,5.200,-1.224,0.367,-0.771
1681555610935,2023-04-15T12.46.50.935,5.210,-1.180,0.448,-0.792
1681555610945,2023-04-15T12.46.50.945,5.220,-1.101,0.451,-0.775
1681555610955,2023-04-15T12.46.50.955,5.230,-0.973,0.391,-0.736
1681555610965,2023-04-15T12.46.50.965,5.240,-0.899,0.403,-0.705
1681555610975,2023-04-15T12.46.50.975,5.250,-0.873,0.426,-0.719
1681555610985,2023-04-15T12.46.50.985,5.260,-0.843,0.360,-0.707
1681555610995,2023-04-15T12.46.50.995,5.270,-0.825,0.241,-0.679
1681555611005,2023-04-15T12.46.51.005,5.280,-0.812,0.141,-0.655
1681555611015,2023-04-15T12.46.51.015,5.290,-0.782,0.081,-0.609
1681555611025,2023-04-15T12.46.51.025,5.300,-0.738,0.084,-0.577
1681555611035,2023-04-15T12.46.51.035,5.310,-0.680,0.114,-0.550
1681555611045,2023-04-15T12.46.51.045,5.320,-0.634,0.138,-0.529
1681555611055,2023-04-15T12.46.51.055,5.330,-0.602,0.130,-0.511
1681555611065,2023-04-15T12.46.51.065,5.340,-0.594,0.105,-0.513
1681555611075,2023-04-15T12.46.51.075,5.350,-0.589,0.104,-0.507
1681555611085,2023-04-15T12.46.51.085,5.360,-0.580,0.128,-0.464
1681555611095,2023-04-15T12.46.51.095,5.370,-0.581,0.128,-0.438
1681555611105,2023-04-15T12.46.51.105,5.380,-0.573,0.123,-0.415
1681555611115,2023-04-15T12.46.51.115,5.390,-0.558,0.155,-0.308
1681555611125,2023-04-15T12.46.51.125,5.400,-0.574,0.193,-0.197
1681555611135,2023-04-15T12.46.51.135,5.410,-0.617,0.197,-0.169
1681555611165,2023-04-15T12.46.51.165,5.440,-1.000,-0.115,0.319
1681555611175,2023-04-15T12.46.51.175,5.450,-1.024,-0.296,0.619
1681555611185,2023-04-15T12.46.51.185,5.460,-0.927,-0.464,1.028
1681555611195,2023-04-15T12.46.51.195,5.470,-0.754,-0.583,1.347
1681555611205,2023-04-15T12.46.51.205,5.480,-0.696,-0.578,1.454
1681555611215,2023-04-15T12.46.51.215,5.490,-0.851,-0.465,1.377
1681555611225,2023-04-15T12.46.51.225,5.500,-0.956,-0.341,1.124
1681555611235,2023-04-15T12.46.51.235,5.510,-0.864,-0.198,0.844
1681555611245,2023-04-15T12.46.51.245,5.520,-0.695,-0.045,0.561
1681555611255,2023-04-15T12.46.51.255,5.530,-0.562,0.093,0.083
1681555611265,2023-04-15T12.46.51.265,5.540,-1.145,0.251,-0.566
1681555611275,2023-04-15T12.46.51.275,5.550,-2.901,0.296,-0.907
1681555611285,2023-04-15T12.46.51.285,5.560,-3.423,0.561,-0.979
1681555611295,2023-04-15T12.46.51.295,5.570,-2.386,0.563,-0.413
1681555611305,2023-04-15T12.46.51.305,5.580,-1.074,0.137,0.405
1681555611315,2023-04-15T12.46.51.315,5.590,-0.599,-0.180,0.560
1681555611325,2023-04-15T12.46.51.325,5.600,-0.527,-0.314,0.334
1681555611335,2023-04-15T12.46.51.335,5.610,-0.622,-0.211,0.073
1681555611345,2023-04-15T12.46.51.345,5.620,-0.817,-0.048,-0.208
1681555611355,2023-04-15T12.46.51.355,5.630,-0.964,0.145,-0.459
1681555611365,2023-04-15T12.46.51.365,5.640,-1.010,0.294,-0.548
1681555611375,2023-04-15T12.46.51.375,5.650,-0.978,0.364,-0.452
1681555611395,2023-04-15T12.46.51.395,5.670,-0.897,0.127,0.059
1681555611405,2023-04-15T12.46.51.405,5.680,-0.859,0.102,0.074
1681555611435,2023-04-15T12.46.51.435,5.710,-0.995,0.383,0.097
1681555611445,2023-04-15T12.46.51.445,5.720,-0.926,0.335,0.058
1681555611455,2023-04-15T12.46.51.455,5.730,-0.904,0.259,-0.038
1681555611465,2023-04-15T12.46.51.465,5.740,-0.921,0.208,-0.146
1681555611475,2023-04-15T12.46.51.475,5.750,-0.946,0.183,-0.217
1681555611485,2023-04-15T12.46.51.485,5.760,-0.971,0.184,-0.244
1681555611495,2023-04-15T12.46.51.495,5.770,-0.991,0.193,-0.256
1681555611505,2023-04-15T12.46.51.505,5.780,-1.012,0.185,-0.275
1681555611525,2023-04-15T12.46.51.525,5.800,-1.016,0.290,-0.245
1681555611535,2023-04-15T12.46.51.535,5.810,-0.990,0.319,-0.219
1681555611555,2023-04-15T12.46.51.555,5.830,-0.987,0.258,-0.206
1681555611565,2023-04-15T12.46.51.565,5.840,-1.011,0.226,-0.188
1681555611575,2023-04-15T12.46.51.575,5.850,-1.035,0.202,-0.165
1681555611585,2023-04-15T12.46.51.585,5.860,-1.043,0.183,-0.151
1681555611595,2023-04-15T12.46.51.595,5.870,-1.045,0.160,-0.148
1681555611605,2023-04-15T12.46.51.605,5.880,-1.069,0.135,-0.147
1681555611615,2023-04-15T12.46.51.615,5.890,-1.088,0.130,-0.140
1681555611625,2023-04-15T12.46.51.625,5.900,-1.103,0.143,-0.125
1681555611635,2023-04-15T12.46.51.635,5.910,-1.097,0.167,-0.110
1681555611645,2023-04-15T12.46.51.645,5.920,-1.086,0.198,-0.086
1681555611655,2023-04-15T12.46.51.655,5.930,-1.098,0.214,-0.069
1681555611665,2023-04-15T12.46.51.665,5.940,-1.126,0.205,-0.041
1681555611675,2023-04-15T12.46.51.675,5.950,-1.137,0.192,0.006
1681555611685,2023-04-15T12.46.51.685,5.960,-1.110,0.194,0.049
1681555611695,2023-04-15T12.46.51.695,5.970,-1.065,0.203,0.084
1681555611705,2023-04-15T12.46.51.705,5.980,-1.052,0.204,0.105
1681555611715,2023-04-15T12.46.51.715,5.990,-1.067,0.190,0.117
1681555611725,2023-04-15T12.46.51.725,6.000,-1.075,0.182,0.128
1681555611835,2023-04-15T12.46.51.835,6.110,-1.664,0.916,-0.827
1681555611845,2023-04-15T12.46.51.845,6.120,-1.531,0.662,-0.814
1681555611855,2023-04-15T12.46.51.855,6.130,-1.339,0.370,-0.713
1681555611865,2023-04-15T12.46.51.865,6.140,-1.187,0.183,-0.592
1681555611875,2023-04-15T12.46.51.875,6.150,-1.145,0.159,-0.516
1681555611885,2023-04-15T12.46.51.885,6.160,-1.140,0.177,-0.461
1681555612035,2023-04-15T12.46.52.035,6.310,-0.964,0.022,-0.072
1681555612045,2023-04-15T12.46.52.045,6.320,-1.046,0.002,-0.015
1681555612105,2023-04-15T12.46.52.105,6.380,-0.778,-0.016,0.630
1681555612115,2023-04-15T12.46.52.115,6.390,-0.660,0.093,0.417
1681555612155,2023-04-15T12.46.52.155,6.430,-1.102,-0.509,0.656
1681555612165,2023-04-15T12.46.52.165,6.440,-0.727,-0.704,0.438
1681555612195,2023-04-15T12.46.52.195,6.470,-1.016,0.615,-0.426
1681555612205,2023-04-15T12.46.52.205,6.480,-0.954,0.722,-0.352
1681555612235,2023-04-15T12.46.52.235,6.510,-1.016,0.148,-0.186
1681555612245,2023-04-15T12.46.52.245,6.520,-1.164,0.151,-0.139
1681555612255,2023-04-15T12.46.52.255,6.530,-1.177,0.194,-0.008
1681555612265,2023-04-15T12.46.52.265,6.540,-1.098,0.244,0.119
1681555612275,2023-04-15T12.46.52.275,6.550,-0.992,0.253,0.195
1681555612285,2023-04-15T12.46.52.285,6.560,-0.920,0.245,0.159
1681555612295,2023-04-15T12.46.52.295,6.570,-0.899,0.246,0.066
1681555612305,2023-04-15T12.46.52.305,6.580,-0.922,0.238,-0.023
1681555612355,2023-04-15T12.46.52.355,6.630,-0.963,0.212,-0.106
1681555612365,2023-04-15T12.46.52.365,6.640,-0.981,0.211,-0.135
1681555612405,2023-04-15T12.46.52.405,6.680,-1.038,0.201,-0.228
1681555612415,2023-04-15T12.46.52.415,6.690,-1.069,0.172,-0.201
1681555612425,2023-04-15T12.46.52.425,6.700,-1.074,0.186,-0.130
1681555612435,2023-04-15T12.46.52.435,6.710,-1.052,0.223,-0.035
1681555612445,2023-04-15T12.46.52.445,6.720,-1.019,0.253,0.040
1681555612455,2023-04-15T12.46.52.455,6.730,-1.009,0.274,0.061
1681555612465,2023-04-15T12.46.52.465,6.740,-1.016,0.278,0.041
1681555612475,2023-04-15T12.46.52.475,6.750,-1.024,0.274,0.002
1681555612485,2023-04-15T12.46.52.485,6.760,-1.049,0.261,-0.022
1681555612495,2023-04-15T12.46.52.495,6.770,-1.088,0.248,-0.027
1681555612505,2023-04-15T12.46.52.505,6.780,-1.100,0.231,-0.020
1681555612515,2023-04-15T12.46.52.515,6.790,-1.064,0.215,0.000
1681555612525,2023-04-15T12.46.52.525,6.800,-1.023,0.197,0.011
1681555612535,2023-04-15T12.46.52.535,6.810,-1.035,0.163,0.005
1681555612545,2023-04-15T12.46.52.545,6.820,-1.106,0.134,0.010
1681555612555,2023-04-15T12.46.52.555,6.830,-1.196,0.143,0.041
1681555612565,2023-04-15T12.46.52.565,6.840,-1.208,0.146,0.075
1681555612575,2023-04-15T12.46.52.575,6.850,-1.134,0.095,0.144
1681555612585,2023-04-15T12.46.52.585,6.860,-1.011,-0.000,0.248
1681555612595,2023-04-15T12.46.52.595,6.870,-0.955,-0.072,0.284
1681555612605,2023-04-15T12.46.52.605,6.880,-1.059,-0.070,0.252
1681555612615,2023-04-15T12.46.52.615,6.890,-1.174,0.073,0.215
1681555612625,2023-04-15T12.46.52.625,6.900,-1.301,0.195,0.128
1681555612635,2023-04-15T12.46.52.635,6.910,-1.453,0.154,0.087
1681555612645,2023-04-15T12.46.52.645,6.920,-1.529,0.063,0.172
1681555612655,2023-04-15T12.46.52.655,6.930,-1.547,-0.030,0.267
1681555612665,2023-04-15T12.46.52.665,6.940,-1.531,-0.148,0.351
1681555612675,2023-04-15T12.46.52.675,6.950,-1.413,-0.209,0.392
1681555612685,2023-04-15T12.46.52.685,6.960,-1.188,-0.108,0.282
1681555612695,2023-04-15T12.46.52.695,6.970,-1.043,0.133,-0.062
1681555612705,2023-04-15T12.46.52.705,6.980,-1.121,0.393,-0.453
1681555612715,2023-04-15T12.46.52.715,6.990,-1.391,0.589,-0.683
1681555612725,2023-04-15T12.46.52.725,7.000,-1.602,0.715,-0.771
1681555612735,2023-04-15T12.46.52.735,7.010,-1.619,0.710,-0.804
1681555612745,2023-04-15T12.46.52.745,7.020,-1.545,0.618,-0.769
1681555612755,2023-04-15T12.46.52.755,7.030,-1.432,0.562,-0.726
1681555612765,2023-04-15T12.46.52.765,7.040,-1.282,0.450,-0.622
1681555612775,2023-04-15T12.46.52.775,7.050,-1.164,0.328,-0.513
1681555612785,2023-04-15T12.46.52.785,7.060,-1.109,0.264,-0.492
1681555612795,2023-04-15T12.46.52.795,7.070,-1.112,0.280,-0.538
1681555612805,2023-04-15T12.46.52.805,7.080,-1.135,0.211,-0.675
1681555612815,2023-04-15T12.46.52.815,7.090,-1.183,0.163,-0.686
1681555612825,2023-04-15T12.46.52.825,7.100,-1.187,0.344,-0.660
1681555612835,2023-04-15T12.46.52.835,7.110,-1.123,0.335,-0.755
1681555612865,2023-04-15T12.46.52.865,7.140,-0.828,0.207,-0.799
1681555612875,2023-04-15T12.46.52.875,7.150,-0.755,0.242,-0.735
1681555612895,2023-04-15T12.46.52.895,7.170,-0.690,0.017,-0.554
1681555612905,2023-04-15T12.46.52.905,7.180,-0.695,-0.027,-0.523
1681555612915,2023-04-15T12.46.52.915,7.190,-0.710,0.008,-0.479
1681555612925,2023-04-15T12.46.52.925,7.200,-0.714,0.092,-0.455
1681555612935,2023-04-15T12.46.52.935,7.210,-0.694,0.185,-0.452
1681555612945,2023-04-15T12.46.52.945,7.220,-0.671,0.252,-0.444
1681555612955,2023-04-15T12.46.52.955,7.230,-0.665,0.259,-0.439
1681555612965,2023-04-15T12.46.52.965,7.240,-0.679,0.211,-0.454
1681555613005,2023-04-15T12.46.53.005,7.280,-1.011,-0.034,0.008
1681555613015,2023-04-15T12.46.53.015,7.290,-1.152,-0.080,0.096
1681555613025,2023-04-15T12.46.53.025,7.300,-1.223,-0.187,0.231
1681555613035,2023-04-15T12.46.53.035,7.310,-1.196,-0.283,0.397
1681555613045,2023-04-15T12.46.53.045,7.320,-1.080,-0.290,0.561
1681555613055,2023-04-15T12.46.53.055,7.330,-0.932,-0.232,0.776
1681555613345,2023-04-15T12.46.53.345,7.620,-1.036,0.272,0.008
1681555613355,2023-04-15T12.46.53.355,7.630,-1.042,0.246,0.009
1681555613475,2023-04-15T12.46.53.475,7.750,-1.015,0.367,-0.049
1681555613485,2023-04-15T12.46.53.485,7.760,-1.030,0.364,-0.054
1681555613495,2023-04-15T12.46.53.495,7.770,-1.044,0.328,-0.046
1681555613505,2023-04-15T12.46.53.505,7.780,-1.064,0.277,-0.011
1681555613515,2023-04-15T12.46.53.515,7.790,-1.083,0.227,0.035
1681555613525,2023-04-15T12.46.53.525,7.800,-1.096,0.169,0.077
1681555613545,2023-04-15T12.46.53.545,7.820,-1.132,0.015,0.110
1681555613555,2023-04-15T12.46.53.555,7.830,-1.133,-0.048,0.085
1681555613585,2023-04-15T12.46.53.585,7.860,-1.187,-0.124,-0.207
1681555613595,2023-04-15T12.46.53.595,7.870,-1.181,-0.122,-0.245
1681555613605,2023-04-15T12.46.53.605,7.880,-1.187,-0.094,-0.262
1681555613615,2023-04-15T12.46.53.615,7.890,-1.179,-0.050,-0.261
1681555613625,2023-04-15T12.46.53.625,7.900,-1.148,-0.010,-0.259
1681555613635,2023-04-15T12.46.53.635,7.910,-1.105,0.007,-0.244
1681555613645,2023-04-15T12.46.53.645,7.920,-1.067,-0.003,-0.223
1681555613655,2023-04-15T12.46.53.655,7.930,-1.034,-0.003,-0.201
1681555613675,2023-04-15T12.46.53.675,7.950,-1.068,0.005,-0.142
1681555613685,2023-04-15T12.46.53.685,7.960,-1.091,0.042,-0.138
1681555613695,2023-04-15T12.46.53.695,7.970,-1.138,0.069,-0.148
1681555613705,2023-04-15T12.46.53.705,7.980,-1.222,0.131,-0.155
1681555613715,2023-04-15T12.46.53.715,7.990,-1.155,0.040,-0.197
1681555613725,2023-04-15T12.46.53.725,8.000,-1.151,0.067,-0.215
1681555613735,2023-04-15T12.46.53.735,8.010,-1.175,0.108,-0.245
1681555613745,2023-04-15T12.46.53.745,8.020,-1.200,0.144,-0.289
1681555613755,2023-04-15T12.46.53.755,8.030,-1.182,0.160,-0.318
1681555613765,2023-04-15T12.46.53.765,8.040,-1.154,0.172,-0.356
1681555613775,2023-04-15T12.46.53.775,8.050,-1.129,0.182,-0.397
1681555613785,2023-04-15T12.46.53.785,8.060,-1.100,0.178,-0.424
1681555613795,2023-04-15T12.46.53.795,8.070,-1.109,0.201,-0.462
1681555613805,2023-04-15T12.46.53.805,8.080,-1.098,0.211,-0.480
1681555613815,2023-04-15T12.46.53.815,8.090,-1.069,0.207,-0.484
1681555613825,2023-04-15T12.46.53.825,8.100,-1.067,0.213,-0.494
1681555613835,2023-04-15T12.46.53.835,8.110,-1.066,0.205,-0.487
1681555613845,2023-04-15T12.46.53.845,8.120,-1.046,0.174,-0.466
1681555613855,2023-04-15T12.46.53.855,8.130,-1.038,0.126,-0.442
1681555613865,2023-04-15T12.46.53.865,8.140,-1.021,0.091,-0.413