epoc (ms),timestamp (+0200),elapsed (s),x-axis (deg/s),y-axis (deg/s),z-axis (deg/s);;;;;
1.68156E+12;2023-04-15T12.37.52.607;0;-0.709;1.189;0.8
1.68156E+12;2023-04-15T12.37.52.617;0.01;-0.838;0.724;0.183
1.68156E+12;2023-04-15T12.37.52.627;0.02;-0.877;0.526;0.076
1.68156E+12;2023-04-15T12.37.52.637;0.03;-0.823;0.381;0.191
1.68156E+12;2023-04-15T12.37.52.647;0.04;-0.541;0.358;0.175
1.68156E+12;2023-04-15T12.37.52.657;0.05;-0.678;0.069;0.32
1.68156E+12;2023-04-15T12.37.52.667;0.06;0.244;0.663;0.015
1.68156E+12;2023-04-15T12.37.52.677;0.07;1.227;-0.015;-0.282
1.68156E+12;2023-04-15T12.37.52.687;0.08;1.38;-0.404;-0.145
1.68156E+12;2023-04-15T12.37.52.697;0.09;1.395;-0.137;-0.206
1.68156E+12;2023-04-15T12.37.52.707;0.1;1.136;-0.015;-0.282
1.68156E+12;2023-04-15T12.37.52.717;0.11;0.457;-0.053;-0.244
1.68156E+12;2023-04-15T12.37.52.727;0.12;-0.175;0.046;-0.099
1.68156E+12;2023-04-15T12.37.52.737;0.13;-0.274;0;0.175
1.68156E+12;2023-04-15T12.37.52.747;0.14;-0.282;0.03;0.183
1.68156E+12;2023-04-15T12.37.52.757;0.15;-0.335;0.305;-0.114
1.68156E+12;2023-04-15T12.37.52.767;0.16;-0.305;0.549;-0.168
1.68156E+12;2023-04-15T12.37.52.777;0.17;-0.358;0.709;-0.13
1.68156E+12;2023-04-15T12.37.52.787;0.18;-0.053;0.434;-0.145
1.68156E+12;2023-04-15T12.37.52.797;0.19;0.381;-0.259;-0.145
1.68156E+12;2023-04-15T12.37.52.807;0.2;0.617;-0.152;-0.152
1.68156E+12;2023-04-15T12.37.52.817;0.21;0.739;0.206;-0.091
1.68156E+12;2023-04-15T12.37.52.827;0.22;0.503;0.335;-0.168
1.68156E+12;2023-04-15T12.37.52.837;0.23;0.16;0.518;-0.168
1.68156E+12;2023-04-15T12.37.52.847;0.24;-0.053;0.373;-0.175
1.68156E+12;2023-04-15T12.37.52.857;0.25;-0.114;0.038;-0.122
1.68156E+12;2023-04-15T12.37.52.867;0.26;-0.107;0.16;-0.13
1.68156E+12;2023-04-15T12.37.52.877;0.27;-0.145;0.366;-0.221
1.68156E+12;2023-04-15T12.37.52.887;0.28;-0.099;0.244;-0.191
1.68156E+12;2023-04-15T12.37.52.897;0.29;-0.107;0.328;-0.191
1.68156E+12;2023-04-15T12.37.52.907;0.3;0.091;0.518;-0.229
1.68156E+12;2023-04-15T12.37.52.917;0.31;0.175;0.221;-0.206
1.68156E+12;2023-04-15T12.37.52.927;0.32;0.358;-0.038;-0.038
1.68156E+12;2023-04-15T12.37.52.937;0.33;0.655;0.099;-0.084
1.68156E+12;2023-04-15T12.37.52.947;0.34;0.93;-0.29;0.015
1.68156E+12;2023-04-15T12.37.52.957;0.35;1.037;-0.244;0.038
1.68156E+12;2023-04-15T12.37.52.967;0.36;0.495;0.069;-0.091
1.68156E+12;2023-04-15T12.37.52.977;0.37;-0.03;0.13;-0.038
1.68156E+12;2023-04-15T12.37.52.987;0.38;-0.122;0.335;-0.114
1.68156E+12;2023-04-15T12.37.52.997;0.39;-0.236;0.236;-0.13
1.68156E+12;2023-04-15T12.37.53.007;0.4;-0.099;0.107;-0.297
1.68156E+12;2023-04-15T12.37.53.017;0.41;0.046;0.221;-0.305
1.68156E+12;2023-04-15T12.37.53.027;0.42;0;0.267;-0.282
1.68156E+12;2023-04-15T12.37.53.037;0.43;-0.099;0.099;-0.396
1.68156E+12;2023-04-15T12.37.53.047;0.44;-0.93;0.678;-0.64
1.68156E+12;2023-04-15T12.37.53.057;0.45;0.114;-0.938;-0.96
1.68156E+12;2023-04-15T12.37.53.067;0.46;-0.526;-1.555;-1.166
1.68156E+12;2023-04-15T12.37.53.077;0.47;-1.372;-0.945;-0.564
1.68156E+12;2023-04-15T12.37.53.087;0.48;-2.409;-0.053;-0.023
1.68156E+12;2023-04-15T12.37.53.097;0.49;-4.123;1.402;-0.122
1.68156E+12;2023-04-15T12.37.53.107;0.5;-4.131;1.41;-0.564
1.68156E+12;2023-04-15T12.37.53.117;0.51;-1.928;-0.312;-0.678
1.68156E+12;2023-04-15T12.37.53.127;0.52;-1.288;-1.418;-0.473
1.68156E+12;2023-04-15T12.37.53.137;0.53;-2.561;-1.006;-0.739
1.68156E+12;2023-04-15T12.37.53.147;0.54;-5.175;0.061;-1.28
1.68156E+12;2023-04-15T12.37.53.157;0.55;-6.86;0.739;-1.502
1.68156E+12;2023-04-15T12.37.53.167;0.56;-7.576;1.334;-1.562
1.68156E+12;2023-04-15T12.37.53.177;0.57;-7.271;1.959;-1.204
1.68156E+12;2023-04-15T12.37.53.187;0.58;-4.87;0.808;-0.945
1.68156E+12;2023-04-15T12.37.53.197;0.59;-0.777;-0.808;-1.22
1.68156E+12;2023-04-15T12.37.53.207;0.6;2.043;-1.875;-1.357
1.68156E+12;2023-04-15T12.37.53.217;0.61;2.264;-1.806;-1.631
1.68156E+12;2023-04-15T12.37.53.227;0.62;1.105;-1.631;-2.119
1.68156E+12;2023-04-15T12.37.53.237;0.63;-0.252;-0.877;-2.066
1.68156E+12;2023-04-15T12.37.53.247;0.64;-1.25;-0.114;-2.043
1.68156E+12;2023-04-15T12.37.53.257;0.65;-1.837;0.023;-2.012
1.68156E+12;2023-04-15T12.37.53.267;0.66;-2.431;-0.259;-1.936
1.68156E+12;2023-04-15T12.37.53.277;0.67;-3.018;-1.029;-2.05
1.68156E+12;2023-04-15T12.37.53.287;0.68;-3.773;-0.998;-1.631
1.68156E+12;2023-04-15T12.37.53.297;0.69;-3.941;-0.579;-1.753
1.68156E+12;2023-04-15T12.37.53.307;0.7;-4.39;0.145;-2.241
1.68156E+12;2023-04-15T12.37.53.317;0.71;-4.322;0.907;-2.569
1.68156E+12;2023-04-15T12.37.53.327;0.72;-3.735;0.633;-2.66
1.68156E+12;2023-04-15T12.37.53.337;0.73;-3.338;0.412;-2.348
1.68156E+12;2023-04-15T12.37.53.347;0.74;-2.53;2.104;-2.5
1.68156E+12;2023-04-15T12.37.53.357;0.75;-1.319;1.562;-2.492
1.68156E+12;2023-04-15T12.37.53.367;0.76;1.738;0.267;-2.218
1.68156E+12;2023-04-15T12.37.53.377;0.77;5.785;-0.175;-2.454
1.68156E+12;2023-04-15T12.37.53.387;0.78;9.825;-0.465;-2.957
1.68156E+12;2023-04-15T12.37.53.397;0.79;13.034;-0.686;-3.377
1.68156E+12;2023-04-15T12.37.53.407;0.8;13.864;-0.373;-3.659
1.68156E+12;2023-04-15T12.37.53.417;0.81;13.102;0.29;-4.009
1.68156E+12;2023-04-15T12.37.53.427;0.82;11.928;0.351;-4.444
1.68156E+12;2023-04-15T12.37.53.437;0.83;11.052;0.175;-4.794
1.68156E+12;2023-04-15T12.37.53.447;0.84;9.688;-0.168;-4.604
1.68156E+12;2023-04-15T12.37.53.457;0.85;7.637;0.838;-4.748
1.68156E+12;2023-04-15T12.37.53.467;0.86;6.006;1.776;-5.191
1.68156E+12;2023-04-15T12.37.53.477;0.87;3.918;1.829;-5.145
1.68156E+12;2023-04-15T12.37.53.487;0.88;2.05;2.691;-5.213
1.68156E+12;2023-04-15T12.37.53.497;0.89;0.503;2.904;-5.267
1.68156E+12;2023-04-15T12.37.53.507;0.9;0.053;2.477;-5.084
1.68156E+12;2023-04-15T12.37.53.517;0.91;0.785;2.637;-4.992
1.68156E+12;2023-04-15T12.37.53.527;0.92;2.843;2.05;-4.771
1.68156E+12;2023-04-15T12.37.53.537;0.93;5.587;1.944;-4.909
1.68156E+12;2023-04-15T12.37.53.547;0.94;8.438;1.723;-4.97
1.68156E+12;2023-04-15T12.37.53.557;0.95;10.701;1.623;-4.954
1.68156E+12;2023-04-15T12.37.53.567;0.96;12.127;0.213;-4.352
1.68156E+12;2023-04-15T12.37.53.577;0.97;13.178;-0.976;-3.476
1.68156E+12;2023-04-15T12.37.53.587;0.98;14.474;-3.346;-2.485
1.68156E+12;2023-04-15T12.37.53.597;0.99;15.869;-5.015;-1.684
1.68156E+12;2023-04-15T12.37.53.607;1;15.8;-6.822;-0.579
1.68156E+12;2023-04-15T12.37.53.617;1.01;14.825;-7.332;0.541
1.68156E+12;2023-04-15T12.37.53.627;1.02;14.665;-7.546;1.761
1.68156E+12;2023-04-15T12.37.53.637;1.03;15.556;-9.177;3.125
1.68156E+12;2023-04-15T12.37.53.647;1.04;18.079;-13.643;5.457
1.68156E+12;2023-04-15T12.37.53.657;1.05;22.546;-19.192;7.812
1.68156E+12;2023-04-15T12.37.53.667;1.06;26.784;-23.986;9.748
1.68156E+12;2023-04-15T12.37.53.677;1.07;30.213;-27.363;9.748
1.68156E+12;2023-04-15T12.37.53.687;1.08;32.866;-26.509;8.91
1.68156E+12;2023-04-15T12.37.53.697;1.09;35.389;-28.552;8.559
1.68156E+12;2023-04-15T12.37.53.707;1.1;35.008;-29.809;5.282
1.68156E+12;2023-04-15T12.37.53.717;1.11;35.366;-20.884;1.547
1.68156E+12;2023-04-15T12.37.53.727;1.12;35.389;-15.107;-1.951
1.68156E+12;2023-04-15T12.37.53.737;1.13;37.774;-11.928;-3.636
1.68156E+12;2023-04-15T12.37.53.747;1.14;43.575;-12.088;-4.047
1.68156E+12;2023-04-15T12.37.53.757;1.15;50.823;-12.332;-2.95
1.68156E+12;2023-04-15T12.37.53.767;1.16;58.11;-11.09;-1.784
1.68156E+12;2023-04-15T12.37.53.777;1.17;64.291;-15.412;1.402
1.68156E+12;2023-04-15T12.37.53.787;1.18;66.09;-25.412;2.995
1.68156E+12;2023-04-15T12.37.53.797;1.19;64.284;-26.364;1.692
1.68156E+12;2023-04-15T12.37.53.807;1.2;66.654;-21.052;1.349
1.68156E+12;2023-04-15T12.37.53.817;1.21;70.16;-21.867;2.248
1.68156E+12;2023-04-15T12.37.53.827;1.22;69.619;-26.471;4.611
1.68156E+12;2023-04-15T12.37.53.837;1.23;63.582;-31.41;8.277
1.68156E+12;2023-04-15T12.37.53.847;1.24;52.965;-34.032;13.544
1.68156E+12;2023-04-15T12.37.53.857;1.25;42.21;-36.448;17.767
1.68156E+12;2023-04-15T12.37.53.867;1.26;33.811;-38.582;20.015
1.68156E+12;2023-04-15T12.37.53.877;1.27;28.064;-40.991;22.378
1.68156E+12;2023-04-15T12.37.53.887;1.28;25.93;-44.284;25.091
1.68156E+12;2023-04-15T12.37.53.897;1.29;26.677;-47.683;26.7
1.68156E+12;2023-04-15T12.37.53.907;1.3;27.645;-51.57;28.072
1.68156E+12;2023-04-15T12.37.53.917;1.31;26.73;-55.762;29.809
1.68156E+12;2023-04-15T12.37.53.927;1.32;23.636;-58.956;31.776
1.68156E+12;2023-04-15T12.37.53.937;1.33;19.809;-60.64;33.956
1.68156E+12;2023-04-15T12.37.53.947;1.34;15.465;-64.177;37.111
1.68156E+12;2023-04-15T12.37.53.957;1.35;12.721;-69.398;40.16
1.68156E+12;2023-04-15T12.37.53.967;1.36;9.2;-73.834;42.309
1.68156E+12;2023-04-15T12.37.53.977;1.37;2.873;-75.412;43.171
1.68156E+12;2023-04-15T12.37.53.987;1.38;-3.224;-77.942;44.604
1.68156E+12;2023-04-15T12.37.53.997;1.39;-7.912;-82.492;46.532
1.68156E+12;2023-04-15T12.37.54.007;1.4;-11.479;-84.154;47.454
1.68156E+12;2023-04-15T12.37.54.017;1.41;-14.748;-85.114;47.721
1.68156E+12;2023-04-15T12.37.54.027;1.42;-20.343;-82.47;46.319
1.68156E+12;2023-04-15T12.37.54.037;1.43;-28.59;-74.733;42.95
1.68156E+12;2023-04-15T12.37.54.047;1.44;-37.5;-67.317;40.793
1.68156E+12;2023-04-15T12.37.54.057;1.45;-40.427;-66.7;41.349
1.68156E+12;2023-04-15T12.37.54.067;1.46;-45.488;-69.444;38.864
1.68156E+12;2023-04-15T12.37.54.077;1.47;-51.814;-64.139;34.535
1.68156E+12;2023-04-15T12.37.54.087;1.48;-50.694;-63.468;32.363
1.68156E+12;2023-04-15T12.37.54.097;1.49;-50.008;-66.791;29.68
1.68156E+12;2023-04-15T12.37.54.107;1.5;-49.962;-64.474;26.38
1.68156E+12;2023-04-15T12.37.54.117;1.51;-45.442;-57.264;24.596
1.68156E+12;2023-04-15T12.37.54.127;1.52;-38.483;-56.639;26.22
1.68156E+12;2023-04-15T12.37.54.137;1.53;-34.215;-55.244;27.812
1.68156E+12;2023-04-15T12.37.54.147;1.54;-33.598;-42.668;24.962
1.68156E+12;2023-04-15T12.37.54.157;1.55;-30.534;-26.715;21.082
1.68156E+12;2023-04-15T12.37.54.167;1.56;-23.582;-19.253;18.773
1.68156E+12;2023-04-15T12.37.54.177;1.57;-17.79;-15.587;15.534
1.68156E+12;2023-04-15T12.37.54.187;1.58;-9.947;-9.184;12.729
1.68156E+12;2023-04-15T12.37.54.197;1.59;1.364;-1.12;11.082
1.68156E+12;2023-04-15T12.37.54.207;1.6;9.505;4.954;9.36
1.68156E+12;2023-04-15T12.37.54.217;1.61;11.875;11.227;7.729
1.68156E+12;2023-04-15T12.37.54.227;1.62;11.7;17.256;6.319
1.68156E+12;2023-04-15T12.37.54.237;1.63;10.503;24.284;4.809
1.68156E+12;2023-04-15T12.37.54.247;1.64;8.78;31.921;2.927
1.68156E+12;2023-04-15T12.37.54.257;1.65;5.808;40.48;1.242
1.68156E+12;2023-04-15T12.37.54.267;1.66;0.777;50.305;-0.938
1.68156E+12;2023-04-15T12.37.54.277;1.67;-2.881;64.642;-6.944
1.68156E+12;2023-04-15T12.37.54.287;1.68;-5.48;81.486;-15.823
1.68156E+12;2023-04-15T12.37.54.297;1.69;-10.793;97.088;-23.407
1.68156E+12;2023-04-15T12.37.54.307;1.7;-8.979;91.509;-19.482
1.68156E+12;2023-04-15T12.37.54.317;1.71;5.93;41.471;-0.884
1.68156E+12;2023-04-15T12.37.54.327;1.72;1.044;-13.514;25.732
1.68156E+12;2023-04-15T12.37.54.337;1.73;-26.966;-3.796;40.534
1.68156E+12;2023-04-15T12.37.54.347;1.74;-54.718;50.663;30.389
1.68156E+12;2023-04-15T12.37.54.357;1.75;-56.898;90.122;0.998
1.68156E+12;2023-04-15T12.37.54.367;1.76;-44.863;108.438;-29.619
1.68156E+12;2023-04-15T12.37.54.377;1.77;-31.982;120.015;-38.148
1.68156E+12;2023-04-15T12.37.54.387;1.78;-23.491;98.636;-22.744
1.68156E+12;2023-04-15T12.37.54.397;1.79;-32.431;61.547;-6.684
1.68156E+12;2023-04-15T12.37.54.407;1.8;-33.338;48.293;-1.578
1.68156E+12;2023-04-15T12.37.54.417;1.81;-18.14;56.059;-0.03
1.68156E+12;2023-04-15T12.37.54.427;1.82;4.573;62.553;1.966
1.68156E+12;2023-04-15T12.37.54.437;1.83;30.511;58.727;1.677
1.68156E+12;2023-04-15T12.37.54.447;1.84;51.494;48.887;-1.151
1.68156E+12;2023-04-15T12.37.54.457;1.85;59.154;47.271;-5.328
1.68156E+12;2023-04-15T12.37.54.467;1.86;53.209;51.128;-9.009
1.68156E+12;2023-04-15T12.37.54.477;1.87;36.921;55.595;-10.633
1.68156E+12;2023-04-15T12.37.54.487;1.88;22.538;58.3;-10.465
1.68156E+12;2023-04-15T12.37.54.497;1.89;16.585;59.154;-10.137
1.68156E+12;2023-04-15T12.37.54.507;1.9;16.105;58.712;-10.953
1.68156E+12;2023-04-15T12.37.54.517;1.91;16.593;57.241;-12.043
1.68156E+12;2023-04-15T12.37.54.527;1.92;16.181;57.896;-12.203
1.68156E+12;2023-04-15T12.37.54.537;1.93;17.965;59.314;-12.866
1.68156E+12;2023-04-15T12.37.54.547;1.94;23.155;59.093;-14.253
1.68156E+12;2023-04-15T12.37.54.557;1.95;29.672;58.255;-16.517
1.68156E+12;2023-04-15T12.37.54.567;1.96;34.002;57.454;-18.453
1.68156E+12;2023-04-15T12.37.54.577;1.97;36.09;59.299;-18.704
1.68156E+12;2023-04-15T12.37.54.587;1.98;40.328;61.059;-17.912
1.68156E+12;2023-04-15T12.37.54.597;1.99;46.982;59.116;-16.54
1.68156E+12;2023-04-15T12.37.54.607;2;52.355;55.892;-14.665
1.68156E+12;2023-04-15T12.37.54.617;2.01;53.643;51.913;-12.37
1.68156E+12;2023-04-15T12.37.54.627;2.02;50.015;51.235;-10.724
1.68156E+12;2023-04-15T12.37.54.637;2.03;42.995;52.95;-10.45
1.68156E+12;2023-04-15T12.37.54.647;2.04;36.402;50.091;-10.076
1.68156E+12;2023-04-15T12.37.54.657;2.05;32.431;45.816;-9.611
1.68156E+12;2023-04-15T12.37.54.667;2.06;31.608;44.733;-10.13
1.68156E+12;2023-04-15T12.37.54.677;2.07;32.027;44.787;-11.174
1.68156E+12;2023-04-15T12.37.54.687;2.08;32.53;45.076;-12.195
1.68156E+12;2023-04-15T12.37.54.697;2.09;34.55;43.102;-14.055
1.68156E+12;2023-04-15T12.37.54.707;2.1;34.184;40.396;-14.672
1.68156E+12;2023-04-15T12.37.54.717;2.11;28.979;39.733;-13.91
1.68156E+12;2023-04-15T12.37.54.727;2.12;21.814;40.328;-12.782
1.68156E+12;2023-04-15T12.37.54.737;2.13;16.639;41.242;-11.502
1.68156E+12;2023-04-15T12.37.54.747;2.14;14.383;43.262;-10.854
1.68156E+12;2023-04-15T12.37.54.757;2.15;14.085;45.976;-11.517
1.68156E+12;2023-04-15T12.37.54.767;2.16;15.008;46.509;-12.416
1.68156E+12;2023-04-15T12.37.54.777;2.17;15.45;47.515;-13.605
1.68156E+12;2023-04-15T12.37.54.787;2.18;13.498;49.84;-14.985
1.68156E+12;2023-04-15T12.37.54.797;2.19;9.954;52.256;-16.273
1.68156E+12;2023-04-15T12.37.54.807;2.2;6.494;54.581;-16.997
1.68156E+12;2023-04-15T12.37.54.817;2.21;4.093;57.264;-18.133
1.68156E+12;2023-04-15T12.37.54.827;2.22;3.155;58.095;-19.375
1.68156E+12;2023-04-15T12.37.54.837;2.23;2.98;57.012;-19.489
1.68156E+12;2023-04-15T12.37.54.847;2.24;3.735;56.578;-19.261
1.68156E+12;2023-04-15T12.37.54.857;2.25;5.823;57.409;-20.29
1.68156E+12;2023-04-15T12.37.54.867;2.26;9.116;58.986;-22.058
1.68156E+12;2023-04-15T12.37.54.877;2.27;12.127;60.907;-24.284
1.68156E+12;2023-04-15T12.37.54.887;2.28;14.924;61.288;-26.395
1.68156E+12;2023-04-15T12.37.54.897;2.29;17.439;59.444;-27.447
1.68156E+12;2023-04-15T12.37.54.907;2.3;19.299;57.576;-27.607
1.68156E+12;2023-04-15T12.37.54.917;2.31;21.227;55.724;-27.264
1.68156E+12;2023-04-15T12.37.54.927;2.32;23.971;53.476;-27.409
1.68156E+12;2023-04-15T12.37.54.937;2.33;26.57;52.401;-28.201
1.68156E+12;2023-04-15T12.37.54.947;2.34;28.46;50.915;-29.23
1.68156E+12;2023-04-15T12.37.54.957;2.35;30.877;47.599;-30.473
1.68156E+12;2023-04-15T12.37.54.967;2.36;33.521;44.947;-31.41
1.68156E+12;2023-04-15T12.37.54.977;2.37;35.183;43.361;-32.058
1.68156E+12;2023-04-15T12.37.54.987;2.38;36.037;40.899;-32.477
1.68156E+12;2023-04-15T12.37.54.997;2.39;36.075;37.02;-32.53
1.68156E+12;2023-04-15T12.37.55.007;2.4;35.8;33.14;-32.957
1.68156E+12;2023-04-15T12.37.55.017;2.41;35.77;29.657;-34.284
1.68156E+12;2023-04-15T12.37.55.027;2.42;35.267;28.498;-34.322
1.68156E+12;2023-04-15T12.37.55.037;2.43;31.418;22.828;-31.677
1.68156E+12;2023-04-15T12.37.55.047;2.44;23.849;7.172;-28.262
1.68156E+12;2023-04-15T12.37.55.057;2.45;19.688;-9.284;-25.122
1.68156E+12;2023-04-15T12.37.55.067;2.46;26.616;-19.062;-24.367
1.68156E+12;2023-04-15T12.37.55.077;2.47;46.166;-30.777;-24.078
1.68156E+12;2023-04-15T12.37.55.087;2.48;74.04;-60.061;-20.45
1.68156E+12;2023-04-15T12.37.55.097;2.49;77.119;-124.268;-29.108
1.68156E+12;2023-04-15T12.37.55.107;2.5;73.727;-65.152;-87.515
1.68156E+12;2023-04-15T12.37.55.117;2.51;69.428;115.663;-49.527
1.68156E+12;2023-04-15T12.37.55.127;2.52;78.857;-27.691;-20.45
1.68156E+12;2023-04-15T12.37.55.137;2.53;73.491;-59.505;-16.913
1.68156E+12;2023-04-15T12.37.55.147;2.54;70.03;-23.941;-12.027
1.68156E+12;2023-04-15T12.37.55.157;2.55;69.024;-36.898;-8.864
1.68156E+12;2023-04-15T12.37.55.167;2.56;62.005;-55.404;-2.02
1.68156E+12;2023-04-15T12.37.55.177;2.57;45.168;-66.509;4.352
1.68156E+12;2023-04-15T12.37.55.187;2.58;18.034;-69.886;11.136
1.68156E+12;2023-04-15T12.37.55.197;2.59;-4.268;-62.927;20.198
1.68156E+12;2023-04-15T12.37.55.207;2.6;-9.482;-54.809;26.38
1.68156E+12;2023-04-15T12.37.55.217;2.61;-1.7;-53.247;29.901
1.68156E+12;2023-04-15T12.37.55.227;2.62;0.953;-60.549;33.902
1.68156E+12;2023-04-15T12.37.55.237;2.63;-7.873;-73.3;41.982
1.68156E+12;2023-04-15T12.37.55.247;2.64;-22.363;-77.294;49.947
1.68156E+12;2023-04-15T12.37.55.257;2.65;-37.721;-77.226;57.21
1.68156E+12;2023-04-15T12.37.55.267;2.66;-50.549;-79.588;64.665
1.68156E+12;2023-04-15T12.37.55.277;2.67;-58.361;-84.23;71.006
1.68156E+12;2023-04-15T12.37.55.287;2.68;-60.61;-89.657;76.052
1.68156E+12;2023-04-15T12.37.55.297;2.69;-59.078;-95.389;79.428
1.68156E+12;2023-04-15T12.37.55.307;2.7;-55.945;-102.912;80.389
1.68156E+12;2023-04-15T12.37.55.317;2.71;-54.726;-110.762;80.716
1.68156E+12;2023-04-15T12.37.55.327;2.72;-55.488;-116.143;81.059
1.68156E+12;2023-04-15T12.37.55.337;2.73;-56.715;-121.326;81.12
1.68156E+12;2023-04-15T12.37.55.347;2.74;-57.561;-126.944;81.197
1.68156E+12;2023-04-15T12.37.55.357;2.75;-55.175;-132.34;80.762
1.68156E+12;2023-04-15T12.37.55.367;2.76;-49.23;-137.622;78.902
1.68156E+12;2023-04-15T12.37.55.377;2.77;-41.723;-144.832;76.684
1.68156E+12;2023-04-15T12.37.55.387;2.78;-35.381;-150.023;74.916
1.68156E+12;2023-04-15T12.37.55.397;2.79;-30.701;-152.454;74.192
1.68156E+12;2023-04-15T12.37.55.407;2.8;-27.82;-150.518;76.555
1.68156E+12;2023-04-15T12.37.55.417;2.81;-29.741;-151.555;80.686
1.68156E+12;2023-04-15T12.37.55.427;2.82;-36.532;-152.088;85.213
1.68156E+12;2023-04-15T12.37.55.437;2.83;-43.72;-147.866;89.505
1.68156E+12;2023-04-15T12.37.55.447;2.84;-46.479;-125.236;89.497
1.68156E+12;2023-04-15T12.37.55.457;2.85;-55.259;-109.588;88.095
1.68156E+12;2023-04-15T12.37.55.467;2.86;-67.355;-121.25;88.247
1.68156E+12;2023-04-15T12.37.55.477;2.87;-75.877;-147.454;89.97
1.68156E+12;2023-04-15T12.37.55.487;2.88;-76.159;-161.098;95.785
1.68156E+12;2023-04-15T12.37.55.497;2.89;-73.056;-154.108;106.585
1.68156E+12;2023-04-15T12.37.55.507;2.9;-87.515;-138.666;111.898
1.68156E+12;2023-04-15T12.37.55.517;2.91;-112.195;-129.916;101.547
1.68156E+12;2023-04-15T12.37.55.527;2.92;-128.956;-103.361;69.184
1.68156E+12;2023-04-15T12.37.55.537;2.93;-94.04;-17.027;19.291
1.68156E+12;2023-04-15T12.37.55.547;2.94;-36.25;32.904;-23.819
1.68156E+12;2023-04-15T12.37.55.557;2.95;3.46;37.843;-44.322
1.68156E+12;2023-04-15T12.37.55.567;2.96;21.479;47.683;-47.988
1.68156E+12;2023-04-15T12.37.55.577;2.97;44.505;70.823;-47.942
1.68156E+12;2023-04-15T12.37.55.587;2.98;63.659;84.55;-43.872
1.68156E+12;2023-04-15T12.37.55.597;2.99;56.875;88.559;-40.785
1.68156E+12;2023-04-15T12.37.55.607;3;2.843;148.407;-73.506
1.68156E+12;2023-04-15T12.37.55.617;3.01;-50.877;249.466;-81.136
1.68156E+12;2023-04-15T12.37.55.627;3.02;89.809;216.7;5.755
1.68156E+12;2023-04-15T12.37.55.637;3.03;47.873;-1.28;-19.596
1.68156E+12;2023-04-15T12.37.55.647;3.04;-6.57;-156.974;11.509
1.68156E+12;2023-04-15T12.37.55.657;3.05;-100.084;-93.758;7.889
1.68156E+12;2023-04-15T12.37.55.667;3.06;-89.146;113.826;27.294
1.68156E+12;2023-04-15T12.37.55.677;3.07;-43.62;200.122;15.457
1.68156E+12;2023-04-15T12.37.55.687;3.08;8.277;107.53;-42.912
1.68156E+12;2023-04-15T12.37.55.697;3.09;57.233;68.963;-59.489
1.68156E+12;2023-04-15T12.37.55.707;3.1;80.8;71.166;-46.806
1.68156E+12;2023-04-15T12.37.55.717;3.11;99.825;73.529;-29.825
1.68156E+12;2023-04-15T12.37.55.727;3.12;79.809;72.401;-16.12
1.68156E+12;2023-04-15T12.37.55.737;3.13;30.648;61.829;-16.105
1.68156E+12;2023-04-15T12.37.55.747;3.14;-0.724;68.697;-21.387
1.68156E+12;2023-04-15T12.37.55.757;3.15;-4.573;87.607;-29.177
1.68156E+12;2023-04-15T12.37.55.767;3.16;5.114;96.387;-35.297
1.68156E+12;2023-04-15T12.37.55.777;3.17;8.758;88.887;-37.995
1.68156E+12;2023-04-15T12.37.55.787;3.18;3.575;77.134;-36.364
1.68156E+12;2023-04-15T12.37.55.797;3.19;-0.107;73.064;-31.646
1.68156E+12;2023-04-15T12.37.55.807;3.2;-1.105;74.878;-26.684
1.68156E+12;2023-04-15T12.37.55.817;3.21;-2.5;77.05;-23.78
1.68156E+12;2023-04-15T12.37.55.827;3.22;-2.431;77.904;-22.752
1.68156E+12;2023-04-15T12.37.55.837;3.23;-0.846;79.771;-22.386
1.68156E+12;2023-04-15T12.37.55.847;3.24;-3.491;79.2;-23.102
1.68156E+12;2023-04-15T12.37.55.857;3.25;-8.811;78.049;-25.252
1.68156E+12;2023-04-15T12.37.55.867;3.26;-7.691;78.788;-25.046
1.68156E+12;2023-04-15T12.37.55.877;3.27;0.427;80.831;-20.747
1.68156E+12;2023-04-15T12.37.55.887;3.28;13.034;77.447;-9.855
1.68156E+12;2023-04-15T12.37.55.897;3.29;21.128;68.338;1.517
1.68156E+12;2023-04-15T12.37.55.907;3.3;20.442;64.855;5.694
1.68156E+12;2023-04-15T12.37.55.917;3.31;20.175;53.75;3.445
1.68156E+12;2023-04-15T12.37.55.927;3.32;23.117;47.691;-1.669
1.68156E+12;2023-04-15T12.37.55.937;3.33;16.944;50.816;-9.017
1.68156E+12;2023-04-15T12.37.55.947;3.34;6.418;54.649;-15.724
1.68156E+12;2023-04-15T12.37.55.957;3.35;-1.715;56.486;-19.718
1.68156E+12;2023-04-15T12.37.55.967;3.36;-5.274;69.527;-24.238
1.68156E+12;2023-04-15T12.37.55.977;3.37;-2.157;79.101;-27.744
1.68156E+12;2023-04-15T12.37.55.987;3.38;4.276;82.576;-29.512
1.68156E+12;2023-04-15T12.37.55.997;3.39;11.174;82.98;-29.741
1.68156E+12;2023-04-15T12.37.56.007;3.4;16.22;80.366;-29.527
1.68156E+12;2023-04-15T12.37.56.017;3.41;17.675;75.465;-28.666
1.68156E+12;2023-04-15T12.37.56.027;3.42;16.822;70.64;-27.797
1.68156E+12;2023-04-15T12.37.56.037;3.43;14.832;66.532;-27.233
1.68156E+12;2023-04-15T12.37.56.047;3.44;12.081;63.895;-26.562
1.68156E+12;2023-04-15T12.37.56.057;3.45;10.13;64.306;-26.311
1.68156E+12;2023-04-15T12.37.56.067;3.46;12.652;67.172;-27.927
1.68156E+12;2023-04-15T12.37.56.077;3.47;20.381;71.349;-31.463
1.68156E+12;2023-04-15T12.37.56.087;3.48;29.771;75;-35.816
1.68156E+12;2023-04-15T12.37.56.097;3.49;37.454;75.587;-39.947
1.68156E+12;2023-04-15T12.37.56.107;3.5;38.011;72.508;-41.395
1.68156E+12;2023-04-15T12.37.56.117;3.51;32.035;67.309;-39.741
1.68156E+12;2023-04-15T12.37.56.127;3.52;26.387;58.864;-38.026
1.68156E+12;2023-04-15T12.37.56.137;3.53;20.983;49.924;-38.148
1.68156E+12;2023-04-15T12.37.56.147;3.54;15.739;46.989;-40.938
1.68156E+12;2023-04-15T12.37.56.157;3.55;12.355;46.852;-43.841
1.68156E+12;2023-04-15T12.37.56.167;3.56;9.207;43.049;-42.454
1.68156E+12;2023-04-15T12.37.56.177;3.57;7.668;35.442;-37.447
1.68156E+12;2023-04-15T12.37.56.187;3.58;10.252;25.694;-33.483
1.68156E+12;2023-04-15T12.37.56.197;3.59;17.012;18.91;-31.311
1.68156E+12;2023-04-15T12.37.56.207;3.6;25.114;14.604;-28.331
1.68156E+12;2023-04-15T12.37.56.217;3.61;32.081;-1.898;-25.175
1.68156E+12;2023-04-15T12.37.56.227;3.62;42.919;-31.814;-21.006
1.68156E+12;2023-04-15T12.37.56.237;3.63;67.005;-61.12;-18.308
1.68156E+12;2023-04-15T12.37.56.247;3.64;91.059;-84.794;-23.651
1.68156E+12;2023-04-15T12.37.56.257;3.65;73.758;-142.668;-56.09
1.68156E+12;2023-04-15T12.37.56.267;3.66;106.867;-9.992;-112.271
1.68156E+12;2023-04-15T12.37.56.277;3.67;93.018;161.662;-35.274
1.68156E+12;2023-04-15T12.37.56.287;3.68;105.518;-85.008;-13.666
1.68156E+12;2023-04-15T12.37.56.297;3.69;86.174;-74.413;-12.736
1.68156E+12;2023-04-15T12.37.56.307;3.7;77.904;-26.623;-5.442
1.68156E+12;2023-04-15T12.37.56.317;3.71;64.39;-61.692;7.752
1.68156E+12;2023-04-15T12.37.56.327;3.72;34.36;-97.957;22.668
1.68156E+12;2023-04-15T12.37.56.337;3.73;-4.276;-90.008;30.892
1.68156E+12;2023-04-15T12.37.56.347;3.74;-37.34;-71.326;36.593
1.68156E+12;2023-04-15T12.37.56.357;3.75;-47.363;-58.963;39.733
1.68156E+12;2023-04-15T12.37.56.367;3.76;-31.684;-53.689;41.57
1.68156E+12;2023-04-15T12.37.56.377;3.77;-15.008;-62.546;44.337
1.68156E+12;2023-04-15T12.37.56.387;3.78;-9.809;-73.407;49.177
1.68156E+12;2023-04-15T12.37.56.397;3.79;-14.634;-76.448;55.998
1.68156E+12;2023-04-15T12.37.56.407;3.8;-24.809;-75.854;62.721
1.68156E+12;2023-04-15T12.37.56.417;3.81;-38.88;-77.005;70.503
1.68156E+12;2023-04-15T12.37.56.427;3.82;-52.317;-81.037;78.338
1.68156E+12;2023-04-15T12.37.56.437;3.83;-61.806;-86.265;84.184
1.68156E+12;2023-04-15T12.37.56.447;3.84;-64.345;-92.698;88.498
1.68156E+12;2023-04-15T12.37.56.457;3.85;-62.363;-99.466;90.709
1.68156E+12;2023-04-15T12.37.56.467;3.86;-61.997;-106.989;91.593
1.68156E+12;2023-04-15T12.37.56.477;3.87;-64.207;-114.505;92.127
1.68156E+12;2023-04-15T12.37.56.487;3.88;-68.666;-121.486;91.654
1.68156E+12;2023-04-15T12.37.56.497;3.89;-72.172;-126.761;90.259
1.68156E+12;2023-04-15T12.37.56.507;3.9;-71.029;-131.982;88.803
1.68156E+12;2023-04-15T12.37.56.517;3.91;-63.308;-136.044;86.341
1.68156E+12;2023-04-15T12.37.56.527;3.92;-55.945;-139.535;83.476
1.68156E+12;2023-04-15T12.37.56.537;3.93;-51.654;-143.681;80.884
1.68156E+12;2023-04-15T12.37.56.547;3.94;-46.601;-146.959;79.459
1.68156E+12;2023-04-15T12.37.56.557;3.95;-40.312;-149.52;79.2
1.68156E+12;2023-04-15T12.37.56.567;3.96;-39.123;-151.608;79.588
1.68156E+12;2023-04-15T12.37.56.577;3.97;-43.636;-148.986;82.835
1.68156E+12;2023-04-15T12.37.56.587;3.98;-53.178;-134.939;85.579
1.68156E+12;2023-04-15T12.37.56.597;3.99;-59.97;-106.12;88.704
1.68156E+12;2023-04-15T12.37.56.607;4;-68.163;-103.613;88.544
1.68156E+12;2023-04-15T12.37.56.617;4.01;-72.546;-132.248;87.088
1.68156E+12;2023-04-15T12.37.56.627;4.02;-78.773;-157.317;88.011
1.68156E+12;2023-04-15T12.37.56.637;4.03;-82.409;-164.276;91.006
1.68156E+12;2023-04-15T12.37.56.647;4.04;-86.677;-168.971;96.029
1.68156E+12;2023-04-15T12.37.56.657;4.05;-105.808;-160.816;96.059
1.68156E+12;2023-04-15T12.37.56.667;4.06;-122.553;-137.912;96.555
1.68156E+12;2023-04-15T12.37.56.677;4.07;-130.77;-84.276;71.288
1.68156E+12;2023-04-15T12.37.56.687;4.08;-99.794;41.753;18.239
1.68156E+12;2023-04-15T12.37.56.697;4.09;-46.517;69.383;-26.814
1.68156E+12;2023-04-15T12.37.56.707;4.1;-10.16;64.55;-49.482
1.68156E+12;2023-04-15T12.37.56.717;4.11;9.741;83.75;-46.776
1.68156E+12;2023-04-15T12.37.56.727;4.12;29.848;105.305;-41.944
1.68156E+12;2023-04-15T12.37.56.737;4.13;37.165;121.768;-40.587
1.68156E+12;2023-04-15T12.37.56.747;4.14;27.096;171.784;-49.238
1.68156E+12;2023-04-15T12.37.56.757;4.15;25.572;229.718;-38.43
1.68156E+12;2023-04-15T12.37.56.767;4.16;42.713;113.613;-18.895
1.68156E+12;2023-04-15T12.37.56.777;4.17;-2.149;-71.235;-2.896
1.68156E+12;2023-04-15T12.37.56.787;4.18;-80.998;-88.636;3.163
1.68156E+12;2023-04-15T12.37.56.797;4.19;-119.672;9.954;-6.441
1.68156E+12;2023-04-15T12.37.56.807;4.2;-53.834;199.055;12.538
1.68156E+12;2023-04-15T12.37.56.817;4.21;-22.736;157.081;-33.72
1.68156E+12;2023-04-15T12.37.56.827;4.22;19.787;69.154;-53.887
1.68156E+12;2023-04-15T12.37.56.837;4.23;49.215;77.195;-34.543
1.68156E+12;2023-04-15T12.37.56.847;4.24;82.317;84.924;-16.799
1.68156E+12;2023-04-15T12.37.56.857;4.25;85.084;81.265;-4.261
1.68156E+12;2023-04-15T12.37.56.867;4.26;54.84;63.338;-6.151
1.68156E+12;2023-04-15T12.37.56.877;4.27;31.997;62.538;-12.477
1.68156E+12;2023-04-15T12.37.56.887;4.28;28.689;76.296;-24.07
1.68156E+12;2023-04-15T12.37.56.897;4.29;36.692;86.723;-33.338
1.68156E+12;2023-04-15T12.37.56.907;4.3;36.982;88.072;-39.345
1.68156E+12;2023-04-15T12.37.56.917;4.31;22.561;88.72;-41.959
1.68156E+12;2023-04-15T12.37.56.927;4.32;0.16;93.133;-39.108
1.68156E+12;2023-04-15T12.37.56.937;4.33;-15.511;98.544;-31.989
1.68156E+12;2023-04-15T12.37.56.947;4.34;-16.128;98.521;-26.905
1.68156E+12;2023-04-15T12.37.56.957;4.35;-4.482;92.767;-25.793
1.68156E+12;2023-04-15T12.37.56.967;4.36;10.069;86.204;-24.901
1.68156E+12;2023-04-15T12.37.56.977;4.37;17.546;79.253;-25.587
1.68156E+12;2023-04-15T12.37.56.987;4.38;12.851;77.942;-28.88
1.68156E+12;2023-04-15T12.37.56.997;4.39;4.558;82.325;-30.549
1.68156E+12;2023-04-15T12.37.57.007;4.4;-3.178;83.506;-28.765
1.68156E+12;2023-04-15T12.37.57.017;4.41;-8.453;85.816;-25.076
1.68156E+12;2023-04-15T12.37.57.027;4.42;-6.326;88.605;-18.605
1.68156E+12;2023-04-15T12.37.57.037;4.43;0.267;81.928;-8.277
1.68156E+12;2023-04-15T12.37.57.047;4.44;2.317;77.477;-2.264
1.68156E+12;2023-04-15T12.37.57.057;4.45;5.724;76.372;-2.637
1.68156E+12;2023-04-15T12.37.57.067;4.46;12.98;75.739;-8.659
1.68156E+12;2023-04-15T12.37.57.077;4.47;18.041;80.846;-17.188
1.68156E+12;2023-04-15T12.37.57.087;4.48;18.46;73.742;-19.261
1.68156E+12;2023-04-15T12.37.57.097;4.49;12.447;67.98;-21.829
1.68156E+12;2023-04-15T12.37.57.107;4.5;15.419;78.003;-26.197
1.68156E+12;2023-04-15T12.37.57.117;4.51;24.954;86.684;-29.543
1.68156E+12;2023-04-15T12.37.57.127;4.52;34.459;87.973;-30.404
1.68156E+12;2023-04-15T12.37.57.137;4.53;44.101;85.884;-29.055
1.68156E+12;2023-04-15T12.37.57.147;4.54;52.081;81.334;-27.393
1.68156E+12;2023-04-15T12.37.57.157;4.55;56.829;78.323;-28.125
1.68156E+12;2023-04-15T12.37.57.167;4.56;59.497;80.061;-30.938
1.68156E+12;2023-04-15T12.37.57.177;4.57;60.465;82.386;-34.345
1.68156E+12;2023-04-15T12.37.57.187;4.58;61.082;81.044;-37.416
1.68156E+12;2023-04-15T12.37.57.197;4.59;63.377;78.201;-39.931
1.68156E+12;2023-04-15T12.37.57.207;4.6;62.485;74.139;-41.966
1.68156E+12;2023-04-15T12.37.57.217;4.61;54.024;68.498;-43.201
1.68156E+12;2023-04-15T12.37.57.227;4.62;43.674;62.63;-44.886
1.68156E+12;2023-04-15T12.37.57.237;4.63;31.517;56.311;-46.715
1.68156E+12;2023-04-15T12.37.57.247;4.64;18.369;51.341;-48.079
1.68156E+12;2023-04-15T12.37.57.257;4.65;6.852;46.867;-47.851
1.68156E+12;2023-04-15T12.37.57.267;4.66;-0.145;39.352;-44.413
1.68156E+12;2023-04-15T12.37.57.277;4.67;-0.762;30.404;-38.064
1.68156E+12;2023-04-15T12.37.57.287;4.68;2.95;20.305;-29.062
1.68156E+12;2023-04-15T12.37.57.297;4.69;1.684;-7.294;-23.88
1.68156E+12;2023-04-15T12.37.57.307;4.7;11.105;-39.169;-17.652
1.68156E+12;2023-04-15T12.37.57.317;4.71;42.043;-68.178;-13.994
1.68156E+12;2023-04-15T12.37.57.327;4.72;69.695;-94.52;-23.11
1.68156E+12;2023-04-15T12.37.57.337;4.73;38.514;-154.032;-68.62
1.68156E+12;2023-04-15T12.37.57.347;4.74;57.386;38.643;-118.293
1.68156E+12;2023-04-15T12.37.57.357;4.75;104.459;143.491;7.774
1.68156E+12;2023-04-15T12.37.57.367;4.76;140.198;-127.485;-14.184
1.68156E+12;2023-04-15T12.37.57.377;4.77;139.931;-48.773;-18.925
1.68156E+12;2023-04-15T12.37.57.387;4.78;141.265;-17.149;-5.335
1.68156E+12;2023-04-15T12.37.57.397;4.79;116.723;-83.11;14.306
1.68156E+12;2023-04-15T12.37.57.407;4.8;76.57;-121.837;29.162
1.68156E+12;2023-04-15T12.37.57.417;4.81;35.03;-102.591;35.541
1.68156E+12;2023-04-15T12.37.57.427;4.82;11.997;-66.303;41.28
1.68156E+12;2023-04-15T12.37.57.437;4.83;11.433;-58.575;48.681
1.68156E+12;2023-04-15T12.37.57.447;4.84;23.72;-72.645;52.896
1.68156E+12;2023-04-15T12.37.57.457;4.85;34.992;-75.556;54.436
1.68156E+12;2023-04-15T12.37.57.467;4.86;35.709;-76.616;59.947
1.68156E+12;2023-04-15T12.37.57.477;4.87;22.424;-75.991;67.317
1.68156E+12;2023-04-15T12.37.57.487;4.88;-1.105;-73.948;75.617
1.68156E+12;2023-04-15T12.37.57.497;4.89;-26.768;-74.466;84.428
1.68156E+12;2023-04-15T12.37.57.507;4.9;-47.896;-76.905;91.044
1.68156E+12;2023-04-15T12.37.57.517;4.91;-61.928;-77.431;95.343
1.68156E+12;2023-04-15T12.37.57.527;4.92;-71.052;-82.782;98.102
1.68156E+12;2023-04-15T12.37.57.537;4.93;-80.259;-92.774;101.044
1.68156E+12;2023-04-15T12.37.57.547;4.94;-92.119;-103.704;103.514
1.68156E+12;2023-04-15T12.37.57.557;4.95;-103.941;-114.177;105.335
1.68156E+12;2023-04-15T12.37.57.567;4.96;-114.123;-124.604;105.526
1.68156E+12;2023-04-15T12.37.57.577;4.97;-118.346;-133.216;103.956
1.68156E+12;2023-04-15T12.37.57.587;4.98;-113.285;-139.261;101.197
1.68156E+12;2023-04-15T12.37.57.597;4.99;-102.37;-142.744;98.438
1.68156E+12;2023-04-15T12.37.57.607;5;-87.828;-142.858;94.078
1.68156E+12;2023-04-15T12.37.57.617;5.01;-72.98;-145.678;89.931
1.68156E+12;2023-04-15T12.37.57.627;5.02;-60.343;-150.77;86.966
1.68156E+12;2023-04-15T12.37.57.637;5.03;-47.18;-156.921;84.505
1.68156E+12;2023-04-15T12.37.57.647;5.04;-29.863;-153.521;84.177
1.68156E+12;2023-04-15T12.37.57.657;5.05;-12.325;-129.558;84.451
1.68156E+12;2023-04-15T12.37.57.667;5.06;-0.175;-123.361;88.316
1.68156E+12;2023-04-15T12.37.57.677;5.07;4.543;-131.204;96.905
1.68156E+12;2023-04-15T12.37.57.687;5.08;9.367;-154.924;107.691
1.68156E+12;2023-04-15T12.37.57.697;5.09;13.377;-183.316;115.419
1.68156E+12;2023-04-15T12.37.57.707;5.1;-1.585;-186.562;119.032
1.68156E+12;2023-04-15T12.37.57.717;5.11;-41.875;-159.459;110.694
1.68156E+12;2023-04-15T12.37.57.727;5.12;-86.845;-116.311;105.678
1.68156E+12;2023-04-15T12.37.57.737;5.13;-121.654;-69.695;86.86
1.68156E+12;2023-04-15T12.37.57.747;5.14;-109.832;9.268;34.398
1.68156E+12;2023-04-15T12.37.57.757;5.15;-66.418;69.817;-16.227
1.68156E+12;2023-04-15T12.37.57.767;5.16;-46.273;80.236;-39.604
1.68156E+12;2023-04-15T12.37.57.777;5.17;-33.155;72.965;-39.848
1.68156E+12;2023-04-15T12.37.57.787;5.18;-10.076;89.787;-41.075
1.68156E+12;2023-04-15T12.37.57.797;5.19;6.646;128.681;-41.684
1.68156E+12;2023-04-15T12.37.57.807;5.2;16.037;167.858;-40.084
1.68156E+12;2023-04-15T12.37.57.817;5.21;13.445;194.428;-40.869
1.68156E+12;2023-04-15T12.37.57.827;5.22;5.396;99.024;-51.905
1.68156E+12;2023-04-15T12.37.57.837;5.23;4.627;-11.951;-24.314
1.68156E+12;2023-04-15T12.37.57.847;5.24;-4.886;-67.675;-7.835
1.68156E+12;2023-04-15T12.37.57.857;5.25;22.652;-8.62;9.459
1.68156E+12;2023-04-15T12.37.57.867;5.26;51.258;105.785;0.312
1.68156E+12;2023-04-15T12.37.57.877;5.27;26.463;119.809;-46.867
1.68156E+12;2023-04-15T12.37.57.887;5.28;5.61;90.556;-56.951
1.68156E+12;2023-04-15T12.37.57.897;5.29;-10.457;91.303;-39.261
1.68156E+12;2023-04-15T12.37.57.907;5.3;-1.395;117.797;-17.927
1.68156E+12;2023-04-15T12.37.57.917;5.31;-3.681;108.88;-8.026
1.68156E+12;2023-04-15T12.37.57.927;5.32;-13.811;73.521;-11.402
1.68156E+12;2023-04-15T12.37.57.937;5.33;-0.099;59.291;-14.428
1.68156E+12;2023-04-15T12.37.57.947;5.34;27.287;58.384;-23.338
1.68156E+12;2023-04-15T12.37.57.957;5.35;48.049;77.53;-33.75
1.68156E+12;2023-04-15T12.37.57.967;5.36;50.556;90.473;-41.494
1.68156E+12;2023-04-15T12.37.57.977;5.37;35.617;93.689;-42.165
1.68156E+12;2023-04-15T12.37.57.987;5.38;12.294;93.354;-37.881
1.68156E+12;2023-04-15T12.37.57.997;5.39;-3.826;95.373;-31.479
1.68156E+12;2023-04-15T12.37.58.007;5.4;-6.166;95.03;-27.165
1.68156E+12;2023-04-15T12.37.58.017;5.41;-1.174;89.87;-27.21
1.68156E+12;2023-04-15T12.37.58.027;5.42;9.322;85.053;-27.889
1.68156E+12;2023-04-15T12.37.58.037;5.43;22.248;79.893;-26.197
1.68156E+12;2023-04-15T12.37.58.047;5.44;26.22;75.724;-25.747
1.68156E+12;2023-04-15T12.37.58.057;5.45;20.922;75.831;-26.288
1.68156E+12;2023-04-15T12.37.58.067;5.46;13.521;77.386;-25.579
1.68156E+12;2023-04-15T12.37.58.077;5.47;10.709;82.302;-22.691
1.68156E+12;2023-04-15T12.37.58.087;5.48;15.816;85.572;-14.2
1.68156E+12;2023-04-15T12.37.58.097;5.49;20.77;77.591;-3.095
1.68156E+12;2023-04-15T12.37.58.107;5.5;18.544;69.2;1.898
1.68156E+12;2023-04-15T12.37.58.117;5.51;18.445;63.872;-1.075
1.68156E+12;2023-04-15T12.37.58.127;5.52;23.117;64.954;-9.299
1.68156E+12;2023-04-15T12.37.58.137;5.53;27.668;62.515;-16.814
1.68156E+12;2023-04-15T12.37.58.147;5.54;28.491;56.128;-20.236
1.68156E+12;2023-04-15T12.37.58.157;5.55;26.471;65.511;-23.407
1.68156E+12;2023-04-15T12.37.58.167;5.56;27.302;83.178;-26.509
1.68156E+12;2023-04-15T12.37.58.177;5.57;32.081;93.064;-28.902
1.68156E+12;2023-04-15T12.37.58.187;5.58;40.107;91.593;-29.657
1.68156E+12;2023-04-15T12.37.58.197;5.59;48.941;80.145;-28.91
1.68156E+12;2023-04-15T12.37.58.207;5.6;56.829;71.692;-28.216
1.68156E+12;2023-04-15T12.37.58.217;5.61;62.988;70.053;-27.95
1.68156E+12;2023-04-15T12.37.58.227;5.62;66.509;70.48;-28.003
1.68156E+12;2023-04-15T12.37.58.237;5.63;68.011;70.579;-27.957
1.68156E+12;2023-04-15T12.37.58.247;5.64;68.491;70.846;-27.591
1.68156E+12;2023-04-15T12.37.58.257;5.65;67.104;72.637;-28.666
1.68156E+12;2023-04-15T12.37.58.267;5.66;64.741;72.79;-33.361
1.68156E+12;2023-04-15T12.37.58.277;5.67;61.974;70.861;-39.268
1.68156E+12;2023-04-15T12.37.58.287;5.68;53.178;66.951;-42.569
1.68156E+12;2023-04-15T12.37.58.297;5.69;39.078;62.47;-44.116
1.68156E+12;2023-04-15T12.37.58.307;5.7;24.482;57.973;-44.466
1.68156E+12;2023-04-15T12.37.58.317;5.71;12.378;54.611;-43.537
1.68156E+12;2023-04-15T12.37.58.327;5.72;4.909;50.526;-41.12
1.68156E+12;2023-04-15T12.37.58.337;5.73;4.184;42.706;-38.087
1.68156E+12;2023-04-15T12.37.58.347;5.74;9.741;33.262;-35.373
1.68156E+12;2023-04-15T12.37.58.357;5.75;18.003;21.883;-32.759
1.68156E+12;2023-04-15T12.37.58.367;5.76;26.463;10.221;-29.947
1.68156E+12;2023-04-15T12.37.58.377;5.77;37.774;6.692;-25.389
1.68156E+12;2023-04-15T12.37.58.387;5.78;51.593;-8.643;-19.962
1.68156E+12;2023-04-15T12.37.58.397;5.79;73.331;-56.73;-13.361
1.68156E+12;2023-04-15T12.37.58.407;5.8;89.642;-110.907;-18.78
1.68156E+12;2023-04-15T12.37.58.417;5.81;55.755;-152.431;-63.453
1.68156E+12;2023-04-15T12.37.58.427;5.82;95.015;4.558;-114.322
1.68156E+12;2023-04-15T12.37.58.437;5.83;100.152;125.076;-15.183
1.68156E+12;2023-04-15T12.37.58.447;5.84;109.024;-137.95;-18.034
1.68156E+12;2023-04-15T12.37.58.457;5.85;131.585;-68.712;-16.402
1.68156E+12;2023-04-15T12.37.58.467;5.86;135.457;-15.808;-16.471
1.68156E+12;2023-04-15T12.37.58.477;5.87;114.68;-44.817;-0.305
1.68156E+12;2023-04-15T12.37.58.487;5.88;81.463;-111.052;16.944
1.68156E+12;2023-04-15T12.37.58.497;5.89;39.345;-112.401;27.439
1.68156E+12;2023-04-15T12.37.58.507;5.9;4.024;-81.921;33.605
1.68156E+12;2023-04-15T12.37.58.517;5.91;-10.412;-60.236;38.567
1.68156E+12;2023-04-15T12.37.58.527;5.92;-2.835;-66.22;42.881
1.68156E+12;2023-04-15T12.37.58.537;5.93;10.404;-76.7;43.788
1.68156E+12;2023-04-15T12.37.58.547;5.94;19.55;-78.941;46.448
1.68156E+12;2023-04-15T12.37.58.557;5.95;16.951;-76.265;51.799
1.68156E+12;2023-04-15T12.37.58.567;5.96;2.393;-73.88;57.172
1.68156E+12;2023-04-15T12.37.58.577;5.97;-18.468;-73.613;66.044
1.68156E+12;2023-04-15T12.37.58.587;5.98;-38.087;-75.564;75.556
1.68156E+12;2023-04-15T12.37.58.597;5.99;-51.448;-78.285;80.77
1.68156E+12;2023-04-15T12.37.58.607;6;-60.64;-83.14;84.581
1.68156E+12;2023-04-15T12.37.58.617;6.01;-68.62;-89.2;88.095
1.68156E+12;2023-04-15T12.37.58.627;6.02;-79.512;-98.758;91.258
1.68156E+12;2023-04-15T12.37.58.637;6.03;-92.851;-106.829;93.041
1.68156E+12;2023-04-15T12.37.58.647;6.04;-104.703;-114.703;93.506
1.68156E+12;2023-04-15T12.37.58.657;6.05;-110.465;-122.721;92.843
1.68156E+12;2023-04-15T12.37.58.667;6.06;-108.064;-128.338;90.793
1.68156E+12;2023-04-15T12.37.58.677;6.07;-99.474;-134.207;90.29
1.68156E+12;2023-04-15T12.37.58.687;6.08;-90.511;-139.078;89.413
1.68156E+12;2023-04-15T12.37.58.697;6.09;-78.941;-142.912;85.198
1.68156E+12;2023-04-15T12.37.58.707;6.1;-65.076;-145.701;79.367
1.68156E+12;2023-04-15T12.37.58.717;6.11;-56.052;-142.309;77.736
1.68156E+12;2023-04-15T12.37.58.727;6.12;-49.886;-141.837;80.076
1.68156E+12;2023-04-15T12.37.58.737;6.13;-38.72;-130.541;84.39
1.68156E+12;2023-04-15T12.37.58.747;6.14;-25.892;-112.47;87.66
1.68156E+12;2023-04-15T12.37.58.757;6.15;-19.421;-112.325;87.607
1.68156E+12;2023-04-15T12.37.58.767;6.16;-22.927;-125.297;87.98
1.68156E+12;2023-04-15T12.37.58.777;6.17;-32.294;-147.881;93.041
1.68156E+12;2023-04-15T12.37.58.787;6.18;-40.396;-162.066;101.677
1.68156E+12;2023-04-15T12.37.58.797;6.19;-50.381;-172.607;108.88
1.68156E+12;2023-04-15T12.37.58.807;6.2;-72.492;-164.52;110.213
1.68156E+12;2023-04-15T12.37.58.817;6.21;-114.451;-133.331;114.322
1.68156E+12;2023-04-15T12.37.58.827;6.22;-132.698;-73.155;92.409
1.68156E+12;2023-04-15T12.37.58.837;6.23;-92.226;12.218;32.79
1.68156E+12;2023-04-15T12.37.58.847;6.24;-44.207;60.77;-17.995
1.68156E+12;2023-04-15T12.37.58.857;6.25;-23.963;71.517;-37.645
1.68156E+12;2023-04-15T12.37.58.867;6.26;-15.183;87.63;-36.303
1.68156E+12;2023-04-15T12.37.58.877;6.27;3.91;107.858;-35.526
1.68156E+12;2023-04-15T12.37.58.887;6.28;13.308;124.931;-38.674
1.68156E+12;2023-04-15T12.37.58.897;6.29;-0.29;124.817;-44.078
1.68156E+12;2023-04-15T12.37.58.907;6.3;-61.143;185.602;-67.256
1.68156E+12;2023-04-15T12.37.58.917;6.31;-44.413;249.604;-31.905
1.68156E+12;2023-04-15T12.37.58.927;6.32;70.556;66.067;-13.079
1.68156E+12;2023-04-15T12.37.58.937;6.33;12.851;-100.968;-28.498
1.68156E+12;2023-04-15T12.37.58.947;6.34;-39.909;-94.756;-8.841
1.68156E+12;2023-04-15T12.37.58.957;6.35;-46.227;24.52;3.262
1.68156E+12;2023-04-15T12.37.58.967;6.36;-12.378;181.28;21.905
1.68156E+12;2023-04-15T12.37.58.977;6.37;-36.502;135.945;-25.274
1.68156E+12;2023-04-15T12.37.58.987;6.38;-48.887;121.166;-53.102
1.68156E+12;2023-04-15T12.37.58.997;6.39;-21.944;115.587;-39.07
1.68156E+12;2023-04-15T12.37.59.007;6.4;38.956;82.309;-19.931
1.68156E+12;2023-04-15T12.37.59.017;6.41;76.014;64.436;-9.146
1.68156E+12;2023-04-15T12.37.59.027;6.42;83.483;58.628;-14.428
1.68156E+12;2023-04-15T12.37.59.037;6.43;74.177;56.402;-23.361
1.68156E+12;2023-04-15T12.37.59.047;6.44;54.787;72.18;-27.858
1.68156E+12;2023-04-15T12.37.59.057;6.45;34.23;94.962;-33.232
1.68156E+12;2023-04-15T12.37.59.067;6.46;14.032;104.718;-34.68
1.68156E+12;2023-04-15T12.37.59.077;6.47;-0.312;96.883;-29.192
1.68156E+12;2023-04-15T12.37.59.087;6.48;1.128;82.828;-23.704
1.68156E+12;2023-04-15T12.37.59.097;6.49;17.279;74.002;-19.466
1.68156E+12;2023-04-15T12.37.59.107;6.5;34.764;71.753;-19.962
1.68156E+12;2023-04-15T12.37.59.117;6.51;45.892;78.293;-24.505
1.68156E+12;2023-04-15T12.37.59.127;6.52;46.86;82.683;-26.082
1.68156E+12;2023-04-15T12.37.59.137;6.53;33.049;79.642;-25.945
1.68156E+12;2023-04-15T12.37.59.147;6.54;16.684;79.703;-20.168
1.68156E+12;2023-04-15T12.37.59.157;6.55;6.41;79.619;-10.32
1.68156E+12;2023-04-15T12.37.59.167;6.56;4.489;73.125;-1.418
1.68156E+12;2023-04-15T12.37.59.177;6.57;8.491;68.285;2.691
1.68156E+12;2023-04-15T12.37.59.187;6.58;18.011;60.663;-0.145
1.68156E+12;2023-04-15T12.37.59.197;6.59;32.576;56.372;-8.117
1.68156E+12;2023-04-15T12.37.59.207;6.6;40.831;61.517;-16.646
1.68156E+12;2023-04-15T12.37.59.217;6.61;36.73;65.93;-24.474
1.68156E+12;2023-04-15T12.37.59.227;6.62;29.985;68.704;-28.354
1.68156E+12;2023-04-15T12.37.59.237;6.63;27.66;73.323;-29.688
1.68156E+12;2023-04-15T12.37.59.247;6.64;29.558;79.337;-29.649
1.68156E+12;2023-04-15T12.37.59.257;6.65;32.645;78.811;-28.316
1.68156E+12;2023-04-15T12.37.59.267;6.66;34.87;74.672;-26.799
1.68156E+12;2023-04-15T12.37.59.277;6.67;35.8;70.77;-26.784
1.68156E+12;2023-04-15T12.37.59.287;6.68;35.678;70.13;-26.471
1.68156E+12;2023-04-15T12.37.59.297;6.69;34.581;69.413;-25.556
1.68156E+12;2023-04-15T12.37.59.307;6.7;34.474;67.416;-25.785
1.68156E+12;2023-04-15T12.37.59.317;6.71;36.806;65.457;-27.218
1.68156E+12;2023-04-15T12.37.59.327;6.72;38.468;67.561;-29.36
1.68156E+12;2023-04-15T12.37.59.337;6.73;38.148;72.149;-32.279
1.68156E+12;2023-04-15T12.37.59.347;6.74;37.37;74.863;-35.137
1.68156E+12;2023-04-15T12.37.59.357;6.75;37.111;73.948;-36.433
1.68156E+12;2023-04-15T12.37.59.367;6.76;35.938;70.419;-36.479
1.68156E+12;2023-04-15T12.37.59.377;6.77;33.605;64.649;-36.959
1.68156E+12;2023-04-15T12.37.59.387;6.78;31.143;60.213;-37.668
1.68156E+12;2023-04-15T12.37.59.397;6.79;29.329;57.348;-39.078
1.68156E+12;2023-04-15T12.37.59.407;6.8;29.337;53.941;-41.174
1.68156E+12;2023-04-15T12.37.59.417;6.81;29.116;49.116;-42.53
1.68156E+12;2023-04-15T12.37.59.427;6.82;26.616;43.636;-40.381
1.68156E+12;2023-04-15T12.37.59.437;6.83;23.056;36.273;-34.611
1.68156E+12;2023-04-15T12.37.59.447;6.84;21.639;25.198;-28.933
1.68156E+12;2023-04-15T12.37.59.457;6.85;25.168;9.954;-25.473
1.68156E+12;2023-04-15T12.37.59.467;6.86;35.076;-1.326;-23.399
1.68156E+12;2023-04-15T12.37.59.477;6.87;52.599;-9.017;-18.78
1.68156E+12;2023-04-15T12.37.59.487;6.88;73.811;-41.326;-11.646
1.68156E+12;2023-04-15T12.37.59.497;6.89;97.203;-108.216;-9.139
1.68156E+12;2023-04-15T12.37.59.507;6.9;59.55;-173.59;-38.133
1.68156E+12;2023-04-15T12.37.59.517;6.91;53.422;-113.872;-143.201
1.68156E+12;2023-04-15T12.37.59.527;6.92;145.518;222.348;-24.604
1.68156E+12;2023-04-15T12.37.59.537;6.93;150.419;-42.691;-5.671
1.68156E+12;2023-04-15T12.37.59.547;6.94;144.809;-127.797;-38.407
1.68156E+12;2023-04-15T12.37.59.557;6.95;147.767;-18.826;-12.889
1.68156E+12;2023-04-15T12.37.59.567;6.96;131.86;-43.201;0.305
1.68156E+12;2023-04-15T12.37.59.577;6.97;98.468;-105.259;21.303
1.68156E+12;2023-04-15T12.37.59.587;6.98;51.098;-120.328;36.311
1.68156E+12;2023-04-15T12.37.59.597;6.99;7.561;-87.995;39.718
1.68156E+12;2023-04-15T12.37.59.607;7;-12.058;-58.018;39.177
1.68156E+12;2023-04-15T12.37.59.617;7.01;-4.337;-60.991;38.788
1.68156E+12;2023-04-15T12.37.59.627;7.02;12.538;-68.582;38.941
1.68156E+12;2023-04-15T12.37.59.637;7.03;23.544;-73.072;43.148
1.68156E+12;2023-04-15T12.37.59.647;7.04;21.402;-72.614;51.029
1.68156E+12;2023-04-15T12.37.59.657;7.05;4.916;-69.36;56.524
1.68156E+12;2023-04-15T12.37.59.667;7.06;-19.649;-68.933;64.497
1.68156E+12;2023-04-15T12.37.59.677;7.07;-42.317;-70.152;75.046
1.68156E+12;2023-04-15T12.37.59.687;7.08;-56.966;-72.851;82.248
1.68156E+12;2023-04-15T12.37.59.697;7.09;-63.895;-75.724;86.197
1.68156E+12;2023-04-15T12.37.59.707;7.1;-66.936;-80.892;88.491
1.68156E+12;2023-04-15T12.37.59.717;7.11;-71.677;-87.812;89.985
1.68156E+12;2023-04-15T12.37.59.727;7.12;-82.622;-95.968;91.113
1.68156E+12;2023-04-15T12.37.59.737;7.13;-96.364;-104.04;91.509
1.68156E+12;2023-04-15T12.37.59.747;7.14;-108.758;-111.761;91.913
1.68156E+12;2023-04-15T12.37.59.757;7.15;-116.349;-118.582;91.745
1.68156E+12;2023-04-15T12.37.59.767;7.16;-116.227;-123.438;91.38
1.68156E+12;2023-04-15T12.37.59.777;7.17;-109.657;-127.302;90.968
1.68156E+12;2023-04-15T12.37.59.787;7.18;-102.081;-132.066;90.518
1.68156E+12;2023-04-15T12.37.59.797;7.19;-94.573;-136.959;87.896
1.68156E+12;2023-04-15T12.37.59.807;7.2;-88.011;-139.809;84.451
1.68156E+12;2023-04-15T12.37.59.817;7.21;-79.87;-136.441;83.537
1.68156E+12;2023-04-15T12.37.59.827;7.22;-70.45;-135.335;83.697
1.68156E+12;2023-04-15T12.37.59.837;7.23;-55.785;-120.556;83.087
1.68156E+12;2023-04-15T12.37.59.847;7.24;-46.57;-111.761;81.09
1.68156E+12;2023-04-15T12.37.59.857;7.25;-40.274;-112.134;81.113
1.68156E+12;2023-04-15T12.37.59.867;7.26;-32.317;-128.552;85.488
1.68156E+12;2023-04-15T12.37.59.877;7.27;-12.98;-161.242;93.811
1.68156E+12;2023-04-15T12.37.59.887;7.28;7.035;-189.581;96.654
1.68156E+12;2023-04-15T12.37.59.897;7.29;2.454;-188.918;99.977
1.68156E+12;2023-04-15T12.37.59.907;7.3;-41.174;-136.41;103.354
1.68156E+12;2023-04-15T12.37.59.917;7.31;-80.534;-82.591;108.148
1.68156E+12;2023-04-15T12.37.59.927;7.32;-97.309;-48.453;77.157
1.68156E+12;2023-04-15T12.37.59.937;7.33;-73.178;19.558;20.229
1.68156E+12;2023-04-15T12.37.59.947;7.34;-38.011;57.462;-23.209
1.68156E+12;2023-04-15T12.37.59.957;7.35;-30.976;76.418;-40.03
1.68156E+12;2023-04-15T12.37.59.967;7.36;-22.553;88.773;-39.322
1.68156E+12;2023-04-15T12.37.59.977;7.37;-7.797;100.198;-35.168
1.68156E+12;2023-04-15T12.37.59.997;7.39;-71.936;217.995;-70.343
1.68156E+12;2023-04-15T12.38.00.007;7.4;-19.291;236.974;-19.535
1.68156E+12;2023-04-15T12.38.00.027;7.42;-77.973;-63.598;-1.151
1.68156E+12;2023-04-15T12.38.00.037;7.43;-83.986;82.21;12.172
1.68156E+12;2023-04-15T12.38.00.047;7.44;-53.483;171.502;6.921
1.68156E+12;2023-04-15T12.38.00.057;7.45;-59.2;118.216;-35.442
1.68156E+12;2023-04-15T12.38.00.067;7.46;-50.267;123.194;-43.605
1.68156E+12;2023-04-15T12.38.00.077;7.47;-4.764;104.078;-26.776
1.68156E+12;2023-04-15T12.38.00.087;7.48;49.977;67.21;-12.027
1.68156E+12;2023-04-15T12.38.00.097;7.49;76.982;53.956;-7.058
1.68156E+12;2023-04-15T12.38.00.107;7.5;80.61;50.107;-15.846
1.68156E+12;2023-04-15T12.38.00.117;7.51;69.939;57.241;-23.697
1.68156E+12;2023-04-15T12.38.00.127;7.52;52.02;76.265;-27.919
1.68156E+12;2023-04-15T12.38.00.137;7.53;32.995;90.03;-32.05
1.68156E+12;2023-04-15T12.38.00.177;7.57;28.544;80.503;-22.348
1.68156E+12;2023-04-15T12.38.00.187;7.58;24.108;76.601;-21.913
1.68156E+12;2023-04-15T12.38.00.197;7.59;14.154;76.227;-19.748
1.68156E+12;2023-04-15T12.38.00.207;7.6;7.652;81.761;-14.284
1.68156E+12;2023-04-15T12.38.00.217;7.61;7.454;75.861;-4.627
1.68156E+12;2023-04-15T12.38.00.227;7.62;12.172;65.358;5.13
1.68156E+12;2023-04-15T12.38.00.237;7.63;17.706;55.77;9.642
1.68156E+12;2023-04-15T12.38.00.247;7.64;24.146;44.444;6.387
1.68156E+12;2023-04-15T12.38.00.257;7.65;33.689;43.415;-0.709
1.68156E+12;2023-04-15T12.38.00.267;7.66;39.215;51.89;-9.085
1.68156E+12;2023-04-15T12.38.00.277;7.67;37.066;55.434;-16.28
1.68156E+12;2023-04-15T12.38.00.287;7.68;33.811;63.056;-20.739
1.68156E+12;2023-04-15T12.38.00.297;7.69;35.297;69.527;-23.735
1.68156E+12;2023-04-15T12.38.00.307;7.7;40.564;73.049;-24.992
1.68156E+12;2023-04-15T12.38.00.317;7.71;44.512;71.631;-24.047
1.68156E+12;2023-04-15T12.38.00.327;7.72;45.373;67.271;-22.256
1.68156E+12;2023-04-15T12.38.00.337;7.73;43.773;63.064;-20.579
1.68156E+12;2023-04-15T12.38.00.347;7.74;41.098;60.046;-19.466
1.68156E+12;2023-04-15T12.38.00.357;7.75;39.901;58.453;-19.383
1.68156E+12;2023-04-15T12.38.00.367;7.76;40.701;59.444;-19.992
1.68156E+12;2023-04-15T12.38.00.377;7.77;42.576;63.155;-21.745
1.68156E+12;2023-04-15T12.38.00.387;7.78;44.108;66.723;-24.642
1.68156E+12;2023-04-15T12.38.00.397;7.79;44.863;69.177;-28.224
1.68156E+12;2023-04-15T12.38.00.407;7.8;44.878;68.308;-31.761
1.68156E+12;2023-04-15T12.38.00.417;7.81;44.764;65.274;-34.39
1.68156E+12;2023-04-15T12.38.00.427;7.82;42.569;60.076;-35.305
1.68156E+12;2023-04-15T12.38.00.437;7.83;37.279;55.152;-35.457
1.68156E+12;2023-04-15T12.38.00.447;7.84;30.739;53.88;-36.357
1.68156E+12;2023-04-15T12.38.00.457;7.85;26.128;53.948;-38.674
1.68156E+12;2023-04-15T12.38.00.467;7.86;23.186;52.104;-41.471
1.68156E+12;2023-04-15T12.38.00.477;7.87;19.863;48.887;-42.584
1.68156E+12;2023-04-15T12.38.00.487;7.88;14.375;43.872;-40.572
1.68156E+12;2023-04-15T12.38.00.497;7.89;10.091;37.53;-36.966
1.68156E+12;2023-04-15T12.38.00.507;7.9;10.221;28.872;-33.255
1.68156E+12;2023-04-15T12.38.00.517;7.91;16.128;18.811;-29.909
1.68156E+12;2023-04-15T12.38.00.527;7.92;27.79;12.226;-26.402
1.68156E+12;2023-04-15T12.38.00.537;7.93;43.3;2.157;-21.989
1.68156E+12;2023-04-15T12.38.00.547;7.94;61.044;-27.302;-16.029
1.68156E+12;2023-04-15T12.38.00.557;7.95;89.954;-75.861;-9.825
1.68156E+12;2023-04-15T12.38.00.567;7.96;91.768;-117.912;-23.171
1.68156E+12;2023-04-15T12.38.00.577;7.97;66.349;-160.854;-76.067
1.68156E+12;2023-04-15T12.38.00.587;7.98;127.515;51.944;-106.014
1.68156E+12;2023-04-15T12.38.00.597;7.99;123.758;106.311;-13.567
1.68156E+12;2023-04-15T12.38.00.607;8;112.241;-141.875;-35.373
1.68156E+12;2023-04-15T12.38.00.617;8.01;136.463;-52.805;-22.546
1.68156E+12;2023-04-15T12.38.00.627;8.02;142.256;-21.479;-25.152
1.68156E+12;2023-04-15T12.38.00.637;8.03;115.526;-36.86;-8.979
1.68156E+12;2023-04-15T12.38.00.647;8.04;78.232;-95.168;14.299
1.68156E+12;2023-04-15T12.38.00.657;8.05;30.053;-116.288;30.64
1.68156E+12;2023-04-15T12.38.00.667;8.06;-11.014;-86.105;30.244
1.68156E+12;2023-04-15T12.38.00.677;8.07;-26.105;-47.393;24.253
1.68156E+12;2023-04-15T12.38.00.687;8.08;-21.159;-47.287;24.947
1.68156E+12;2023-04-15T12.38.00.697;8.09;-8.247;-59.474;28.133
1.68156E+12;2023-04-15T12.38.00.707;8.1;0.716;-61.463;30.976
1.68156E+12;2023-04-15T12.38.00.717;8.11;-2.104;-67.691;38.598
1.68156E+12;2023-04-15T12.38.00.727;8.12;-16.997;-66.738;45.343
1.68156E+12;2023-04-15T12.38.00.737;8.13;-40.312;-66.806;51.242
1.68156E+12;2023-04-15T12.38.00.747;8.14;-62.416;-66.669;58.582
1.68156E+12;2023-04-15T12.38.00.757;8.15;-76.494;-69.268;64.84
1.68156E+12;2023-04-15T12.38.00.767;8.16;-85.511;-72.896;68.91
1.68156E+12;2023-04-15T12.38.00.777;8.17;-92.073;-76.059;70.206
1.68156E+12;2023-04-15T12.38.00.787;8.18;-99.619;-82.889;71.25
1.68156E+12;2023-04-15T12.38.00.797;8.19;-111.25;-92.508;73.979
1.68156E+12;2023-04-15T12.38.00.807;8.2;-123.415;-100.785;75.869
1.68156E+12;2023-04-15T12.38.00.817;8.21;-130.152;-105.008;75.595
1.68156E+12;2023-04-15T12.38.00.827;8.22;-128.72;-109.162;73.506
1.68156E+12;2023-04-15T12.38.00.837;8.23;-120.465;-116.944;72.706
1.68156E+12;2023-04-15T12.38.00.847;8.24;-111.814;-126.227;73.689
1.68156E+12;2023-04-15T12.38.00.857;8.25;-104.405;-134.489;74.451
1.68156E+12;2023-04-15T12.38.00.867;8.26;-99.002;-140.518;72.957
1.68156E+12;2023-04-15T12.38.00.877;8.27;-91.296;-142.881;69.459
1.68156E+12;2023-04-15T12.38.00.887;8.28;-80.473;-139.954;65.434
1.68156E+12;2023-04-15T12.38.00.897;8.29;-66.326;-131.41;64.36
1.68156E+12;2023-04-15T12.38.00.907;8.3;-53.918;-125.343;67.828
1.68156E+12;2023-04-15T12.38.00.917;8.31;-40.442;-110.991;71.197
1.68156E+12;2023-04-15T12.38.00.927;8.32;-29.002;-100.038;74.87
1.68156E+12;2023-04-15T12.38.00.937;8.33;-13.392;-105.427;78.445
1.68156E+12;2023-04-15T12.38.00.947;8.34;6.677;-109.787;81.349
1.68156E+12;2023-04-15T12.38.00.957;8.35;29.413;-110.953;87.683
1.68156E+12;2023-04-15T12.38.00.967;8.36;45.305;-107.523;96.471
1.68156E+12;2023-04-15T12.38.00.977;8.37;54.954;-102.447;111.784
1.68156E+12;2023-04-15T12.38.00.987;8.38;48.308;-101.433;122.934
1.68156E+12;2023-04-15T12.38.00.997;8.39;9.512;-95.854;110.625
1.68156E+12;2023-04-15T12.38.01.007;8.4;-17.614;-52.957;97.63
1.68156E+12;2023-04-15T12.38.01.017;8.41;-13.887;4.817;66.341
1.68156E+12;2023-04-15T12.38.01.027;8.42;16.852;35.953;13.689
1.68156E+12;2023-04-15T12.38.01.037;8.43;39.101;50.998;-16.128
1.68156E+12;2023-04-15T12.38.01.047;8.44;39.84;61.448;-23.072
1.68156E+12;2023-04-15T12.38.01.057;8.45;34.062;69.078;-26.037
1.68156E+12;2023-04-15T12.38.01.067;8.46;28.521;79.863;-32.104
1.68156E+12;2023-04-15T12.38.01.077;8.47;17.058;108.681;-41.905
1.68156E+12;2023-04-15T12.38.01.087;8.48;0.549;129.954;-48.163
1.68156E+12;2023-04-15T12.38.01.097;8.49;-25.061;85.015;-44.931
1.68156E+12;2023-04-15T12.38.01.107;8.5;-76.905;11.052;-27.34
1.68156E+12;2023-04-15T12.38.01.117;8.51;-134.047;-29.291;-1.448
1.68156E+12;2023-04-15T12.38.01.127;8.52;-161.418;-0.846;13.758
1.68156E+12;2023-04-15T12.38.01.137;8.53;-164.337;78.171;6.22
1.68156E+12;2023-04-15T12.38.01.147;8.54;-150.389;125.945;-17.363
1.68156E+12;2023-04-15T12.38.01.157;8.55;-122.744;127.439;-31.623
1.68156E+12;2023-04-15T12.38.01.167;8.56;-70.739;120.084;-23.895
1.68156E+12;2023-04-15T12.38.01.177;8.57;-8.46;102.226;-13.735
1.68156E+12;2023-04-15T12.38.01.187;8.58;39.169;76.212;-13.239
1.68156E+12;2023-04-15T12.38.01.197;8.59;66.715;45.518;-19.291
1.68156E+12;2023-04-15T12.38.01.207;8.6;77.942;28.384;-25.084
1.68156E+12;2023-04-15T12.38.01.217;8.61;73.712;34.512;-26.052
1.68156E+12;2023-04-15T12.38.01.227;8.62;53.575;46.258;-23.034
1.68156E+12;2023-04-15T12.38.01.237;8.63;26.547;54.459;-19.817
1.68156E+12;2023-04-15T12.38.01.247;8.64;4.146;64.459;-17.066
1.68156E+12;2023-04-15T12.38.01.257;8.65;-7.47;76.89;-13.659
1.68156E+12;2023-04-15T12.38.01.267;8.66;-9.383;86.867;-9.642
1.68156E+12;2023-04-15T12.38.01.277;8.67;-5.175;85.32;-6.174
1.68156E+12;2023-04-15T12.38.01.287;8.68;3.026;71.623;-6.349
1.68156E+12;2023-04-15T12.38.01.297;8.69;12.363;56.212;-10.732
1.68156E+12;2023-04-15T12.38.01.307;8.7;15.793;47.797;-16.052
1.68156E+12;2023-04-15T12.38.01.317;8.71;8.498;47.386;-19.741
1.68156E+12;2023-04-15T12.38.01.327;8.72;-7.073;49.184;-20.579
1.68156E+12;2023-04-15T12.38.01.337;8.73;-20.785;46.639;-18.178
1.68156E+12;2023-04-15T12.38.01.347;8.74;-25.366;38.354;-14.832
1.68156E+12;2023-04-15T12.38.01.357;8.75;-21.723;31.037;-13.026
1.68156E+12;2023-04-15T12.38.01.367;8.76;-14.832;29.306;-12.835
1.68156E+12;2023-04-15T12.38.01.377;8.77;-8.239;32.043;-14.032
1.68156E+12;2023-04-15T12.38.01.387;8.78;-1.883;36.989;-15.968
1.68156E+12;2023-04-15T12.38.01.397;8.79;4.428;40.465;-17.111
1.68156E+12;2023-04-15T12.38.01.407;8.8;9.832;41.227;-17.233
1.68156E+12;2023-04-15T12.38.01.417;8.81;13.628;39.688;-17.127
1.68156E+12;2023-04-15T12.38.01.427;8.82;17.988;38.11;-17.157
1.68156E+12;2023-04-15T12.38.01.437;8.83;22.142;36.159;-16.677
1.68156E+12;2023-04-15T12.38.01.447;8.84;24.459;34.291;-15.366
1.68156E+12;2023-04-15T12.38.01.457;8.85;26.113;33.727;-13.613
1.68156E+12;2023-04-15T12.38.01.467;8.86;28.521;33.201;-11.601
1.68156E+12;2023-04-15T12.38.01.477;8.87;31.12;30.183;-9.177
1.68156E+12;2023-04-15T12.38.01.487;8.88;33.476;26.006;-7.37
1.68156E+12;2023-04-15T12.38.01.497;8.89;36.524;23.209;-7.241
1.68156E+12;2023-04-15T12.38.01.507;8.9;39.535;22.424;-8.575
1.68156E+12;2023-04-15T12.38.01.517;8.91;40.823;24.398;-9.764
1.68156E+12;2023-04-15T12.38.01.527;8.92;39.284;27.058;-10.495
1.68156E+12;2023-04-15T12.38.01.537;8.93;35.495;30.838;-11.669
1.68156E+12;2023-04-15T12.38.01.547;8.94;32.05;35.915;-13.651
1.68156E+12;2023-04-15T12.38.01.557;8.95;31.776;40.053;-16.723
1.68156E+12;2023-04-15T12.38.01.567;8.96;33.011;39.939;-19.634
1.68156E+12;2023-04-15T12.38.01.577;8.97;34.558;37.835;-21.372
1.68156E+12;2023-04-15T12.38.01.587;8.98;35.282;35.381;-21.768
1.68156E+12;2023-04-15T12.38.01.597;8.99;35.854;31.822;-22.188
1.68156E+12;2023-04-15T12.38.01.607;9;37.325;29.002;-21.768
1.68156E+12;2023-04-15T12.38.01.617;9.01;40.213;24.505;-20.541
1.68156E+12;2023-04-15T12.38.01.627;9.02;44.893;16.052;-18.674
1.68156E+12;2023-04-15T12.38.01.637;9.03;49.901;7.973;-15.793
1.68156E+12;2023-04-15T12.38.01.647;9.04;54.474;2.127;-13.956
1.68156E+12;2023-04-15T12.38.01.657;9.05;60.541;-2.218;-13.902
1.68156E+12;2023-04-15T12.38.01.667;9.06;64.848;-10.404;-15.038
1.68156E+12;2023-04-15T12.38.01.677;9.07;66.113;-22.058;-16.524
1.68156E+12;2023-04-15T12.38.01.687;9.08;72.492;-27.165;-20.663
1.68156E+12;2023-04-15T12.38.01.697;9.09;90.373;-22.995;-28.819
1.68156E+12;2023-04-15T12.38.01.707;9.1;111.959;-18.887;-36.684
1.68156E+12;2023-04-15T12.38.01.717;9.11;130.114;-33.377;-36.037
1.68156E+12;2023-04-15T12.38.01.727;9.12;112.439;-78.483;-33.941
1.68156E+12;2023-04-15T12.38.01.737;9.13;74.566;-88.392;-51.578
1.68156E+12;2023-04-15T12.38.01.747;9.14;115.389;32.614;-62.683
1.68156E+12;2023-04-15T12.38.01.757;9.15;127.188;68.742;-43.369
1.68156E+12;2023-04-15T12.38.01.767;9.16;106.22;-37.431;-29.939
1.68156E+12;2023-04-15T12.38.01.777;9.17;95.221;-48.986;-13.872
1.68156E+12;2023-04-15T12.38.01.787;9.18;94.04;-21.471;-15.305
1.68156E+12;2023-04-15T12.38.01.797;9.19;89.466;-18.841;-21.852
1.68156E+12;2023-04-15T12.38.01.807;9.2;73.117;-24.604;-13.262
1.68156E+12;2023-04-15T12.38.01.817;9.21;62.104;-42.172;-0.152
1.68156E+12;2023-04-15T12.38.01.827;9.22;55.122;-55.358;7.98
1.68156E+12;2023-04-15T12.38.01.837;9.23;46.227;-58.095;12.637
1.68156E+12;2023-04-15T12.38.01.847;9.24;41.029;-55.701;15.488
1.68156E+12;2023-04-15T12.38.01.857;9.25;41.181;-57.462;19.032
1.68156E+12;2023-04-15T12.38.01.867;9.26;43.232;-59.87;22.736
1.68156E+12;2023-04-15T12.38.01.877;9.27;43.529;-59.939;25.777
1.68156E+12;2023-04-15T12.38.01.887;9.28;36.631;-61.532;29.741
1.68156E+12;2023-04-15T12.38.01.897;9.29;21.997;-60.838;33.659
1.68156E+12;2023-04-15T12.38.01.907;9.3;1.006;-57.988;38.232
1.68156E+12;2023-04-15T12.38.01.917;9.31;-23.072;-50.96;42.34
1.68156E+12;2023-04-15T12.38.01.927;9.32;-49.627;-45.976;46.707
1.68156E+12;2023-04-15T12.38.01.937;9.33;-76.959;-45.983;52.012
1.68156E+12;2023-04-15T12.38.01.947;9.34;-100.282;-45.915;55.503
1.68156E+12;2023-04-15T12.38.01.957;9.35;-115.602;-48.018;58.125
1.68156E+12;2023-04-15T12.38.01.967;9.36;-120.45;-53.338;60.48
1.68156E+12;2023-04-15T12.38.01.977;9.37;-115.473;-60.572;62.927
1.68156E+12;2023-04-15T12.38.01.987;9.38;-105.305;-72.454;63.971
1.68156E+12;2023-04-15T12.38.01.997;9.39;-93.491;-77.454;61.014
1.68156E+12;2023-04-15T12.38.02.007;9.4;-83.003;-73.704;55.823
1.68156E+12;2023-04-15T12.38.02.017;9.41;-78.605;-74.97;53.963
1.68156E+12;2023-04-15T12.38.02.027;9.42;-80.023;-76.075;54.253
1.68156E+12;2023-04-15T12.38.02.037;9.43;-82.165;-67.005;51.944
1.68156E+12;2023-04-15T12.38.02.047;9.44;-84.177;-55.694;44.703
1.68156E+12;2023-04-15T12.38.02.057;9.45;-87.675;-44.276;33.087
1.68156E+12;2023-04-15T12.38.02.067;9.46;-90.465;-28.758;22.66
1.68156E+12;2023-04-15T12.38.02.077;9.47;-90.793;-10.739;13.445
1.68156E+12;2023-04-15T12.38.02.087;9.48;-86.052;2.477;7.226
1.68156E+12;2023-04-15T12.38.02.097;9.49;-78.11;9.04;3.514
1.68156E+12;2023-04-15T12.38.02.107;9.5;-68.453;14.154;2.782
1.68156E+12;2023-04-15T12.38.02.117;9.51;-64.131;12.622;5.907
1.68156E+12;2023-04-15T12.38.02.127;9.52;-64.123;10.084;7.546
1.68156E+12;2023-04-15T12.38.02.137;9.53;-60.061;11.197;7.706
1.68156E+12;2023-04-15T12.38.02.147;9.54;-52.858;12.691;6.41
1.68156E+12;2023-04-15T12.38.02.157;9.55;-41.357;13.498;3.88
1.68156E+12;2023-04-15T12.38.02.167;9.56;-24.901;14.314;-0.602
1.68156E+12;2023-04-15T12.38.02.177;9.57;-9.36;16.288;-5.595
1.68156E+12;2023-04-15T12.38.02.187;9.58;-1.075;25.053;-11.631
1.68156E+12;2023-04-15T12.38.02.197;9.59;8.704;35.686;-17.965
1.68156E+12;2023-04-15T12.38.02.207;9.6;22.378;35.869;-23.064
1.68156E+12;2023-04-15T12.38.02.217;9.61;30.96;30.907;-23.361
1.68156E+12;2023-04-15T12.38.02.227;9.62;31.38;26.639;-18.346
1.68156E+12;2023-04-15T12.38.02.237;9.63;26.082;25.168;-11.585
1.68156E+12;2023-04-15T12.38.02.247;9.64;15.434;20.152;-4.466
1.68156E+12;2023-04-15T12.38.02.257;9.65;2.287;11.22;1.951
1.68156E+12;2023-04-15T12.38.02.267;9.66;-7.409;8.361;4.672
1.68156E+12;2023-04-15T12.38.02.277;9.67;-10.808;16.905;2.226
1.68156E+12;2023-04-15T12.38.02.287;9.68;-6.189;26.105;-2.523
1.68156E+12;2023-04-15T12.38.02.297;9.69;1.57;27.515;-6.151
1.68156E+12;2023-04-15T12.38.02.307;9.7;7.858;24.245;-6.677
1.68156E+12;2023-04-15T12.38.02.317;9.71;10.465;21.723;-5.305
1.68156E+12;2023-04-15T12.38.02.327;9.72;9.276;20.152;-3.399
1.68156E+12;2023-04-15T12.38.02.357;9.75;20.511;11.814;2.508
1.68156E+12;2023-04-15T12.38.02.367;9.76;26.555;10.107;2.576
1.68156E+12;2023-04-15T12.38.02.377;9.77;30.518;9.276;1.951
1.68156E+12;2023-04-15T12.38.02.387;9.78;30.945;9.726;1.38
1.68156E+12;2023-04-15T12.38.02.397;9.79;27.561;9.802;1.441
1.68156E+12;2023-04-15T12.38.02.407;9.8;22.309;8.636;1.395
1.68156E+12;2023-04-15T12.38.02.417;9.81;16.311;7.309;1.059
1.68156E+12;2023-04-15T12.38.02.427;9.82;10.381;7.584;-0.008
1.68156E+12;2023-04-15T12.38.02.437;9.83;4.939;9.436;-1.296
1.68156E+12;2023-04-15T12.38.02.447;9.84;-0.213;11.753;-1.738
1.68156E+12;2023-04-15T12.38.02.457;9.85;-5.236;12.995;-1.273
1.68156E+12;2023-04-15T12.38.02.467;9.86;-8.773;13.102;-0.526
1.68156E+12;2023-04-15T12.38.02.477;9.87;-10.023;12.386;0.114
1.68156E+12;2023-04-15T12.38.02.487;9.88;-9.405;11.151;0.236
1.68156E+12;2023-04-15T12.38.02.497;9.89;-7.523;10.008;0.061
1.68156E+12;2023-04-15T12.38.02.507;9.9;-4.619;9.024;-0.114
1.68156E+12;2023-04-15T12.38.02.517;9.91;-1.25;7.957;0.008
1.68156E+12;2023-04-15T12.38.02.527;9.92;1.944;6.875;0.175
1.68156E+12;2023-04-15T12.38.02.537;9.93;5.16;6.319;0.229
1.68156E+12;2023-04-15T12.38.02.547;9.94;8.613;6.059;0.442
1.68156E+12;2023-04-15T12.38.02.557;9.95;11.265;5.777;0.732
1.68156E+12;2023-04-15T12.38.02.567;9.96;11.829;5.434;1.486
1.68156E+12;2023-04-15T12.38.02.577;9.97;10.328;5.015;2.386
1.68156E+12;2023-04-15T12.38.02.587;9.98;7.538;4.954;3.003
1.68156E+12;2023-04-15T12.38.02.597;9.99;3.62;5.655;3.277
1.68156E+12;2023-04-15T12.38.02.607;10;-0.351;6.227;2.919
1.68156E+12;2023-04-15T12.38.02.617;10.01;-3.117;6.608;3.148
1.68156E+12;2023-04-15T12.38.02.627;10.02;-3.75;6.791;3.27
1.68156E+12;2023-04-15T12.38.02.637;10.03;-2.927;6.517;2.973
1.68156E+12;2023-04-15T12.38.02.647;10.04;-1.631;5.206;2.515
1.68156E+12;2023-04-15T12.38.02.657;10.05;-0.61;3.948;1.905
1.68156E+12;2023-04-15T12.38.02.667;10.06;-0.465;3.117;1.037
1.68156E+12;2023-04-15T12.38.02.677;10.07;-0.915;2.538;-0.023
1.68156E+12;2023-04-15T12.38.02.687;10.08;-1.159;2.79;-0.694
